product_id,product_name,category,sub_category,brand,price,original_price,discount_percentage,rating,review_count,stock_status,seller,warranty,skin_type,hair_type,ingredient,volume,spf,gender,features,description,purpose,image_url,product_url
900001,Plum Green Tea Face Wash,Beauty & Skincare,Face Wash,Plum,349,549,36,4.3,17155,In Stock,ShopWise Beauty,No Warranty,All Skin,Damaged Hair,Vitamin C,200 ml,N/A,Unisex,"Vitamin C, Dermatologically Tested, Paraben Free",Plum Green Tea Face Wash enriched with Vitamin C. Suitable for skin care and daily use.,Skin Care,https://example.com/images/beauty/900001.jpg,https://example.com/products/900001
900002,Plum Green Tea Face Wash,Beauty & Skincare,Face Wash,Plum,549,949,42,4.1,1156,In Stock,ShopWise Beauty,No Warranty,Oily Skin,All Hair,Hyaluronic Acid,30 ml,N/A,Unisex,"Hyaluronic Acid, Dermatologically Tested, Paraben Free",Plum Green Tea Face Wash enriched with Hyaluronic Acid. Suitable for skin care and daily use.,Skin Care,https://example.com/images/beauty/900002.jpg,https://example.com/products/900002
900003,Cetaphil Moisturizing Lotion,Beauty & Skincare,Moisturizer,Cetaphil,799,1249,36,4.4,20798,In Stock,ShopWise Beauty,No Warranty,All Skin,Oily Hair,Vitamin C,200 ml,N/A,Unisex,"Vitamin C, Dermatologically Tested, Paraben Free",Cetaphil Moisturizing Lotion enriched with Vitamin C. Suitable for hydration and daily use.,Hydration,https://example.com/images/beauty/900003.jpg,https://example.com/products/900003
900004,Mamaearth Ubtan Face Wash,Beauty & Skincare,Face Wash,Mamaearth,799,1249,36,4.8,19434,In Stock,ShopWise Beauty,No Warranty,Combination Skin,Oily Hair,Green Tea,100 ml,SPF 50,Unisex,"Green Tea, Dermatologically Tested, Paraben Free",Mamaearth Ubtan Face Wash enriched with Green Tea. Suitable for skin care and daily use.,Skin Care,https://example.com/images/beauty/900004.jpg,https://example.com/products/900004
900005,Plum Body Mist,Beauty & Skincare,Beauty,Plum,899,1299,31,4.2,7937,In Stock,ShopWise Beauty,No Warranty,Dry Skin,All Hair,Hyaluronic Acid,50 ml,N/A,Unisex,"Hyaluronic Acid, Dermatologically Tested, Paraben Free",Plum Body Mist enriched with Hyaluronic Acid. Suitable for beauty and daily use.,Beauty,https://example.com/images/beauty/900005.jpg,https://example.com/products/900005
900006,Minimalist Niacinamide Serum,Beauty & Skincare,Serum,Minimalist,1299,1649,21,4.7,9494,In Stock,ShopWise Beauty,No Warranty,Oily Skin,All Hair,Salicylic Acid,150 ml,SPF 50,Unisex,"Salicylic Acid, Dermatologically Tested, Paraben Free",Minimalist Niacinamide Serum enriched with Salicylic Acid. Suitable for skin care and daily use.,Skin Care,https://example.com/images/beauty/900006.jpg,https://example.com/products/900006
900007,Mamaearth Vitamin C Face Wash,Beauty & Skincare,Face Wash,Mamaearth,849,949,11,4.8,18924,In Stock,ShopWise Beauty,No Warranty,Oily Skin,Dry Hair,Salicylic Acid,30 ml,N/A,Unisex,"Salicylic Acid, Dermatologically Tested, Paraben Free",Mamaearth Vitamin C Face Wash enriched with Salicylic Acid. Suitable for skin care and daily use.,Skin Care,https://example.com/images/beauty/900007.jpg,https://example.com/products/900007
900008,Neutrogena Hydro Boost Gel,Beauty & Skincare,Moisturizer,Neutrogena,249,649,62,4.4,16579,In Stock,ShopWise Beauty,No Warranty,Dry Skin,Dry Hair,Salicylic Acid,250 ml,N/A,Unisex,"Salicylic Acid, Dermatologically Tested, Paraben Free",Neutrogena Hydro Boost Gel enriched with Salicylic Acid. Suitable for hydration and daily use.,Hydration,https://example.com/images/beauty/900008.jpg,https://example.com/products/900008
900009,Minimalist Niacinamide Serum,Beauty & Skincare,Serum,Minimalist,1299,1399,7,4.2,5732,In Stock,ShopWise Beauty,No Warranty,All Skin,Damaged Hair,Ceramides,100 ml,N/A,Unisex,"Ceramides, Dermatologically Tested, Paraben Free",Minimalist Niacinamide Serum enriched with Ceramides. Suitable for skin care and daily use.,Skin Care,https://example.com/images/beauty/900009.jpg,https://example.com/products/900009
900010,L'Oréal Paris Serum,Beauty & Skincare,Serum,L'Oréal,949,1299,27,4.7,2128,In Stock,ShopWise Beauty,No Warranty,Sensitive Skin,Damaged Hair,Vitamin C,250 ml,N/A,Unisex,"Vitamin C, Dermatologically Tested, Paraben Free",L'Oréal Paris Serum enriched with Vitamin C. Suitable for skin care and daily use.,Skin Care,https://example.com/images/beauty/900010.jpg,https://example.com/products/900010
900011,Mamaearth Vitamin C Face Wash,Beauty & Skincare,Face Wash,Mamaearth,399,549,27,4.6,22024,In Stock,ShopWise Beauty,No Warranty,Oily Skin,Damaged Hair,Hyaluronic Acid,50 ml,N/A,Unisex,"Hyaluronic Acid, Dermatologically Tested, Paraben Free",Mamaearth Vitamin C Face Wash enriched with Hyaluronic Acid. Suitable for skin care and daily use.,Skin Care,https://example.com/images/beauty/900011.jpg,https://example.com/products/900011
900012,L'Oréal Paris Serum,Beauty & Skincare,Serum,L'Oréal,1399,1499,7,4.8,5694,In Stock,ShopWise Beauty,No Warranty,Dry Skin,Dry Hair,Salicylic Acid,150 ml,N/A,Unisex,"Salicylic Acid, Dermatologically Tested, Paraben Free",L'Oréal Paris Serum enriched with Salicylic Acid. Suitable for skin care and daily use.,Skin Care,https://example.com/images/beauty/900012.jpg,https://example.com/products/900012
900013,Plum Body Mist,Beauty & Skincare,Beauty,Plum,399,549,27,4.2,5343,In Stock,ShopWise Beauty,No Warranty,Oily Skin,Damaged Hair,Ceramides,250 ml,SPF 30,Unisex,"Ceramides, Dermatologically Tested, Paraben Free",Plum Body Mist enriched with Ceramides. Suitable for beauty and daily use.,Beauty,https://example.com/images/beauty/900013.jpg,https://example.com/products/900013
900014,Mamaearth Ubtan Face Wash,Beauty & Skincare,Face Wash,Mamaearth,399,849,53,4.4,14519,In Stock,ShopWise Beauty,No Warranty,Combination Skin,Oily Hair,Vitamin C,250 ml,SPF 50,Unisex,"Vitamin C, Dermatologically Tested, Paraben Free",Mamaearth Ubtan Face Wash enriched with Vitamin C. Suitable for skin care and daily use.,Skin Care,https://example.com/images/beauty/900014.jpg,https://example.com/products/900014
900015,Nivea Soft Cream,Beauty & Skincare,Moisturizer,Nivea,799,899,11,4.7,6007,In Stock,ShopWise Beauty,No Warranty,Oily Skin,Dry Hair,Hyaluronic Acid,250 ml,N/A,Unisex,"Hyaluronic Acid, Dermatologically Tested, Paraben Free",Nivea Soft Cream enriched with Hyaluronic Acid. Suitable for hydration and daily use.,Hydration,https://example.com/images/beauty/900015.jpg,https://example.com/products/900015
900016,Cetaphil Gentle Skin Cleanser,Beauty & Skincare,Face Wash,Cetaphil,649,999,35,4.3,25230,In Stock,ShopWise Beauty,No Warranty,Sensitive Skin,Damaged Hair,Ceramides,30 ml,SPF 30,Unisex,"Ceramides, Dermatologically Tested, Paraben Free",Cetaphil Gentle Skin Cleanser enriched with Ceramides. Suitable for skin care and daily use.,Skin Care,https://example.com/images/beauty/900016.jpg,https://example.com/products/900016
900017,Lakme Sunscreen,Beauty & Skincare,Sunscreen,Lakme,1149,1399,18,4.3,5445,In Stock,ShopWise Beauty,No Warranty,All Skin,Oily Hair,Salicylic Acid,150 ml,SPF 30,Unisex,"Salicylic Acid, Dermatologically Tested, Paraben Free",Lakme Sunscreen enriched with Salicylic Acid. Suitable for sun protection and daily use.,Sun Protection,https://example.com/images/beauty/900017.jpg,https://example.com/products/900017
900018,Cetaphil Daily Facial Cleanser,Beauty & Skincare,Face Wash,Cetaphil,549,599,8,4.4,12372,In Stock,ShopWise Beauty,No Warranty,Sensitive Skin,Oily Hair,Salicylic Acid,150 ml,N/A,Unisex,"Salicylic Acid, Dermatologically Tested, Paraben Free",Cetaphil Daily Facial Cleanser enriched with Salicylic Acid. Suitable for skin care and daily use.,Skin Care,https://example.com/images/beauty/900018.jpg,https://example.com/products/900018
900019,L'Oréal Paris Serum,Beauty & Skincare,Serum,L'Oréal,449,649,31,4.0,12259,In Stock,ShopWise Beauty,No Warranty,Oily Skin,Dry Hair,Niacinamide,30 ml,SPF 30,Unisex,"Niacinamide, Dermatologically Tested, Paraben Free",L'Oréal Paris Serum enriched with Niacinamide. Suitable for skin care and daily use.,Skin Care,https://example.com/images/beauty/900019.jpg,https://example.com/products/900019
900020,The Derma Co Salicylic Face Wash,Beauty & Skincare,Face Wash,The Derma Co,649,1099,41,4.7,3205,In Stock,ShopWise Beauty,No Warranty,Combination Skin,Dry Hair,Niacinamide,250 ml,N/A,Unisex,"Niacinamide, Dermatologically Tested, Paraben Free",The Derma Co Salicylic Face Wash enriched with Niacinamide. Suitable for skin care and daily use.,Skin Care,https://example.com/images/beauty/900020.jpg,https://example.com/products/900020
900021,Lakme Sunscreen,Beauty & Skincare,Sunscreen,Lakme,949,1249,24,4.3,27555,In Stock,ShopWise Beauty,No Warranty,Dry Skin,Damaged Hair,Hyaluronic Acid,50 ml,SPF 30,Unisex,"Hyaluronic Acid, Dermatologically Tested, Paraben Free",Lakme Sunscreen enriched with Hyaluronic Acid. Suitable for sun protection and daily use.,Sun Protection,https://example.com/images/beauty/900021.jpg,https://example.com/products/900021
900022,Cetaphil Moisturizing Lotion,Beauty & Skincare,Moisturizer,Cetaphil,1199,1599,25,5.0,22279,In Stock,ShopWise Beauty,No Warranty,Oily Skin,All Hair,Vitamin C,100 ml,SPF 30,Unisex,"Vitamin C, Dermatologically Tested, Paraben Free",Cetaphil Moisturizing Lotion enriched with Vitamin C. Suitable for hydration and daily use.,Hydration,https://example.com/images/beauty/900022.jpg,https://example.com/products/900022
900023,Neutrogena Hydro Boost Gel,Beauty & Skincare,Moisturizer,Neutrogena,799,999,20,4.3,2701,In Stock,ShopWise Beauty,No Warranty,Sensitive Skin,Dry Hair,Vitamin C,200 ml,SPF 30,Unisex,"Vitamin C, Dermatologically Tested, Paraben Free",Neutrogena Hydro Boost Gel enriched with Vitamin C. Suitable for hydration and daily use.,Hydration,https://example.com/images/beauty/900023.jpg,https://example.com/products/900023
900024,Plum Green Tea Face Wash,Beauty & Skincare,Face Wash,Plum,549,649,15,4.3,7251,In Stock,ShopWise Beauty,No Warranty,Combination Skin,Dry Hair,Niacinamide,250 ml,N/A,Unisex,"Niacinamide, Dermatologically Tested, Paraben Free",Plum Green Tea Face Wash enriched with Niacinamide. Suitable for skin care and daily use.,Skin Care,https://example.com/images/beauty/900024.jpg,https://example.com/products/900024
900025,L'Oréal Total Repair Shampoo,Beauty & Skincare,Shampoo,L'Oréal,349,699,50,4.9,6849,In Stock,ShopWise Beauty,No Warranty,Combination Skin,Dry Hair,Ceramides,30 ml,SPF 50,Unisex,"Ceramides, Dermatologically Tested, Paraben Free",L'Oréal Total Repair Shampoo enriched with Ceramides. Suitable for hair care and daily use.,Hair Care,https://example.com/images/beauty/900025.jpg,https://example.com/products/900025
900026,Lakme 9to5 Foundation,Beauty & Skincare,Makeup,Lakme,1249,1349,7,5.0,798,In Stock,ShopWise Beauty,No Warranty,All Skin,Dry Hair,Vitamin C,200 ml,N/A,Unisex,"Vitamin C, Dermatologically Tested, Paraben Free",Lakme 9to5 Foundation enriched with Vitamin C. Suitable for makeup and daily use.,Makeup,https://example.com/images/beauty/900026.jpg,https://example.com/products/900026
900027,Mamaearth Onion Shampoo,Beauty & Skincare,Shampoo,Mamaearth,349,649,46,4.1,26327,In Stock,ShopWise Beauty,No Warranty,Oily Skin,Damaged Hair,Hyaluronic Acid,150 ml,N/A,Unisex,"Hyaluronic Acid, Dermatologically Tested, Paraben Free",Mamaearth Onion Shampoo enriched with Hyaluronic Acid. Suitable for hair care and daily use.,Hair Care,https://example.com/images/beauty/900027.jpg,https://example.com/products/900027
900028,The Derma Co Vitamin C Serum,Beauty & Skincare,Serum,The Derma Co,699,899,22,4.5,11068,In Stock,ShopWise Beauty,No Warranty,Dry Skin,All Hair,Green Tea,30 ml,N/A,Unisex,"Green Tea, Dermatologically Tested, Paraben Free",The Derma Co Vitamin C Serum enriched with Green Tea. Suitable for skin care and daily use.,Skin Care,https://example.com/images/beauty/900028.jpg,https://example.com/products/900028
900029,Nivea Face Wash,Beauty & Skincare,Face Wash,Nivea,699,849,18,4.7,11233,In Stock,ShopWise Beauty,No Warranty,Sensitive Skin,Oily Hair,Salicylic Acid,100 ml,SPF 50,Unisex,"Salicylic Acid, Dermatologically Tested, Paraben Free",Nivea Face Wash enriched with Salicylic Acid. Suitable for skin care and daily use.,Skin Care,https://example.com/images/beauty/900029.jpg,https://example.com/products/900029
900030,Plum Night Gel,Beauty & Skincare,Moisturizer,Plum,949,1049,10,4.5,7241,In Stock,ShopWise Beauty,No Warranty,All Skin,Damaged Hair,Hyaluronic Acid,100 ml,SPF 30,Unisex,"Hyaluronic Acid, Dermatologically Tested, Paraben Free",Plum Night Gel enriched with Hyaluronic Acid. Suitable for hydration and daily use.,Hydration,https://example.com/images/beauty/900030.jpg,https://example.com/products/900030
900031,Nivea Body Lotion,Beauty & Skincare,Moisturizer,Nivea,249,599,58,4.6,28641,In Stock,ShopWise Beauty,No Warranty,Sensitive Skin,All Hair,Ceramides,50 ml,SPF 30,Unisex,"Ceramides, Dermatologically Tested, Paraben Free",Nivea Body Lotion enriched with Ceramides. Suitable for hydration and daily use.,Hydration,https://example.com/images/beauty/900031.jpg,https://example.com/products/900031
900032,Maybelline Fit Me Foundation,Beauty & Skincare,Makeup,Maybelline,1499,1799,17,4.9,11323,In Stock,ShopWise Beauty,No Warranty,All Skin,Damaged Hair,Ceramides,200 ml,SPF 50,Unisex,"Ceramides, Dermatologically Tested, Paraben Free",Maybelline Fit Me Foundation enriched with Ceramides. Suitable for makeup and daily use.,Makeup,https://example.com/images/beauty/900032.jpg,https://example.com/products/900032
900033,Cetaphil Moisturizing Lotion,Beauty & Skincare,Moisturizer,Cetaphil,1199,1399,14,4.5,11336,In Stock,ShopWise Beauty,No Warranty,Dry Skin,All Hair,Salicylic Acid,100 ml,SPF 30,Unisex,"Salicylic Acid, Dermatologically Tested, Paraben Free",Cetaphil Moisturizing Lotion enriched with Salicylic Acid. Suitable for hydration and daily use.,Hydration,https://example.com/images/beauty/900033.jpg,https://example.com/products/900033
900034,L'Oréal Total Repair Shampoo,Beauty & Skincare,Shampoo,L'Oréal,599,749,20,4.7,8037,In Stock,ShopWise Beauty,No Warranty,Dry Skin,Damaged Hair,Hyaluronic Acid,150 ml,N/A,Unisex,"Hyaluronic Acid, Dermatologically Tested, Paraben Free",L'Oréal Total Repair Shampoo enriched with Hyaluronic Acid. Suitable for hair care and daily use.,Hair Care,https://example.com/images/beauty/900034.jpg,https://example.com/products/900034
900035,Plum Body Mist,Beauty & Skincare,Beauty,Plum,499,549,9,4.5,5078,In Stock,ShopWise Beauty,No Warranty,Dry Skin,Dry Hair,Salicylic Acid,250 ml,SPF 50,Unisex,"Salicylic Acid, Dermatologically Tested, Paraben Free",Plum Body Mist enriched with Salicylic Acid. Suitable for beauty and daily use.,Beauty,https://example.com/images/beauty/900035.jpg,https://example.com/products/900035
900036,Nivea Body Lotion,Beauty & Skincare,Moisturizer,Nivea,799,1099,27,4.1,9232,In Stock,ShopWise Beauty,No Warranty,Combination Skin,Dry Hair,Aloe Vera,250 ml,N/A,Unisex,"Aloe Vera, Dermatologically Tested, Paraben Free",Nivea Body Lotion enriched with Aloe Vera. Suitable for hydration and daily use.,Hydration,https://example.com/images/beauty/900036.jpg,https://example.com/products/900036
900037,Nivea Body Lotion,Beauty & Skincare,Moisturizer,Nivea,1099,1349,19,5.0,1588,In Stock,ShopWise Beauty,No Warranty,Combination Skin,Damaged Hair,Aloe Vera,250 ml,SPF 50,Unisex,"Aloe Vera, Dermatologically Tested, Paraben Free",Nivea Body Lotion enriched with Aloe Vera. Suitable for hydration and daily use.,Hydration,https://example.com/images/beauty/900037.jpg,https://example.com/products/900037
900038,Lakme 9to5 Foundation,Beauty & Skincare,Makeup,Lakme,1899,2099,10,4.6,26375,In Stock,ShopWise Beauty,No Warranty,Oily Skin,Damaged Hair,Salicylic Acid,150 ml,SPF 30,Unisex,"Salicylic Acid, Dermatologically Tested, Paraben Free",Lakme 9to5 Foundation enriched with Salicylic Acid. Suitable for makeup and daily use.,Makeup,https://example.com/images/beauty/900038.jpg,https://example.com/products/900038
900039,L'Oréal Paris Serum,Beauty & Skincare,Serum,L'Oréal,1299,1749,26,4.6,28760,In Stock,ShopWise Beauty,No Warranty,Dry Skin,Oily Hair,Aloe Vera,50 ml,N/A,Unisex,"Aloe Vera, Dermatologically Tested, Paraben Free",L'Oréal Paris Serum enriched with Aloe Vera. Suitable for skin care and daily use.,Skin Care,https://example.com/images/beauty/900039.jpg,https://example.com/products/900039
900040,Plum Green Tea Face Wash,Beauty & Skincare,Face Wash,Plum,199,299,33,4.7,19076,In Stock,ShopWise Beauty,No Warranty,All Skin,Oily Hair,Vitamin C,150 ml,SPF 30,Unisex,"Vitamin C, Dermatologically Tested, Paraben Free",Plum Green Tea Face Wash enriched with Vitamin C. Suitable for skin care and daily use.,Skin Care,https://example.com/images/beauty/900040.jpg,https://example.com/products/900040
900041,Mamaearth Ubtan Face Wash,Beauty & Skincare,Face Wash,Mamaearth,499,599,17,4.5,27441,In Stock,ShopWise Beauty,No Warranty,Oily Skin,All Hair,Vitamin C,150 ml,SPF 30,Unisex,"Vitamin C, Dermatologically Tested, Paraben Free",Mamaearth Ubtan Face Wash enriched with Vitamin C. Suitable for skin care and daily use.,Skin Care,https://example.com/images/beauty/900041.jpg,https://example.com/products/900041
900042,L'Oréal Revitalift Cream,Beauty & Skincare,Moisturizer,L'Oréal,299,749,60,4.8,2724,In Stock,ShopWise Beauty,No Warranty,Dry Skin,Dry Hair,Hyaluronic Acid,250 ml,N/A,Unisex,"Hyaluronic Acid, Dermatologically Tested, Paraben Free",L'Oréal Revitalift Cream enriched with Hyaluronic Acid. Suitable for hydration and daily use.,Hydration,https://example.com/images/beauty/900042.jpg,https://example.com/products/900042
900043,Minimalist Vitamin C Serum,Beauty & Skincare,Serum,Minimalist,1399,1599,13,4.5,2659,In Stock,ShopWise Beauty,No Warranty,Dry Skin,All Hair,Aloe Vera,250 ml,SPF 50,Unisex,"Aloe Vera, Dermatologically Tested, Paraben Free",Minimalist Vitamin C Serum enriched with Aloe Vera. Suitable for skin care and daily use.,Skin Care,https://example.com/images/beauty/900043.jpg,https://example.com/products/900043
900044,Cetaphil Gentle Skin Cleanser,Beauty & Skincare,Face Wash,Cetaphil,849,949,11,4.7,23840,In Stock,ShopWise Beauty,No Warranty,Oily Skin,All Hair,Ceramides,250 ml,SPF 50,Unisex,"Ceramides, Dermatologically Tested, Paraben Free",Cetaphil Gentle Skin Cleanser enriched with Ceramides. Suitable for skin care and daily use.,Skin Care,https://example.com/images/beauty/900044.jpg,https://example.com/products/900044
900045,Plum Body Mist,Beauty & Skincare,Beauty,Plum,899,1249,28,4.8,25351,In Stock,ShopWise Beauty,No Warranty,Dry Skin,Oily Hair,Ceramides,250 ml,SPF 30,Unisex,"Ceramides, Dermatologically Tested, Paraben Free",Plum Body Mist enriched with Ceramides. Suitable for beauty and daily use.,Beauty,https://example.com/images/beauty/900045.jpg,https://example.com/products/900045
900046,Lakme Face Cream,Beauty & Skincare,Moisturizer,Lakme,1349,1799,25,4.5,4164,In Stock,ShopWise Beauty,No Warranty,Sensitive Skin,Dry Hair,Hyaluronic Acid,100 ml,SPF 50,Unisex,"Hyaluronic Acid, Dermatologically Tested, Paraben Free",Lakme Face Cream enriched with Hyaluronic Acid. Suitable for hydration and daily use.,Hydration,https://example.com/images/beauty/900046.jpg,https://example.com/products/900046
900047,Cetaphil Moisturizing Lotion,Beauty & Skincare,Moisturizer,Cetaphil,1199,1249,4,4.5,2888,In Stock,ShopWise Beauty,No Warranty,Sensitive Skin,Dry Hair,Salicylic Acid,250 ml,SPF 50,Unisex,"Salicylic Acid, Dermatologically Tested, Paraben Free",Cetaphil Moisturizing Lotion enriched with Salicylic Acid. Suitable for hydration and daily use.,Hydration,https://example.com/images/beauty/900047.jpg,https://example.com/products/900047
900048,The Derma Co Salicylic Face Wash,Beauty & Skincare,Face Wash,The Derma Co,599,999,40,4.8,27205,In Stock,ShopWise Beauty,No Warranty,Combination Skin,Damaged Hair,Niacinamide,150 ml,SPF 30,Unisex,"Niacinamide, Dermatologically Tested, Paraben Free",The Derma Co Salicylic Face Wash enriched with Niacinamide. Suitable for skin care and daily use.,Skin Care,https://example.com/images/beauty/900048.jpg,https://example.com/products/900048
900049,Mamaearth Onion Shampoo,Beauty & Skincare,Shampoo,Mamaearth,699,949,26,4.6,28621,In Stock,ShopWise Beauty,No Warranty,Sensitive Skin,Dry Hair,Green Tea,100 ml,SPF 30,Unisex,"Green Tea, Dermatologically Tested, Paraben Free",Mamaearth Onion Shampoo enriched with Green Tea. Suitable for hair care and daily use.,Hair Care,https://example.com/images/beauty/900049.jpg,https://example.com/products/900049
900050,Minimalist Vitamin C Serum,Beauty & Skincare,Serum,Minimalist,649,1049,38,4.6,13684,In Stock,ShopWise Beauty,No Warranty,Oily Skin,Damaged Hair,Niacinamide,250 ml,SPF 50,Unisex,"Niacinamide, Dermatologically Tested, Paraben Free",Minimalist Vitamin C Serum enriched with Niacinamide. Suitable for skin care and daily use.,Skin Care,https://example.com/images/beauty/900050.jpg,https://example.com/products/900050
900051,Neutrogena Hydro Boost Gel,Beauty & Skincare,Moisturizer,Neutrogena,999,1149,13,4.0,18907,In Stock,ShopWise Beauty,No Warranty,All Skin,All Hair,Hyaluronic Acid,100 ml,SPF 50,Unisex,"Hyaluronic Acid, Dermatologically Tested, Paraben Free",Neutrogena Hydro Boost Gel enriched with Hyaluronic Acid. Suitable for hydration and daily use.,Hydration,https://example.com/images/beauty/900051.jpg,https://example.com/products/900051
900052,L'Oréal Revitalift Cream,Beauty & Skincare,Moisturizer,L'Oréal,649,799,19,4.1,3282,In Stock,ShopWise Beauty,No Warranty,Sensitive Skin,Oily Hair,Vitamin C,100 ml,N/A,Unisex,"Vitamin C, Dermatologically Tested, Paraben Free",L'Oréal Revitalift Cream enriched with Vitamin C. Suitable for hydration and daily use.,Hydration,https://example.com/images/beauty/900052.jpg,https://example.com/products/900052
900053,Plum Body Mist,Beauty & Skincare,Beauty,Plum,499,849,41,4.6,10777,In Stock,ShopWise Beauty,No Warranty,All Skin,Dry Hair,Vitamin C,30 ml,SPF 50,Unisex,"Vitamin C, Dermatologically Tested, Paraben Free",Plum Body Mist enriched with Vitamin C. Suitable for beauty and daily use.,Beauty,https://example.com/images/beauty/900053.jpg,https://example.com/products/900053
900054,Cetaphil Moisturizing Lotion,Beauty & Skincare,Moisturizer,Cetaphil,1249,1699,26,4.5,5171,In Stock,ShopWise Beauty,No Warranty,Combination Skin,Damaged Hair,Niacinamide,50 ml,N/A,Unisex,"Niacinamide, Dermatologically Tested, Paraben Free",Cetaphil Moisturizing Lotion enriched with Niacinamide. Suitable for hydration and daily use.,Hydration,https://example.com/images/beauty/900054.jpg,https://example.com/products/900054
900055,Plum Night Gel,Beauty & Skincare,Moisturizer,Plum,1199,1499,20,4.9,11647,In Stock,ShopWise Beauty,No Warranty,Dry Skin,Dry Hair,Salicylic Acid,200 ml,N/A,Unisex,"Salicylic Acid, Dermatologically Tested, Paraben Free",Plum Night Gel enriched with Salicylic Acid. Suitable for hydration and daily use.,Hydration,https://example.com/images/beauty/900055.jpg,https://example.com/products/900055
900056,Nivea Soft Cream,Beauty & Skincare,Moisturizer,Nivea,999,1399,29,4.7,4484,In Stock,ShopWise Beauty,No Warranty,Oily Skin,Dry Hair,Hyaluronic Acid,250 ml,N/A,Unisex,"Hyaluronic Acid, Dermatologically Tested, Paraben Free",Nivea Soft Cream enriched with Hyaluronic Acid. Suitable for hydration and daily use.,Hydration,https://example.com/images/beauty/900056.jpg,https://example.com/products/900056
900057,Maybelline Lipstick,Beauty & Skincare,Makeup,Maybelline,1049,1099,5,4.7,28714,In Stock,ShopWise Beauty,No Warranty,Combination Skin,Damaged Hair,Green Tea,30 ml,SPF 50,Unisex,"Green Tea, Dermatologically Tested, Paraben Free",Maybelline Lipstick enriched with Green Tea. Suitable for makeup and daily use.,Makeup,https://example.com/images/beauty/900057.jpg,https://example.com/products/900057
900058,Nivea Face Wash,Beauty & Skincare,Face Wash,Nivea,599,799,25,4.9,14785,In Stock,ShopWise Beauty,No Warranty,All Skin,Damaged Hair,Niacinamide,250 ml,SPF 50,Unisex,"Niacinamide, Dermatologically Tested, Paraben Free",Nivea Face Wash enriched with Niacinamide. Suitable for skin care and daily use.,Skin Care,https://example.com/images/beauty/900058.jpg,https://example.com/products/900058
900059,The Derma Co 1% Hyaluronic Sunscreen,Beauty & Skincare,Sunscreen,The Derma Co,849,1249,32,4.9,20559,In Stock,ShopWise Beauty,No Warranty,All Skin,All Hair,Vitamin C,50 ml,SPF 30,Unisex,"Vitamin C, Dermatologically Tested, Paraben Free",The Derma Co 1% Hyaluronic Sunscreen enriched with Vitamin C. Suitable for sun protection and daily use.,Sun Protection,https://example.com/images/beauty/900059.jpg,https://example.com/products/900059
900060,Mamaearth Vitamin C Face Wash,Beauty & Skincare,Face Wash,Mamaearth,599,649,8,4.4,18181,In Stock,ShopWise Beauty,No Warranty,Combination Skin,Oily Hair,Vitamin C,100 ml,SPF 30,Unisex,"Vitamin C, Dermatologically Tested, Paraben Free",Mamaearth Vitamin C Face Wash enriched with Vitamin C. Suitable for skin care and daily use.,Skin Care,https://example.com/images/beauty/900060.jpg,https://example.com/products/900060
900061,L'Oréal Total Repair Shampoo,Beauty & Skincare,Shampoo,L'Oréal,499,799,38,4.2,11508,In Stock,ShopWise Beauty,No Warranty,Combination Skin,Oily Hair,Hyaluronic Acid,150 ml,SPF 50,Unisex,"Hyaluronic Acid, Dermatologically Tested, Paraben Free",L'Oréal Total Repair Shampoo enriched with Hyaluronic Acid. Suitable for hair care and daily use.,Hair Care,https://example.com/images/beauty/900061.jpg,https://example.com/products/900061
900062,Lakme Face Cream,Beauty & Skincare,Moisturizer,Lakme,1099,1149,4,4.5,11563,In Stock,ShopWise Beauty,No Warranty,Oily Skin,Dry Hair,Vitamin C,250 ml,N/A,Unisex,"Vitamin C, Dermatologically Tested, Paraben Free",Lakme Face Cream enriched with Vitamin C. Suitable for hydration and daily use.,Hydration,https://example.com/images/beauty/900062.jpg,https://example.com/products/900062
900063,Nivea Face Wash,Beauty & Skincare,Face Wash,Nivea,349,499,30,4.6,17133,In Stock,ShopWise Beauty,No Warranty,Sensitive Skin,Damaged Hair,Ceramides,50 ml,SPF 50,Unisex,"Ceramides, Dermatologically Tested, Paraben Free",Nivea Face Wash enriched with Ceramides. Suitable for skin care and daily use.,Skin Care,https://example.com/images/beauty/900063.jpg,https://example.com/products/900063
900064,Plum Green Tea Face Wash,Beauty & Skincare,Face Wash,Plum,499,649,23,4.2,10517,In Stock,ShopWise Beauty,No Warranty,Sensitive Skin,All Hair,Niacinamide,50 ml,N/A,Unisex,"Niacinamide, Dermatologically Tested, Paraben Free",Plum Green Tea Face Wash enriched with Niacinamide. Suitable for skin care and daily use.,Skin Care,https://example.com/images/beauty/900064.jpg,https://example.com/products/900064
900065,Minimalist Niacinamide Serum,Beauty & Skincare,Serum,Minimalist,849,1199,29,4.5,19107,In Stock,ShopWise Beauty,No Warranty,Dry Skin,Oily Hair,Ceramides,150 ml,SPF 30,Unisex,"Ceramides, Dermatologically Tested, Paraben Free",Minimalist Niacinamide Serum enriched with Ceramides. Suitable for skin care and daily use.,Skin Care,https://example.com/images/beauty/900065.jpg,https://example.com/products/900065
900066,The Derma Co Salicylic Face Wash,Beauty & Skincare,Face Wash,The Derma Co,199,449,56,4.4,2262,In Stock,ShopWise Beauty,No Warranty,Dry Skin,Damaged Hair,Salicylic Acid,150 ml,SPF 30,Unisex,"Salicylic Acid, Dermatologically Tested, Paraben Free",The Derma Co Salicylic Face Wash enriched with Salicylic Acid. Suitable for skin care and daily use.,Skin Care,https://example.com/images/beauty/900066.jpg,https://example.com/products/900066
900067,Plum Night Gel,Beauty & Skincare,Moisturizer,Plum,749,899,17,5.0,4742,In Stock,ShopWise Beauty,No Warranty,Dry Skin,Dry Hair,Salicylic Acid,50 ml,N/A,Unisex,"Salicylic Acid, Dermatologically Tested, Paraben Free",Plum Night Gel enriched with Salicylic Acid. Suitable for hydration and daily use.,Hydration,https://example.com/images/beauty/900067.jpg,https://example.com/products/900067
900068,Cetaphil Gentle Skin Cleanser,Beauty & Skincare,Face Wash,Cetaphil,549,949,42,4.3,21700,In Stock,ShopWise Beauty,No Warranty,All Skin,Damaged Hair,Green Tea,150 ml,N/A,Unisex,"Green Tea, Dermatologically Tested, Paraben Free",Cetaphil Gentle Skin Cleanser enriched with Green Tea. Suitable for skin care and daily use.,Skin Care,https://example.com/images/beauty/900068.jpg,https://example.com/products/900068
900069,Mamaearth Onion Shampoo,Beauty & Skincare,Shampoo,Mamaearth,799,999,20,4.1,22858,In Stock,ShopWise Beauty,No Warranty,Combination Skin,Dry Hair,Vitamin C,150 ml,SPF 30,Unisex,"Vitamin C, Dermatologically Tested, Paraben Free",Mamaearth Onion Shampoo enriched with Vitamin C. Suitable for hair care and daily use.,Hair Care,https://example.com/images/beauty/900069.jpg,https://example.com/products/900069
900070,Lakme Sunscreen,Beauty & Skincare,Sunscreen,Lakme,549,649,15,4.0,435,In Stock,ShopWise Beauty,No Warranty,Oily Skin,All Hair,Ceramides,100 ml,SPF 30,Unisex,"Ceramides, Dermatologically Tested, Paraben Free",Lakme Sunscreen enriched with Ceramides. Suitable for sun protection and daily use.,Sun Protection,https://example.com/images/beauty/900070.jpg,https://example.com/products/900070
900071,Lakme 9to5 Foundation,Beauty & Skincare,Makeup,Lakme,1799,2249,20,4.7,9329,In Stock,ShopWise Beauty,No Warranty,Dry Skin,All Hair,Hyaluronic Acid,150 ml,SPF 30,Unisex,"Hyaluronic Acid, Dermatologically Tested, Paraben Free",Lakme 9to5 Foundation enriched with Hyaluronic Acid. Suitable for makeup and daily use.,Makeup,https://example.com/images/beauty/900071.jpg,https://example.com/products/900071
900072,The Derma Co Vitamin C Serum,Beauty & Skincare,Serum,The Derma Co,749,1099,32,4.3,7868,In Stock,ShopWise Beauty,No Warranty,All Skin,All Hair,Niacinamide,150 ml,N/A,Unisex,"Niacinamide, Dermatologically Tested, Paraben Free",The Derma Co Vitamin C Serum enriched with Niacinamide. Suitable for skin care and daily use.,Skin Care,https://example.com/images/beauty/900072.jpg,https://example.com/products/900072
900073,Lakme Sunscreen,Beauty & Skincare,Sunscreen,Lakme,749,1149,35,4.0,25098,In Stock,ShopWise Beauty,No Warranty,Combination Skin,All Hair,Ceramides,50 ml,N/A,Unisex,"Ceramides, Dermatologically Tested, Paraben Free",Lakme Sunscreen enriched with Ceramides. Suitable for sun protection and daily use.,Sun Protection,https://example.com/images/beauty/900073.jpg,https://example.com/products/900073
900074,L'Oréal Total Repair Shampoo,Beauty & Skincare,Shampoo,L'Oréal,799,999,20,4.4,29121,In Stock,ShopWise Beauty,No Warranty,Sensitive Skin,All Hair,Ceramides,200 ml,N/A,Unisex,"Ceramides, Dermatologically Tested, Paraben Free",L'Oréal Total Repair Shampoo enriched with Ceramides. Suitable for hair care and daily use.,Hair Care,https://example.com/images/beauty/900074.jpg,https://example.com/products/900074
900075,Neutrogena Acne Face Wash,Beauty & Skincare,Face Wash,Neutrogena,549,649,15,4.4,8239,In Stock,ShopWise Beauty,No Warranty,All Skin,Oily Hair,Salicylic Acid,30 ml,N/A,Unisex,"Salicylic Acid, Dermatologically Tested, Paraben Free",Neutrogena Acne Face Wash enriched with Salicylic Acid. Suitable for skin care and daily use.,Skin Care,https://example.com/images/beauty/900075.jpg,https://example.com/products/900075
900076,The Derma Co 1% Hyaluronic Sunscreen,Beauty & Skincare,Sunscreen,The Derma Co,549,899,39,4.5,6148,In Stock,ShopWise Beauty,No Warranty,Oily Skin,Damaged Hair,Ceramides,250 ml,SPF 50,Unisex,"Ceramides, Dermatologically Tested, Paraben Free",The Derma Co 1% Hyaluronic Sunscreen enriched with Ceramides. Suitable for sun protection and daily use.,Sun Protection,https://example.com/images/beauty/900076.jpg,https://example.com/products/900076
900077,Lakme 9to5 Foundation,Beauty & Skincare,Makeup,Lakme,1799,1849,3,4.9,22133,In Stock,ShopWise Beauty,No Warranty,Sensitive Skin,Damaged Hair,Vitamin C,250 ml,N/A,Unisex,"Vitamin C, Dermatologically Tested, Paraben Free",Lakme 9to5 Foundation enriched with Vitamin C. Suitable for makeup and daily use.,Makeup,https://example.com/images/beauty/900077.jpg,https://example.com/products/900077
900078,Plum Body Mist,Beauty & Skincare,Beauty,Plum,949,1349,30,4.4,22370,In Stock,ShopWise Beauty,No Warranty,All Skin,All Hair,Aloe Vera,200 ml,SPF 30,Unisex,"Aloe Vera, Dermatologically Tested, Paraben Free",Plum Body Mist enriched with Aloe Vera. Suitable for beauty and daily use.,Beauty,https://example.com/images/beauty/900078.jpg,https://example.com/products/900078
900079,Maybelline Lipstick,Beauty & Skincare,Makeup,Maybelline,699,1149,39,4.6,6721,In Stock,ShopWise Beauty,No Warranty,All Skin,Damaged Hair,Niacinamide,30 ml,N/A,Unisex,"Niacinamide, Dermatologically Tested, Paraben Free",Maybelline Lipstick enriched with Niacinamide. Suitable for makeup and daily use.,Makeup,https://example.com/images/beauty/900079.jpg,https://example.com/products/900079
900080,L'Oréal Paris Serum,Beauty & Skincare,Serum,L'Oréal,799,999,20,4.3,22826,In Stock,ShopWise Beauty,No Warranty,Sensitive Skin,All Hair,Aloe Vera,30 ml,N/A,Unisex,"Aloe Vera, Dermatologically Tested, Paraben Free",L'Oréal Paris Serum enriched with Aloe Vera. Suitable for skin care and daily use.,Skin Care,https://example.com/images/beauty/900080.jpg,https://example.com/products/900080
900081,The Derma Co 1% Hyaluronic Sunscreen,Beauty & Skincare,Sunscreen,The Derma Co,549,949,42,4.9,398,In Stock,ShopWise Beauty,No Warranty,All Skin,Damaged Hair,Hyaluronic Acid,100 ml,N/A,Unisex,"Hyaluronic Acid, Dermatologically Tested, Paraben Free",The Derma Co 1% Hyaluronic Sunscreen enriched with Hyaluronic Acid. Suitable for sun protection and daily use.,Sun Protection,https://example.com/images/beauty/900081.jpg,https://example.com/products/900081
900082,Neutrogena Acne Face Wash,Beauty & Skincare,Face Wash,Neutrogena,399,449,11,5.0,10750,In Stock,ShopWise Beauty,No Warranty,Combination Skin,Damaged Hair,Niacinamide,150 ml,SPF 30,Unisex,"Niacinamide, Dermatologically Tested, Paraben Free",Neutrogena Acne Face Wash enriched with Niacinamide. Suitable for skin care and daily use.,Skin Care,https://example.com/images/beauty/900082.jpg,https://example.com/products/900082
900083,Maybelline Fit Me Foundation,Beauty & Skincare,Makeup,Maybelline,499,649,23,4.1,7703,In Stock,ShopWise Beauty,No Warranty,Sensitive Skin,Damaged Hair,Ceramides,100 ml,N/A,Unisex,"Ceramides, Dermatologically Tested, Paraben Free",Maybelline Fit Me Foundation enriched with Ceramides. Suitable for makeup and daily use.,Makeup,https://example.com/images/beauty/900083.jpg,https://example.com/products/900083
900084,Mamaearth Ubtan Face Wash,Beauty & Skincare,Face Wash,Mamaearth,849,1049,19,4.9,10994,In Stock,ShopWise Beauty,No Warranty,All Skin,Dry Hair,Niacinamide,200 ml,SPF 30,Unisex,"Niacinamide, Dermatologically Tested, Paraben Free",Mamaearth Ubtan Face Wash enriched with Niacinamide. Suitable for skin care and daily use.,Skin Care,https://example.com/images/beauty/900084.jpg,https://example.com/products/900084
900085,The Derma Co Salicylic Face Wash,Beauty & Skincare,Face Wash,The Derma Co,449,549,18,4.8,18713,In Stock,ShopWise Beauty,No Warranty,Sensitive Skin,Damaged Hair,Aloe Vera,250 ml,SPF 50,Unisex,"Aloe Vera, Dermatologically Tested, Paraben Free",The Derma Co Salicylic Face Wash enriched with Aloe Vera. Suitable for skin care and daily use.,Skin Care,https://example.com/images/beauty/900085.jpg,https://example.com/products/900085
900086,Mamaearth Ubtan Face Wash,Beauty & Skincare,Face Wash,Mamaearth,849,1249,32,4.4,22719,In Stock,ShopWise Beauty,No Warranty,Combination Skin,All Hair,Aloe Vera,150 ml,SPF 50,Unisex,"Aloe Vera, Dermatologically Tested, Paraben Free",Mamaearth Ubtan Face Wash enriched with Aloe Vera. Suitable for skin care and daily use.,Skin Care,https://example.com/images/beauty/900086.jpg,https://example.com/products/900086
900087,Nivea Body Lotion,Beauty & Skincare,Moisturizer,Nivea,1399,1449,3,4.8,12368,In Stock,ShopWise Beauty,No Warranty,Oily Skin,Oily Hair,Green Tea,100 ml,N/A,Unisex,"Green Tea, Dermatologically Tested, Paraben Free",Nivea Body Lotion enriched with Green Tea. Suitable for hydration and daily use.,Hydration,https://example.com/images/beauty/900087.jpg,https://example.com/products/900087
900088,Neutrogena Hydro Boost Gel,Beauty & Skincare,Moisturizer,Neutrogena,1299,1649,21,4.0,5664,In Stock,ShopWise Beauty,No Warranty,Combination Skin,Damaged Hair,Salicylic Acid,200 ml,SPF 30,Unisex,"Salicylic Acid, Dermatologically Tested, Paraben Free",Neutrogena Hydro Boost Gel enriched with Salicylic Acid. Suitable for hydration and daily use.,Hydration,https://example.com/images/beauty/900088.jpg,https://example.com/products/900088
900089,L'Oréal Total Repair Shampoo,Beauty & Skincare,Shampoo,L'Oréal,949,1049,10,4.6,19077,In Stock,ShopWise Beauty,No Warranty,All Skin,Damaged Hair,Aloe Vera,200 ml,SPF 30,Unisex,"Aloe Vera, Dermatologically Tested, Paraben Free",L'Oréal Total Repair Shampoo enriched with Aloe Vera. Suitable for hair care and daily use.,Hair Care,https://example.com/images/beauty/900089.jpg,https://example.com/products/900089
900090,L'Oréal Paris Serum,Beauty & Skincare,Serum,L'Oréal,1199,1599,25,4.9,26329,In Stock,ShopWise Beauty,No Warranty,Dry Skin,Damaged Hair,Ceramides,100 ml,SPF 50,Unisex,"Ceramides, Dermatologically Tested, Paraben Free",L'Oréal Paris Serum enriched with Ceramides. Suitable for skin care and daily use.,Skin Care,https://example.com/images/beauty/900090.jpg,https://example.com/products/900090
900091,Cetaphil Moisturizing Lotion,Beauty & Skincare,Moisturizer,Cetaphil,1199,1399,14,4.1,20237,In Stock,ShopWise Beauty,No Warranty,Combination Skin,Oily Hair,Ceramides,50 ml,N/A,Unisex,"Ceramides, Dermatologically Tested, Paraben Free",Cetaphil Moisturizing Lotion enriched with Ceramides. Suitable for hydration and daily use.,Hydration,https://example.com/images/beauty/900091.jpg,https://example.com/products/900091
900092,Cetaphil Gentle Skin Cleanser,Beauty & Skincare,Face Wash,Cetaphil,849,1049,19,4.2,7247,In Stock,ShopWise Beauty,No Warranty,All Skin,Dry Hair,Hyaluronic Acid,150 ml,SPF 50,Unisex,"Hyaluronic Acid, Dermatologically Tested, Paraben Free",Cetaphil Gentle Skin Cleanser enriched with Hyaluronic Acid. Suitable for skin care and daily use.,Skin Care,https://example.com/images/beauty/900092.jpg,https://example.com/products/900092
900093,L'Oréal Total Repair Shampoo,Beauty & Skincare,Shampoo,L'Oréal,549,799,31,4.9,21602,In Stock,ShopWise Beauty,No Warranty,Sensitive Skin,Dry Hair,Salicylic Acid,50 ml,SPF 30,Unisex,"Salicylic Acid, Dermatologically Tested, Paraben Free",L'Oréal Total Repair Shampoo enriched with Salicylic Acid. Suitable for hair care and daily use.,Hair Care,https://example.com/images/beauty/900093.jpg,https://example.com/products/900093
900094,Neutrogena Ultra Sheer Sunscreen,Beauty & Skincare,Sunscreen,Neutrogena,1099,1249,12,4.7,18029,In Stock,ShopWise Beauty,No Warranty,Dry Skin,Damaged Hair,Vitamin C,250 ml,N/A,Unisex,"Vitamin C, Dermatologically Tested, Paraben Free",Neutrogena Ultra Sheer Sunscreen enriched with Vitamin C. Suitable for sun protection and daily use.,Sun Protection,https://example.com/images/beauty/900094.jpg,https://example.com/products/900094
900095,Cetaphil Moisturizing Lotion,Beauty & Skincare,Moisturizer,Cetaphil,349,649,46,4.5,23755,In Stock,ShopWise Beauty,No Warranty,Sensitive Skin,Dry Hair,Aloe Vera,30 ml,SPF 50,Unisex,"Aloe Vera, Dermatologically Tested, Paraben Free",Cetaphil Moisturizing Lotion enriched with Aloe Vera. Suitable for hydration and daily use.,Hydration,https://example.com/images/beauty/900095.jpg,https://example.com/products/900095
900096,L'Oréal Revitalift Cream,Beauty & Skincare,Moisturizer,L'Oréal,1399,1749,20,4.8,22568,In Stock,ShopWise Beauty,No Warranty,Oily Skin,All Hair,Aloe Vera,30 ml,SPF 50,Unisex,"Aloe Vera, Dermatologically Tested, Paraben Free",L'Oréal Revitalift Cream enriched with Aloe Vera. Suitable for hydration and daily use.,Hydration,https://example.com/images/beauty/900096.jpg,https://example.com/products/900096
900097,L'Oréal Total Repair Shampoo,Beauty & Skincare,Shampoo,L'Oréal,349,499,30,4.5,14972,In Stock,ShopWise Beauty,No Warranty,Oily Skin,Dry Hair,Ceramides,200 ml,SPF 50,Unisex,"Ceramides, Dermatologically Tested, Paraben Free",L'Oréal Total Repair Shampoo enriched with Ceramides. Suitable for hair care and daily use.,Hair Care,https://example.com/images/beauty/900097.jpg,https://example.com/products/900097
900098,Minimalist Vitamin C Serum,Beauty & Skincare,Serum,Minimalist,1299,1449,10,4.9,17122,In Stock,ShopWise Beauty,No Warranty,Sensitive Skin,Dry Hair,Aloe Vera,250 ml,SPF 50,Unisex,"Aloe Vera, Dermatologically Tested, Paraben Free",Minimalist Vitamin C Serum enriched with Aloe Vera. Suitable for skin care and daily use.,Skin Care,https://example.com/images/beauty/900098.jpg,https://example.com/products/900098
900099,Mamaearth Vitamin C Face Wash,Beauty & Skincare,Face Wash,Mamaearth,399,749,47,4.2,23288,In Stock,ShopWise Beauty,No Warranty,All Skin,Dry Hair,Aloe Vera,30 ml,N/A,Unisex,"Aloe Vera, Dermatologically Tested, Paraben Free",Mamaearth Vitamin C Face Wash enriched with Aloe Vera. Suitable for skin care and daily use.,Skin Care,https://example.com/images/beauty/900099.jpg,https://example.com/products/900099
900100,Lakme Face Cream,Beauty & Skincare,Moisturizer,Lakme,1399,1799,22,4.7,5980,In Stock,ShopWise Beauty,No Warranty,Oily Skin,All Hair,Ceramides,250 ml,SPF 30,Unisex,"Ceramides, Dermatologically Tested, Paraben Free",Lakme Face Cream enriched with Ceramides. Suitable for hydration and daily use.,Hydration,https://example.com/images/beauty/900100.jpg,https://example.com/products/900100
900101,Lakme Face Cream,Beauty & Skincare,Moisturizer,Lakme,599,749,20,4.8,23891,In Stock,ShopWise Beauty,No Warranty,Combination Skin,Oily Hair,Ceramides,50 ml,SPF 30,Unisex,"Ceramides, Dermatologically Tested, Paraben Free",Lakme Face Cream enriched with Ceramides. Suitable for hydration and daily use.,Hydration,https://example.com/images/beauty/900101.jpg,https://example.com/products/900101
900102,Plum Night Gel,Beauty & Skincare,Moisturizer,Plum,1449,1799,19,4.8,17678,In Stock,ShopWise Beauty,No Warranty,Dry Skin,Oily Hair,Hyaluronic Acid,30 ml,SPF 30,Unisex,"Hyaluronic Acid, Dermatologically Tested, Paraben Free",Plum Night Gel enriched with Hyaluronic Acid. Suitable for hydration and daily use.,Hydration,https://example.com/images/beauty/900102.jpg,https://example.com/products/900102
900103,L'Oréal Paris Serum,Beauty & Skincare,Serum,L'Oréal,749,1049,29,5.0,14538,In Stock,ShopWise Beauty,No Warranty,Oily Skin,Oily Hair,Niacinamide,100 ml,SPF 50,Unisex,"Niacinamide, Dermatologically Tested, Paraben Free",L'Oréal Paris Serum enriched with Niacinamide. Suitable for skin care and daily use.,Skin Care,https://example.com/images/beauty/900103.jpg,https://example.com/products/900103
900104,Lakme 9to5 Foundation,Beauty & Skincare,Makeup,Lakme,1699,1849,8,4.3,16310,In Stock,ShopWise Beauty,No Warranty,Sensitive Skin,Oily Hair,Ceramides,100 ml,SPF 50,Unisex,"Ceramides, Dermatologically Tested, Paraben Free",Lakme 9to5 Foundation enriched with Ceramides. Suitable for makeup and daily use.,Makeup,https://example.com/images/beauty/900104.jpg,https://example.com/products/900104
900105,Plum Green Tea Face Wash,Beauty & Skincare,Face Wash,Plum,349,549,36,4.5,28767,In Stock,ShopWise Beauty,No Warranty,Combination Skin,Oily Hair,Aloe Vera,150 ml,SPF 50,Unisex,"Aloe Vera, Dermatologically Tested, Paraben Free",Plum Green Tea Face Wash enriched with Aloe Vera. Suitable for skin care and daily use.,Skin Care,https://example.com/images/beauty/900105.jpg,https://example.com/products/900105
900106,Cetaphil Gentle Skin Cleanser,Beauty & Skincare,Face Wash,Cetaphil,399,849,53,4.0,12519,In Stock,ShopWise Beauty,No Warranty,Oily Skin,Damaged Hair,Niacinamide,30 ml,SPF 50,Unisex,"Niacinamide, Dermatologically Tested, Paraben Free",Cetaphil Gentle Skin Cleanser enriched with Niacinamide. Suitable for skin care and daily use.,Skin Care,https://example.com/images/beauty/900106.jpg,https://example.com/products/900106
900107,Lakme Sunscreen,Beauty & Skincare,Sunscreen,Lakme,699,899,22,4.7,450,In Stock,ShopWise Beauty,No Warranty,Dry Skin,All Hair,Ceramides,200 ml,N/A,Unisex,"Ceramides, Dermatologically Tested, Paraben Free",Lakme Sunscreen enriched with Ceramides. Suitable for sun protection and daily use.,Sun Protection,https://example.com/images/beauty/900107.jpg,https://example.com/products/900107
900108,Minimalist Vitamin C Serum,Beauty & Skincare,Serum,Minimalist,1299,1749,26,4.1,27815,In Stock,ShopWise Beauty,No Warranty,Oily Skin,Oily Hair,Niacinamide,30 ml,SPF 50,Unisex,"Niacinamide, Dermatologically Tested, Paraben Free",Minimalist Vitamin C Serum enriched with Niacinamide. Suitable for skin care and daily use.,Skin Care,https://example.com/images/beauty/900108.jpg,https://example.com/products/900108
900109,L'Oréal Paris Serum,Beauty & Skincare,Serum,L'Oréal,1249,1699,26,4.6,1561,In Stock,ShopWise Beauty,No Warranty,Oily Skin,Dry Hair,Green Tea,100 ml,SPF 50,Unisex,"Green Tea, Dermatologically Tested, Paraben Free",L'Oréal Paris Serum enriched with Green Tea. Suitable for skin care and daily use.,Skin Care,https://example.com/images/beauty/900109.jpg,https://example.com/products/900109
900110,L'Oréal Total Repair Shampoo,Beauty & Skincare,Shampoo,L'Oréal,799,1249,36,4.4,16151,In Stock,ShopWise Beauty,No Warranty,Sensitive Skin,Oily Hair,Hyaluronic Acid,50 ml,SPF 30,Unisex,"Hyaluronic Acid, Dermatologically Tested, Paraben Free",L'Oréal Total Repair Shampoo enriched with Hyaluronic Acid. Suitable for hair care and daily use.,Hair Care,https://example.com/images/beauty/900110.jpg,https://example.com/products/900110
900111,Neutrogena Ultra Sheer Sunscreen,Beauty & Skincare,Sunscreen,Neutrogena,499,549,9,4.4,18142,In Stock,ShopWise Beauty,No Warranty,Sensitive Skin,Dry Hair,Vitamin C,100 ml,SPF 50,Unisex,"Vitamin C, Dermatologically Tested, Paraben Free",Neutrogena Ultra Sheer Sunscreen enriched with Vitamin C. Suitable for sun protection and daily use.,Sun Protection,https://example.com/images/beauty/900111.jpg,https://example.com/products/900111
900112,Plum Night Gel,Beauty & Skincare,Moisturizer,Plum,1099,1349,19,4.5,2999,In Stock,ShopWise Beauty,No Warranty,Sensitive Skin,Dry Hair,Ceramides,50 ml,SPF 50,Unisex,"Ceramides, Dermatologically Tested, Paraben Free",Plum Night Gel enriched with Ceramides. Suitable for hydration and daily use.,Hydration,https://example.com/images/beauty/900112.jpg,https://example.com/products/900112
900113,Neutrogena Ultra Sheer Sunscreen,Beauty & Skincare,Sunscreen,Neutrogena,899,1349,33,4.4,27926,In Stock,ShopWise Beauty,No Warranty,Sensitive Skin,Dry Hair,Ceramides,150 ml,N/A,Unisex,"Ceramides, Dermatologically Tested, Paraben Free",Neutrogena Ultra Sheer Sunscreen enriched with Ceramides. Suitable for sun protection and daily use.,Sun Protection,https://example.com/images/beauty/900113.jpg,https://example.com/products/900113
900114,Plum Body Mist,Beauty & Skincare,Beauty,Plum,399,549,27,4.3,2895,In Stock,ShopWise Beauty,No Warranty,Combination Skin,All Hair,Aloe Vera,30 ml,SPF 30,Unisex,"Aloe Vera, Dermatologically Tested, Paraben Free",Plum Body Mist enriched with Aloe Vera. Suitable for beauty and daily use.,Beauty,https://example.com/images/beauty/900114.jpg,https://example.com/products/900114
900115,L'Oréal Paris Serum,Beauty & Skincare,Serum,L'Oréal,999,1449,31,4.4,1107,In Stock,ShopWise Beauty,No Warranty,Dry Skin,Damaged Hair,Ceramides,250 ml,SPF 50,Unisex,"Ceramides, Dermatologically Tested, Paraben Free",L'Oréal Paris Serum enriched with Ceramides. Suitable for skin care and daily use.,Skin Care,https://example.com/images/beauty/900115.jpg,https://example.com/products/900115
900116,Maybelline Lipstick,Beauty & Skincare,Makeup,Maybelline,1849,2099,12,4.3,725,In Stock,ShopWise Beauty,No Warranty,Sensitive Skin,Dry Hair,Salicylic Acid,200 ml,SPF 30,Unisex,"Salicylic Acid, Dermatologically Tested, Paraben Free",Maybelline Lipstick enriched with Salicylic Acid. Suitable for makeup and daily use.,Makeup,https://example.com/images/beauty/900116.jpg,https://example.com/products/900116
900117,Lakme Face Cream,Beauty & Skincare,Moisturizer,Lakme,999,1249,20,4.0,23781,In Stock,ShopWise Beauty,No Warranty,Combination Skin,Oily Hair,Niacinamide,200 ml,N/A,Unisex,"Niacinamide, Dermatologically Tested, Paraben Free",Lakme Face Cream enriched with Niacinamide. Suitable for hydration and daily use.,Hydration,https://example.com/images/beauty/900117.jpg,https://example.com/products/900117
900118,Mamaearth Ubtan Face Wash,Beauty & Skincare,Face Wash,Mamaearth,749,849,12,5.0,7601,In Stock,ShopWise Beauty,No Warranty,All Skin,Damaged Hair,Green Tea,250 ml,SPF 30,Unisex,"Green Tea, Dermatologically Tested, Paraben Free",Mamaearth Ubtan Face Wash enriched with Green Tea. Suitable for skin care and daily use.,Skin Care,https://example.com/images/beauty/900118.jpg,https://example.com/products/900118
900119,Maybelline Fit Me Foundation,Beauty & Skincare,Makeup,Maybelline,1499,1949,23,4.4,20081,In Stock,ShopWise Beauty,No Warranty,Oily Skin,Damaged Hair,Green Tea,150 ml,N/A,Unisex,"Green Tea, Dermatologically Tested, Paraben Free",Maybelline Fit Me Foundation enriched with Green Tea. Suitable for makeup and daily use.,Makeup,https://example.com/images/beauty/900119.jpg,https://example.com/products/900119
900120,Maybelline Sky High Mascara,Beauty & Skincare,Makeup,Maybelline,799,899,11,5.0,25828,In Stock,ShopWise Beauty,No Warranty,All Skin,Dry Hair,Vitamin C,50 ml,SPF 50,Unisex,"Vitamin C, Dermatologically Tested, Paraben Free",Maybelline Sky High Mascara enriched with Vitamin C. Suitable for makeup and daily use.,Makeup,https://example.com/images/beauty/900120.jpg,https://example.com/products/900120
900121,Minimalist Vitamin C Serum,Beauty & Skincare,Serum,Minimalist,849,1199,29,4.1,26665,In Stock,ShopWise Beauty,No Warranty,Oily Skin,Dry Hair,Niacinamide,30 ml,SPF 30,Unisex,"Niacinamide, Dermatologically Tested, Paraben Free",Minimalist Vitamin C Serum enriched with Niacinamide. Suitable for skin care and daily use.,Skin Care,https://example.com/images/beauty/900121.jpg,https://example.com/products/900121
900122,L'Oréal Paris Serum,Beauty & Skincare,Serum,L'Oréal,849,1299,35,4.6,2895,In Stock,ShopWise Beauty,No Warranty,All Skin,Dry Hair,Green Tea,200 ml,SPF 50,Unisex,"Green Tea, Dermatologically Tested, Paraben Free",L'Oréal Paris Serum enriched with Green Tea. Suitable for skin care and daily use.,Skin Care,https://example.com/images/beauty/900122.jpg,https://example.com/products/900122
900123,Minimalist Sunscreen SPF 50,Beauty & Skincare,Sunscreen,Minimalist,1099,1199,8,4.2,9035,In Stock,ShopWise Beauty,No Warranty,All Skin,Dry Hair,Salicylic Acid,30 ml,SPF 50,Unisex,"Salicylic Acid, Dermatologically Tested, Paraben Free",Minimalist Sunscreen SPF 50 enriched with Salicylic Acid. Suitable for sun protection and daily use.,Sun Protection,https://example.com/images/beauty/900123.jpg,https://example.com/products/900123
900124,Minimalist Sunscreen SPF 50,Beauty & Skincare,Sunscreen,Minimalist,399,799,50,4.1,548,In Stock,ShopWise Beauty,No Warranty,Sensitive Skin,Oily Hair,Hyaluronic Acid,100 ml,N/A,Unisex,"Hyaluronic Acid, Dermatologically Tested, Paraben Free",Minimalist Sunscreen SPF 50 enriched with Hyaluronic Acid. Suitable for sun protection and daily use.,Sun Protection,https://example.com/images/beauty/900124.jpg,https://example.com/products/900124
900125,Minimalist Niacinamide Serum,Beauty & Skincare,Serum,Minimalist,849,999,15,4.9,15167,In Stock,ShopWise Beauty,No Warranty,Oily Skin,Oily Hair,Green Tea,50 ml,SPF 30,Unisex,"Green Tea, Dermatologically Tested, Paraben Free",Minimalist Niacinamide Serum enriched with Green Tea. Suitable for skin care and daily use.,Skin Care,https://example.com/images/beauty/900125.jpg,https://example.com/products/900125
900126,Nivea Face Wash,Beauty & Skincare,Face Wash,Nivea,199,349,43,5.0,16872,In Stock,ShopWise Beauty,No Warranty,All Skin,Dry Hair,Niacinamide,100 ml,SPF 30,Unisex,"Niacinamide, Dermatologically Tested, Paraben Free",Nivea Face Wash enriched with Niacinamide. Suitable for skin care and daily use.,Skin Care,https://example.com/images/beauty/900126.jpg,https://example.com/products/900126
900127,The Derma Co Vitamin C Serum,Beauty & Skincare,Serum,The Derma Co,1399,1449,3,4.5,10052,In Stock,ShopWise Beauty,No Warranty,Oily Skin,Oily Hair,Ceramides,50 ml,SPF 30,Unisex,"Ceramides, Dermatologically Tested, Paraben Free",The Derma Co Vitamin C Serum enriched with Ceramides. Suitable for skin care and daily use.,Skin Care,https://example.com/images/beauty/900127.jpg,https://example.com/products/900127
900128,The Derma Co 1% Hyaluronic Sunscreen,Beauty & Skincare,Sunscreen,The Derma Co,599,649,8,4.2,11362,In Stock,ShopWise Beauty,No Warranty,Sensitive Skin,Oily Hair,Aloe Vera,250 ml,SPF 30,Unisex,"Aloe Vera, Dermatologically Tested, Paraben Free",The Derma Co 1% Hyaluronic Sunscreen enriched with Aloe Vera. Suitable for sun protection and daily use.,Sun Protection,https://example.com/images/beauty/900128.jpg,https://example.com/products/900128
900129,The Derma Co Salicylic Face Wash,Beauty & Skincare,Face Wash,The Derma Co,399,749,47,4.2,5336,In Stock,ShopWise Beauty,No Warranty,Combination Skin,Dry Hair,Ceramides,50 ml,SPF 50,Unisex,"Ceramides, Dermatologically Tested, Paraben Free",The Derma Co Salicylic Face Wash enriched with Ceramides. Suitable for skin care and daily use.,Skin Care,https://example.com/images/beauty/900129.jpg,https://example.com/products/900129
900130,Plum Green Tea Face Wash,Beauty & Skincare,Face Wash,Plum,649,999,35,4.1,25664,In Stock,ShopWise Beauty,No Warranty,Oily Skin,Dry Hair,Ceramides,50 ml,N/A,Unisex,"Ceramides, Dermatologically Tested, Paraben Free",Plum Green Tea Face Wash enriched with Ceramides. Suitable for skin care and daily use.,Skin Care,https://example.com/images/beauty/900130.jpg,https://example.com/products/900130
900131,Cetaphil Gentle Skin Cleanser,Beauty & Skincare,Face Wash,Cetaphil,449,649,31,4.9,24266,In Stock,ShopWise Beauty,No Warranty,Dry Skin,Oily Hair,Hyaluronic Acid,100 ml,N/A,Unisex,"Hyaluronic Acid, Dermatologically Tested, Paraben Free",Cetaphil Gentle Skin Cleanser enriched with Hyaluronic Acid. Suitable for skin care and daily use.,Skin Care,https://example.com/images/beauty/900131.jpg,https://example.com/products/900131
900132,Cetaphil Gentle Skin Cleanser,Beauty & Skincare,Face Wash,Cetaphil,599,1049,43,4.9,14101,In Stock,ShopWise Beauty,No Warranty,Sensitive Skin,Oily Hair,Niacinamide,100 ml,SPF 50,Unisex,"Niacinamide, Dermatologically Tested, Paraben Free",Cetaphil Gentle Skin Cleanser enriched with Niacinamide. Suitable for skin care and daily use.,Skin Care,https://example.com/images/beauty/900132.jpg,https://example.com/products/900132
900133,Mamaearth Ubtan Face Wash,Beauty & Skincare,Face Wash,Mamaearth,199,249,20,4.3,24446,In Stock,ShopWise Beauty,No Warranty,Sensitive Skin,All Hair,Green Tea,250 ml,N/A,Unisex,"Green Tea, Dermatologically Tested, Paraben Free",Mamaearth Ubtan Face Wash enriched with Green Tea. Suitable for skin care and daily use.,Skin Care,https://example.com/images/beauty/900133.jpg,https://example.com/products/900133
900134,Cetaphil Moisturizing Lotion,Beauty & Skincare,Moisturizer,Cetaphil,849,899,6,4.2,15473,In Stock,ShopWise Beauty,No Warranty,Oily Skin,Dry Hair,Vitamin C,50 ml,SPF 30,Unisex,"Vitamin C, Dermatologically Tested, Paraben Free",Cetaphil Moisturizing Lotion enriched with Vitamin C. Suitable for hydration and daily use.,Hydration,https://example.com/images/beauty/900134.jpg,https://example.com/products/900134
900135,Nivea Face Wash,Beauty & Skincare,Face Wash,Nivea,849,949,11,4.1,28126,In Stock,ShopWise Beauty,No Warranty,Oily Skin,Dry Hair,Niacinamide,150 ml,SPF 50,Unisex,"Niacinamide, Dermatologically Tested, Paraben Free",Nivea Face Wash enriched with Niacinamide. Suitable for skin care and daily use.,Skin Care,https://example.com/images/beauty/900135.jpg,https://example.com/products/900135
900136,The Derma Co 1% Hyaluronic Sunscreen,Beauty & Skincare,Sunscreen,The Derma Co,499,949,47,4.5,21127,In Stock,ShopWise Beauty,No Warranty,Combination Skin,Dry Hair,Salicylic Acid,150 ml,SPF 30,Unisex,"Salicylic Acid, Dermatologically Tested, Paraben Free",The Derma Co 1% Hyaluronic Sunscreen enriched with Salicylic Acid. Suitable for sun protection and daily use.,Sun Protection,https://example.com/images/beauty/900136.jpg,https://example.com/products/900136
900137,Nivea Soft Cream,Beauty & Skincare,Moisturizer,Nivea,749,1049,29,4.0,29587,In Stock,ShopWise Beauty,No Warranty,Combination Skin,All Hair,Aloe Vera,30 ml,SPF 50,Unisex,"Aloe Vera, Dermatologically Tested, Paraben Free",Nivea Soft Cream enriched with Aloe Vera. Suitable for hydration and daily use.,Hydration,https://example.com/images/beauty/900137.jpg,https://example.com/products/900137
900138,Maybelline Sky High Mascara,Beauty & Skincare,Makeup,Maybelline,1349,1649,18,4.7,22081,In Stock,ShopWise Beauty,No Warranty,All Skin,Oily Hair,Vitamin C,150 ml,N/A,Unisex,"Vitamin C, Dermatologically Tested, Paraben Free",Maybelline Sky High Mascara enriched with Vitamin C. Suitable for makeup and daily use.,Makeup,https://example.com/images/beauty/900138.jpg,https://example.com/products/900138
900139,L'Oréal Total Repair Shampoo,Beauty & Skincare,Shampoo,L'Oréal,799,1249,36,4.4,3915,In Stock,ShopWise Beauty,No Warranty,Combination Skin,Dry Hair,Green Tea,50 ml,SPF 50,Unisex,"Green Tea, Dermatologically Tested, Paraben Free",L'Oréal Total Repair Shampoo enriched with Green Tea. Suitable for hair care and daily use.,Hair Care,https://example.com/images/beauty/900139.jpg,https://example.com/products/900139
900140,Cetaphil Daily Facial Cleanser,Beauty & Skincare,Face Wash,Cetaphil,649,899,28,4.1,14060,In Stock,ShopWise Beauty,No Warranty,All Skin,All Hair,Aloe Vera,100 ml,SPF 50,Unisex,"Aloe Vera, Dermatologically Tested, Paraben Free",Cetaphil Daily Facial Cleanser enriched with Aloe Vera. Suitable for skin care and daily use.,Skin Care,https://example.com/images/beauty/900140.jpg,https://example.com/products/900140
900141,The Derma Co Salicylic Face Wash,Beauty & Skincare,Face Wash,The Derma Co,649,999,35,4.7,9206,In Stock,ShopWise Beauty,No Warranty,Oily Skin,Dry Hair,Salicylic Acid,250 ml,SPF 50,Unisex,"Salicylic Acid, Dermatologically Tested, Paraben Free",The Derma Co Salicylic Face Wash enriched with Salicylic Acid. Suitable for skin care and daily use.,Skin Care,https://example.com/images/beauty/900141.jpg,https://example.com/products/900141
900142,Mamaearth Ubtan Face Wash,Beauty & Skincare,Face Wash,Mamaearth,549,899,39,4.9,1877,In Stock,ShopWise Beauty,No Warranty,Dry Skin,Oily Hair,Green Tea,50 ml,SPF 30,Unisex,"Green Tea, Dermatologically Tested, Paraben Free",Mamaearth Ubtan Face Wash enriched with Green Tea. Suitable for skin care and daily use.,Skin Care,https://example.com/images/beauty/900142.jpg,https://example.com/products/900142
900143,Lakme Sunscreen,Beauty & Skincare,Sunscreen,Lakme,1199,1649,27,4.3,26929,In Stock,ShopWise Beauty,No Warranty,Sensitive Skin,All Hair,Hyaluronic Acid,250 ml,SPF 50,Unisex,"Hyaluronic Acid, Dermatologically Tested, Paraben Free",Lakme Sunscreen enriched with Hyaluronic Acid. Suitable for sun protection and daily use.,Sun Protection,https://example.com/images/beauty/900143.jpg,https://example.com/products/900143
900144,Plum Night Gel,Beauty & Skincare,Moisturizer,Plum,599,949,37,4.4,22593,In Stock,ShopWise Beauty,No Warranty,Combination Skin,Oily Hair,Niacinamide,200 ml,SPF 50,Unisex,"Niacinamide, Dermatologically Tested, Paraben Free",Plum Night Gel enriched with Niacinamide. Suitable for hydration and daily use.,Hydration,https://example.com/images/beauty/900144.jpg,https://example.com/products/900144
900145,Lakme Sunscreen,Beauty & Skincare,Sunscreen,Lakme,549,699,21,4.9,4930,In Stock,ShopWise Beauty,No Warranty,Oily Skin,All Hair,Niacinamide,30 ml,SPF 30,Unisex,"Niacinamide, Dermatologically Tested, Paraben Free",Lakme Sunscreen enriched with Niacinamide. Suitable for sun protection and daily use.,Sun Protection,https://example.com/images/beauty/900145.jpg,https://example.com/products/900145
900146,Lakme Face Cream,Beauty & Skincare,Moisturizer,Lakme,499,899,44,4.2,9503,In Stock,ShopWise Beauty,No Warranty,All Skin,Oily Hair,Niacinamide,150 ml,SPF 30,Unisex,"Niacinamide, Dermatologically Tested, Paraben Free",Lakme Face Cream enriched with Niacinamide. Suitable for hydration and daily use.,Hydration,https://example.com/images/beauty/900146.jpg,https://example.com/products/900146
900147,The Derma Co Salicylic Face Wash,Beauty & Skincare,Face Wash,The Derma Co,699,1149,39,4.9,10017,In Stock,ShopWise Beauty,No Warranty,Dry Skin,Oily Hair,Ceramides,250 ml,SPF 50,Unisex,"Ceramides, Dermatologically Tested, Paraben Free",The Derma Co Salicylic Face Wash enriched with Ceramides. Suitable for skin care and daily use.,Skin Care,https://example.com/images/beauty/900147.jpg,https://example.com/products/900147
900148,L'Oréal Total Repair Shampoo,Beauty & Skincare,Shampoo,L'Oréal,299,349,14,5.0,18222,In Stock,ShopWise Beauty,No Warranty,Combination Skin,All Hair,Salicylic Acid,100 ml,N/A,Unisex,"Salicylic Acid, Dermatologically Tested, Paraben Free",L'Oréal Total Repair Shampoo enriched with Salicylic Acid. Suitable for hair care and daily use.,Hair Care,https://example.com/images/beauty/900148.jpg,https://example.com/products/900148
900149,L'Oréal Paris Serum,Beauty & Skincare,Serum,L'Oréal,699,749,7,4.1,15184,In Stock,ShopWise Beauty,No Warranty,Sensitive Skin,All Hair,Green Tea,50 ml,SPF 50,Unisex,"Green Tea, Dermatologically Tested, Paraben Free",L'Oréal Paris Serum enriched with Green Tea. Suitable for skin care and daily use.,Skin Care,https://example.com/images/beauty/900149.jpg,https://example.com/products/900149
900150,Lakme 9to5 Foundation,Beauty & Skincare,Makeup,Lakme,1699,1799,6,4.8,28927,In Stock,ShopWise Beauty,No Warranty,Combination Skin,Damaged Hair,Vitamin C,150 ml,N/A,Unisex,"Vitamin C, Dermatologically Tested, Paraben Free",Lakme 9to5 Foundation enriched with Vitamin C. Suitable for makeup and daily use.,Makeup,https://example.com/images/beauty/900150.jpg,https://example.com/products/900150
900151,Minimalist Vitamin C Serum,Beauty & Skincare,Serum,Minimalist,699,1099,36,4.2,24352,In Stock,ShopWise Beauty,No Warranty,Combination Skin,Oily Hair,Ceramides,150 ml,SPF 30,Unisex,"Ceramides, Dermatologically Tested, Paraben Free",Minimalist Vitamin C Serum enriched with Ceramides. Suitable for skin care and daily use.,Skin Care,https://example.com/images/beauty/900151.jpg,https://example.com/products/900151
900152,Neutrogena Acne Face Wash,Beauty & Skincare,Face Wash,Neutrogena,699,899,22,4.7,637,In Stock,ShopWise Beauty,No Warranty,Sensitive Skin,Dry Hair,Ceramides,250 ml,SPF 50,Unisex,"Ceramides, Dermatologically Tested, Paraben Free",Neutrogena Acne Face Wash enriched with Ceramides. Suitable for skin care and daily use.,Skin Care,https://example.com/images/beauty/900152.jpg,https://example.com/products/900152
900153,Maybelline Lipstick,Beauty & Skincare,Makeup,Maybelline,849,999,15,4.2,8653,In Stock,ShopWise Beauty,No Warranty,Oily Skin,Dry Hair,Ceramides,150 ml,SPF 30,Unisex,"Ceramides, Dermatologically Tested, Paraben Free",Maybelline Lipstick enriched with Ceramides. Suitable for makeup and daily use.,Makeup,https://example.com/images/beauty/900153.jpg,https://example.com/products/900153
900154,Neutrogena Acne Face Wash,Beauty & Skincare,Face Wash,Neutrogena,549,699,21,4.3,8212,In Stock,ShopWise Beauty,No Warranty,Sensitive Skin,Oily Hair,Vitamin C,100 ml,SPF 30,Unisex,"Vitamin C, Dermatologically Tested, Paraben Free",Neutrogena Acne Face Wash enriched with Vitamin C. Suitable for skin care and daily use.,Skin Care,https://example.com/images/beauty/900154.jpg,https://example.com/products/900154
900155,Cetaphil Moisturizing Lotion,Beauty & Skincare,Moisturizer,Cetaphil,1199,1249,4,4.3,9354,In Stock,ShopWise Beauty,No Warranty,Dry Skin,All Hair,Ceramides,50 ml,N/A,Unisex,"Ceramides, Dermatologically Tested, Paraben Free",Cetaphil Moisturizing Lotion enriched with Ceramides. Suitable for hydration and daily use.,Hydration,https://example.com/images/beauty/900155.jpg,https://example.com/products/900155
900156,Maybelline Sky High Mascara,Beauty & Skincare,Makeup,Maybelline,399,549,27,4.2,15105,In Stock,ShopWise Beauty,No Warranty,Sensitive Skin,Oily Hair,Salicylic Acid,100 ml,SPF 50,Unisex,"Salicylic Acid, Dermatologically Tested, Paraben Free",Maybelline Sky High Mascara enriched with Salicylic Acid. Suitable for makeup and daily use.,Makeup,https://example.com/images/beauty/900156.jpg,https://example.com/products/900156
900157,Neutrogena Hydro Boost Gel,Beauty & Skincare,Moisturizer,Neutrogena,799,1099,27,4.6,13390,In Stock,ShopWise Beauty,No Warranty,Combination Skin,Dry Hair,Salicylic Acid,200 ml,SPF 50,Unisex,"Salicylic Acid, Dermatologically Tested, Paraben Free",Neutrogena Hydro Boost Gel enriched with Salicylic Acid. Suitable for hydration and daily use.,Hydration,https://example.com/images/beauty/900157.jpg,https://example.com/products/900157
900158,Plum Body Mist,Beauty & Skincare,Beauty,Plum,549,849,35,4.8,22229,In Stock,ShopWise Beauty,No Warranty,Sensitive Skin,Oily Hair,Salicylic Acid,30 ml,N/A,Unisex,"Salicylic Acid, Dermatologically Tested, Paraben Free",Plum Body Mist enriched with Salicylic Acid. Suitable for beauty and daily use.,Beauty,https://example.com/images/beauty/900158.jpg,https://example.com/products/900158
900159,Cetaphil Gentle Skin Cleanser,Beauty & Skincare,Face Wash,Cetaphil,599,899,33,4.1,25150,In Stock,ShopWise Beauty,No Warranty,Sensitive Skin,Oily Hair,Green Tea,50 ml,SPF 30,Unisex,"Green Tea, Dermatologically Tested, Paraben Free",Cetaphil Gentle Skin Cleanser enriched with Green Tea. Suitable for skin care and daily use.,Skin Care,https://example.com/images/beauty/900159.jpg,https://example.com/products/900159
900160,Lakme Face Cream,Beauty & Skincare,Moisturizer,Lakme,399,549,27,4.1,2131,In Stock,ShopWise Beauty,No Warranty,Dry Skin,Dry Hair,Hyaluronic Acid,100 ml,SPF 50,Unisex,"Hyaluronic Acid, Dermatologically Tested, Paraben Free",Lakme Face Cream enriched with Hyaluronic Acid. Suitable for hydration and daily use.,Hydration,https://example.com/images/beauty/900160.jpg,https://example.com/products/900160
900161,L'Oréal Total Repair Shampoo,Beauty & Skincare,Shampoo,L'Oréal,299,399,25,4.2,22923,In Stock,ShopWise Beauty,No Warranty,All Skin,Oily Hair,Aloe Vera,50 ml,N/A,Unisex,"Aloe Vera, Dermatologically Tested, Paraben Free",L'Oréal Total Repair Shampoo enriched with Aloe Vera. Suitable for hair care and daily use.,Hair Care,https://example.com/images/beauty/900161.jpg,https://example.com/products/900161
900162,Lakme 9to5 Foundation,Beauty & Skincare,Makeup,Lakme,1499,1649,9,4.1,19407,In Stock,ShopWise Beauty,No Warranty,Sensitive Skin,Dry Hair,Vitamin C,50 ml,SPF 50,Unisex,"Vitamin C, Dermatologically Tested, Paraben Free",Lakme 9to5 Foundation enriched with Vitamin C. Suitable for makeup and daily use.,Makeup,https://example.com/images/beauty/900162.jpg,https://example.com/products/900162
900163,Maybelline Fit Me Foundation,Beauty & Skincare,Makeup,Maybelline,1449,1799,19,4.6,22431,In Stock,ShopWise Beauty,No Warranty,All Skin,Oily Hair,Hyaluronic Acid,100 ml,SPF 50,Unisex,"Hyaluronic Acid, Dermatologically Tested, Paraben Free",Maybelline Fit Me Foundation enriched with Hyaluronic Acid. Suitable for makeup and daily use.,Makeup,https://example.com/images/beauty/900163.jpg,https://example.com/products/900163
900164,Plum Body Mist,Beauty & Skincare,Beauty,Plum,449,649,31,4.2,11846,In Stock,ShopWise Beauty,No Warranty,Dry Skin,Dry Hair,Hyaluronic Acid,200 ml,SPF 30,Unisex,"Hyaluronic Acid, Dermatologically Tested, Paraben Free",Plum Body Mist enriched with Hyaluronic Acid. Suitable for beauty and daily use.,Beauty,https://example.com/images/beauty/900164.jpg,https://example.com/products/900164
900165,Neutrogena Acne Face Wash,Beauty & Skincare,Face Wash,Neutrogena,649,1049,38,4.6,27987,In Stock,ShopWise Beauty,No Warranty,Oily Skin,Dry Hair,Ceramides,200 ml,SPF 50,Unisex,"Ceramides, Dermatologically Tested, Paraben Free",Neutrogena Acne Face Wash enriched with Ceramides. Suitable for skin care and daily use.,Skin Care,https://example.com/images/beauty/900165.jpg,https://example.com/products/900165
900166,Cetaphil Daily Facial Cleanser,Beauty & Skincare,Face Wash,Cetaphil,399,499,20,4.1,25343,In Stock,ShopWise Beauty,No Warranty,All Skin,Dry Hair,Green Tea,50 ml,SPF 30,Unisex,"Green Tea, Dermatologically Tested, Paraben Free",Cetaphil Daily Facial Cleanser enriched with Green Tea. Suitable for skin care and daily use.,Skin Care,https://example.com/images/beauty/900166.jpg,https://example.com/products/900166
900167,Maybelline Lipstick,Beauty & Skincare,Makeup,Maybelline,1499,1849,19,4.1,20165,In Stock,ShopWise Beauty,No Warranty,Dry Skin,Dry Hair,Aloe Vera,150 ml,N/A,Unisex,"Aloe Vera, Dermatologically Tested, Paraben Free",Maybelline Lipstick enriched with Aloe Vera. Suitable for makeup and daily use.,Makeup,https://example.com/images/beauty/900167.jpg,https://example.com/products/900167
900168,Lakme 9to5 Foundation,Beauty & Skincare,Makeup,Lakme,1299,1549,16,4.7,24042,In Stock,ShopWise Beauty,No Warranty,Dry Skin,Damaged Hair,Salicylic Acid,150 ml,SPF 30,Unisex,"Salicylic Acid, Dermatologically Tested, Paraben Free",Lakme 9to5 Foundation enriched with Salicylic Acid. Suitable for makeup and daily use.,Makeup,https://example.com/images/beauty/900168.jpg,https://example.com/products/900168
900169,Lakme 9to5 Foundation,Beauty & Skincare,Makeup,Lakme,1799,2149,16,4.8,15986,In Stock,ShopWise Beauty,No Warranty,Sensitive Skin,All Hair,Green Tea,100 ml,SPF 30,Unisex,"Green Tea, Dermatologically Tested, Paraben Free",Lakme 9to5 Foundation enriched with Green Tea. Suitable for makeup and daily use.,Makeup,https://example.com/images/beauty/900169.jpg,https://example.com/products/900169
900170,The Derma Co Salicylic Face Wash,Beauty & Skincare,Face Wash,The Derma Co,599,749,20,4.7,10572,In Stock,ShopWise Beauty,No Warranty,Combination Skin,Oily Hair,Niacinamide,200 ml,SPF 30,Unisex,"Niacinamide, Dermatologically Tested, Paraben Free",The Derma Co Salicylic Face Wash enriched with Niacinamide. Suitable for skin care and daily use.,Skin Care,https://example.com/images/beauty/900170.jpg,https://example.com/products/900170
900171,Maybelline Sky High Mascara,Beauty & Skincare,Makeup,Maybelline,799,949,16,4.5,22913,In Stock,ShopWise Beauty,No Warranty,Combination Skin,Damaged Hair,Ceramides,250 ml,N/A,Unisex,"Ceramides, Dermatologically Tested, Paraben Free",Maybelline Sky High Mascara enriched with Ceramides. Suitable for makeup and daily use.,Makeup,https://example.com/images/beauty/900171.jpg,https://example.com/products/900171
900172,Minimalist Sunscreen SPF 50,Beauty & Skincare,Sunscreen,Minimalist,349,649,46,4.5,14732,In Stock,ShopWise Beauty,No Warranty,Dry Skin,Damaged Hair,Niacinamide,30 ml,N/A,Unisex,"Niacinamide, Dermatologically Tested, Paraben Free",Minimalist Sunscreen SPF 50 enriched with Niacinamide. Suitable for sun protection and daily use.,Sun Protection,https://example.com/images/beauty/900172.jpg,https://example.com/products/900172
900173,Minimalist Sunscreen SPF 50,Beauty & Skincare,Sunscreen,Minimalist,849,899,6,4.7,15048,In Stock,ShopWise Beauty,No Warranty,Sensitive Skin,All Hair,Aloe Vera,150 ml,N/A,Unisex,"Aloe Vera, Dermatologically Tested, Paraben Free",Minimalist Sunscreen SPF 50 enriched with Aloe Vera. Suitable for sun protection and daily use.,Sun Protection,https://example.com/images/beauty/900173.jpg,https://example.com/products/900173
900174,Cetaphil Gentle Skin Cleanser,Beauty & Skincare,Face Wash,Cetaphil,399,599,33,4.7,28144,In Stock,ShopWise Beauty,No Warranty,Dry Skin,All Hair,Salicylic Acid,200 ml,N/A,Unisex,"Salicylic Acid, Dermatologically Tested, Paraben Free",Cetaphil Gentle Skin Cleanser enriched with Salicylic Acid. Suitable for skin care and daily use.,Skin Care,https://example.com/images/beauty/900174.jpg,https://example.com/products/900174
900175,Minimalist Sunscreen SPF 50,Beauty & Skincare,Sunscreen,Minimalist,749,949,21,4.1,23273,In Stock,ShopWise Beauty,No Warranty,All Skin,All Hair,Aloe Vera,100 ml,SPF 30,Unisex,"Aloe Vera, Dermatologically Tested, Paraben Free",Minimalist Sunscreen SPF 50 enriched with Aloe Vera. Suitable for sun protection and daily use.,Sun Protection,https://example.com/images/beauty/900175.jpg,https://example.com/products/900175
900176,Lakme Face Cream,Beauty & Skincare,Moisturizer,Lakme,1349,1799,25,4.9,6087,In Stock,ShopWise Beauty,No Warranty,Sensitive Skin,Damaged Hair,Vitamin C,100 ml,N/A,Unisex,"Vitamin C, Dermatologically Tested, Paraben Free",Lakme Face Cream enriched with Vitamin C. Suitable for hydration and daily use.,Hydration,https://example.com/images/beauty/900176.jpg,https://example.com/products/900176
900177,L'Oréal Total Repair Shampoo,Beauty & Skincare,Shampoo,L'Oréal,749,1149,35,4.1,19403,In Stock,ShopWise Beauty,No Warranty,Oily Skin,Dry Hair,Hyaluronic Acid,100 ml,N/A,Unisex,"Hyaluronic Acid, Dermatologically Tested, Paraben Free",L'Oréal Total Repair Shampoo enriched with Hyaluronic Acid. Suitable for hair care and daily use.,Hair Care,https://example.com/images/beauty/900177.jpg,https://example.com/products/900177
900178,Nivea Face Wash,Beauty & Skincare,Face Wash,Nivea,299,699,57,4.0,26601,In Stock,ShopWise Beauty,No Warranty,Oily Skin,Damaged Hair,Ceramides,100 ml,N/A,Unisex,"Ceramides, Dermatologically Tested, Paraben Free",Nivea Face Wash enriched with Ceramides. Suitable for skin care and daily use.,Skin Care,https://example.com/images/beauty/900178.jpg,https://example.com/products/900178
900179,Plum Night Gel,Beauty & Skincare,Moisturizer,Plum,1249,1449,14,4.4,21230,In Stock,ShopWise Beauty,No Warranty,Sensitive Skin,Damaged Hair,Salicylic Acid,100 ml,SPF 30,Unisex,"Salicylic Acid, Dermatologically Tested, Paraben Free",Plum Night Gel enriched with Salicylic Acid. Suitable for hydration and daily use.,Hydration,https://example.com/images/beauty/900179.jpg,https://example.com/products/900179
900180,Nivea Soft Cream,Beauty & Skincare,Moisturizer,Nivea,1049,1149,9,4.8,7250,In Stock,ShopWise Beauty,No Warranty,Dry Skin,Damaged Hair,Hyaluronic Acid,200 ml,SPF 30,Unisex,"Hyaluronic Acid, Dermatologically Tested, Paraben Free",Nivea Soft Cream enriched with Hyaluronic Acid. Suitable for hydration and daily use.,Hydration,https://example.com/images/beauty/900180.jpg,https://example.com/products/900180
900181,Plum Night Gel,Beauty & Skincare,Moisturizer,Plum,999,1249,20,5.0,25018,In Stock,ShopWise Beauty,No Warranty,Dry Skin,Dry Hair,Aloe Vera,250 ml,N/A,Unisex,"Aloe Vera, Dermatologically Tested, Paraben Free",Plum Night Gel enriched with Aloe Vera. Suitable for hydration and daily use.,Hydration,https://example.com/images/beauty/900181.jpg,https://example.com/products/900181
900182,Neutrogena Hydro Boost Gel,Beauty & Skincare,Moisturizer,Neutrogena,749,999,25,5.0,7265,In Stock,ShopWise Beauty,No Warranty,All Skin,Damaged Hair,Salicylic Acid,150 ml,N/A,Unisex,"Salicylic Acid, Dermatologically Tested, Paraben Free",Neutrogena Hydro Boost Gel enriched with Salicylic Acid. Suitable for hydration and daily use.,Hydration,https://example.com/images/beauty/900182.jpg,https://example.com/products/900182
900183,Maybelline Lipstick,Beauty & Skincare,Makeup,Maybelline,549,999,45,4.9,14248,In Stock,ShopWise Beauty,No Warranty,Sensitive Skin,Damaged Hair,Vitamin C,150 ml,N/A,Unisex,"Vitamin C, Dermatologically Tested, Paraben Free",Maybelline Lipstick enriched with Vitamin C. Suitable for makeup and daily use.,Makeup,https://example.com/images/beauty/900183.jpg,https://example.com/products/900183
900184,Maybelline Sky High Mascara,Beauty & Skincare,Makeup,Maybelline,999,1099,9,4.5,8412,In Stock,ShopWise Beauty,No Warranty,Dry Skin,All Hair,Green Tea,250 ml,SPF 30,Unisex,"Green Tea, Dermatologically Tested, Paraben Free",Maybelline Sky High Mascara enriched with Green Tea. Suitable for makeup and daily use.,Makeup,https://example.com/images/beauty/900184.jpg,https://example.com/products/900184
900185,L'Oréal Revitalift Cream,Beauty & Skincare,Moisturizer,L'Oréal,949,1249,24,4.8,17789,In Stock,ShopWise Beauty,No Warranty,All Skin,Damaged Hair,Aloe Vera,100 ml,N/A,Unisex,"Aloe Vera, Dermatologically Tested, Paraben Free",L'Oréal Revitalift Cream enriched with Aloe Vera. Suitable for hydration and daily use.,Hydration,https://example.com/images/beauty/900185.jpg,https://example.com/products/900185
900186,Mamaearth Vitamin C Face Wash,Beauty & Skincare,Face Wash,Mamaearth,649,799,19,4.1,4854,In Stock,ShopWise Beauty,No Warranty,Combination Skin,All Hair,Aloe Vera,150 ml,SPF 30,Unisex,"Aloe Vera, Dermatologically Tested, Paraben Free",Mamaearth Vitamin C Face Wash enriched with Aloe Vera. Suitable for skin care and daily use.,Skin Care,https://example.com/images/beauty/900186.jpg,https://example.com/products/900186
900187,Neutrogena Hydro Boost Gel,Beauty & Skincare,Moisturizer,Neutrogena,349,699,50,4.6,29981,In Stock,ShopWise Beauty,No Warranty,Dry Skin,All Hair,Aloe Vera,200 ml,SPF 30,Unisex,"Aloe Vera, Dermatologically Tested, Paraben Free",Neutrogena Hydro Boost Gel enriched with Aloe Vera. Suitable for hydration and daily use.,Hydration,https://example.com/images/beauty/900187.jpg,https://example.com/products/900187
900188,Minimalist Niacinamide Serum,Beauty & Skincare,Serum,Minimalist,999,1249,20,4.0,5026,In Stock,ShopWise Beauty,No Warranty,All Skin,Dry Hair,Niacinamide,200 ml,N/A,Unisex,"Niacinamide, Dermatologically Tested, Paraben Free",Minimalist Niacinamide Serum enriched with Niacinamide. Suitable for skin care and daily use.,Skin Care,https://example.com/images/beauty/900188.jpg,https://example.com/products/900188
900189,L'Oréal Paris Serum,Beauty & Skincare,Serum,L'Oréal,1149,1199,4,4.1,23835,In Stock,ShopWise Beauty,No Warranty,All Skin,All Hair,Aloe Vera,100 ml,SPF 50,Unisex,"Aloe Vera, Dermatologically Tested, Paraben Free",L'Oréal Paris Serum enriched with Aloe Vera. Suitable for skin care and daily use.,Skin Care,https://example.com/images/beauty/900189.jpg,https://example.com/products/900189
900190,Mamaearth Onion Shampoo,Beauty & Skincare,Shampoo,Mamaearth,899,949,5,4.1,23730,In Stock,ShopWise Beauty,No Warranty,Combination Skin,Oily Hair,Niacinamide,50 ml,N/A,Unisex,"Niacinamide, Dermatologically Tested, Paraben Free",Mamaearth Onion Shampoo enriched with Niacinamide. Suitable for hair care and daily use.,Hair Care,https://example.com/images/beauty/900190.jpg,https://example.com/products/900190
900191,Mamaearth Onion Shampoo,Beauty & Skincare,Shampoo,Mamaearth,899,1249,28,4.8,29900,In Stock,ShopWise Beauty,No Warranty,Dry Skin,Dry Hair,Hyaluronic Acid,100 ml,SPF 50,Unisex,"Hyaluronic Acid, Dermatologically Tested, Paraben Free",Mamaearth Onion Shampoo enriched with Hyaluronic Acid. Suitable for hair care and daily use.,Hair Care,https://example.com/images/beauty/900191.jpg,https://example.com/products/900191
900192,Mamaearth Onion Shampoo,Beauty & Skincare,Shampoo,Mamaearth,549,599,8,4.4,3721,In Stock,ShopWise Beauty,No Warranty,Dry Skin,Dry Hair,Hyaluronic Acid,150 ml,SPF 50,Unisex,"Hyaluronic Acid, Dermatologically Tested, Paraben Free",Mamaearth Onion Shampoo enriched with Hyaluronic Acid. Suitable for hair care and daily use.,Hair Care,https://example.com/images/beauty/900192.jpg,https://example.com/products/900192
900193,Cetaphil Daily Facial Cleanser,Beauty & Skincare,Face Wash,Cetaphil,249,299,17,4.1,29655,In Stock,ShopWise Beauty,No Warranty,Combination Skin,All Hair,Salicylic Acid,150 ml,N/A,Unisex,"Salicylic Acid, Dermatologically Tested, Paraben Free",Cetaphil Daily Facial Cleanser enriched with Salicylic Acid. Suitable for skin care and daily use.,Skin Care,https://example.com/images/beauty/900193.jpg,https://example.com/products/900193
900194,The Derma Co Salicylic Face Wash,Beauty & Skincare,Face Wash,The Derma Co,199,399,50,4.9,24657,In Stock,ShopWise Beauty,No Warranty,Combination Skin,Damaged Hair,Salicylic Acid,50 ml,SPF 50,Unisex,"Salicylic Acid, Dermatologically Tested, Paraben Free",The Derma Co Salicylic Face Wash enriched with Salicylic Acid. Suitable for skin care and daily use.,Skin Care,https://example.com/images/beauty/900194.jpg,https://example.com/products/900194
900195,Neutrogena Ultra Sheer Sunscreen,Beauty & Skincare,Sunscreen,Neutrogena,549,849,35,4.4,11208,In Stock,ShopWise Beauty,No Warranty,Combination Skin,Damaged Hair,Green Tea,100 ml,SPF 30,Unisex,"Green Tea, Dermatologically Tested, Paraben Free",Neutrogena Ultra Sheer Sunscreen enriched with Green Tea. Suitable for sun protection and daily use.,Sun Protection,https://example.com/images/beauty/900195.jpg,https://example.com/products/900195
900196,Maybelline Lipstick,Beauty & Skincare,Makeup,Maybelline,499,849,41,4.1,3300,In Stock,ShopWise Beauty,No Warranty,Oily Skin,Oily Hair,Niacinamide,50 ml,SPF 30,Unisex,"Niacinamide, Dermatologically Tested, Paraben Free",Maybelline Lipstick enriched with Niacinamide. Suitable for makeup and daily use.,Makeup,https://example.com/images/beauty/900196.jpg,https://example.com/products/900196
900197,Plum Body Mist,Beauty & Skincare,Beauty,Plum,599,899,33,4.1,8405,In Stock,ShopWise Beauty,No Warranty,Dry Skin,Damaged Hair,Hyaluronic Acid,250 ml,N/A,Unisex,"Hyaluronic Acid, Dermatologically Tested, Paraben Free",Plum Body Mist enriched with Hyaluronic Acid. Suitable for beauty and daily use.,Beauty,https://example.com/images/beauty/900197.jpg,https://example.com/products/900197
900198,Mamaearth Ubtan Face Wash,Beauty & Skincare,Face Wash,Mamaearth,299,649,54,4.1,24294,In Stock,ShopWise Beauty,No Warranty,All Skin,Dry Hair,Hyaluronic Acid,150 ml,SPF 50,Unisex,"Hyaluronic Acid, Dermatologically Tested, Paraben Free",Mamaearth Ubtan Face Wash enriched with Hyaluronic Acid. Suitable for skin care and daily use.,Skin Care,https://example.com/images/beauty/900198.jpg,https://example.com/products/900198
900199,L'Oréal Paris Serum,Beauty & Skincare,Serum,L'Oréal,599,649,8,4.3,24705,In Stock,ShopWise Beauty,No Warranty,Oily Skin,All Hair,Salicylic Acid,50 ml,N/A,Unisex,"Salicylic Acid, Dermatologically Tested, Paraben Free",L'Oréal Paris Serum enriched with Salicylic Acid. Suitable for skin care and daily use.,Skin Care,https://example.com/images/beauty/900199.jpg,https://example.com/products/900199
900200,Plum Body Mist,Beauty & Skincare,Beauty,Plum,649,849,24,4.2,1496,In Stock,ShopWise Beauty,No Warranty,Dry Skin,All Hair,Niacinamide,30 ml,SPF 30,Unisex,"Niacinamide, Dermatologically Tested, Paraben Free",Plum Body Mist enriched with Niacinamide. Suitable for beauty and daily use.,Beauty,https://example.com/images/beauty/900200.jpg,https://example.com/products/900200
