product_id,product_name,category,sub_category,brand,price,original_price,discount_percentage,rating,review_count,stock_status,seller,warranty,color,size,material,closure_type,sole_material,occasion,gender,features,description,image_url,product_url
700001,Puma Fuse 3.0,Fashion,Sneakers,Puma,1999,2899,31,5.0,2045,In Stock,ShopWise Fashion,6 Months,Black,6,Mesh,Lace-Up,Rubber,Casual,Unisex,"Water Resistant, Anti-Slip, Cushioned Sole","Puma Fuse 3.0 sneakers with water resistant, anti-slip, cushioned sole. Ideal for gym use.",https://example.com/images/footwear/700001.jpg,https://example.com/products/700001
700002,Bata Power Runner,Fashion,Running Shoes,Bata,6699,8599,22,4.1,16852,In Stock,ShopWise Fashion,6 Months,Brown,11,Canvas,Slip-On,TPR,Casual,Unisex,"Cushioned Sole, Arch Support, Memory Foam","Bata Power Runner running shoes with cushioned sole, arch support, memory foam. Ideal for casual use.",https://example.com/images/footwear/700002.jpg,https://example.com/products/700002
700003,Puma Fuse 3.0,Fashion,Sneakers,Puma,9099,10799,16,4.4,16215,In Stock,ShopWise Fashion,6 Months,Brown,8,Leather,Velcro,TPR,Running,Unisex,"Breathable, Anti-Slip, Lightweight","Puma Fuse 3.0 sneakers with breathable, anti-slip, lightweight. Ideal for gym use.",https://example.com/images/footwear/700003.jpg,https://example.com/products/700003
700004,Reebok Floatride,Fashion,Sneakers,Reebok,4399,5399,19,4.7,19130,In Stock,ShopWise Fashion,6 Months,Grey,11,Leather,Lace-Up,TPR,Gym,Unisex,"Memory Foam, Arch Support, Lightweight","Reebok Floatride sneakers with memory foam, arch support, lightweight. Ideal for office use.",https://example.com/images/footwear/700004.jpg,https://example.com/products/700004
700005,Woodland Casual Shoe,Fashion,Sneakers,Woodland,8099,8599,6,4.4,24325,In Stock,ShopWise Fashion,6 Months,Brown,9,Leather,Lace-Up,EVA,Casual,Unisex,"Breathable, Water Resistant, Cushioned Sole","Woodland Casual Shoe sneakers with breathable, water resistant, cushioned sole. Ideal for gym use.",https://example.com/images/footwear/700005.jpg,https://example.com/products/700005
700006,Bata Casual Sneaker,Fashion,Sneakers,Bata,3099,3999,23,4.9,9926,In Stock,ShopWise Fashion,6 Months,Black,10,Mesh,Velcro,EVA,Running,Unisex,"Memory Foam, Arch Support, Breathable","Bata Casual Sneaker sneakers with memory foam, arch support, breathable. Ideal for running use.",https://example.com/images/footwear/700006.jpg,https://example.com/products/700006
700007,Woodland Casual Shoe,Fashion,Sneakers,Woodland,9499,11699,19,4.0,21353,In Stock,ShopWise Fashion,6 Months,Black,8,Knit,Velcro,TPR,Running,Unisex,"Lightweight, Memory Foam, Anti-Slip","Woodland Casual Shoe sneakers with lightweight, memory foam, anti-slip. Ideal for gym use.",https://example.com/images/footwear/700007.jpg,https://example.com/products/700007
700008,Adidas Ultraboost Light,Fashion,Running Shoes,Adidas,9899,12299,20,4.6,9102,In Stock,ShopWise Fashion,6 Months,Red,10,Mesh,Velcro,EVA,Office,Unisex,"Water Resistant, Cushioned Sole, Memory Foam","Adidas Ultraboost Light running shoes with water resistant, cushioned sole, memory foam. Ideal for casual use.",https://example.com/images/footwear/700008.jpg,https://example.com/products/700008
700009,Puma BMW Sneakers,Fashion,Sneakers,Puma,8599,10799,20,4.1,18065,In Stock,ShopWise Fashion,6 Months,Green,7,Canvas,Lace-Up,TPR,Casual,Unisex,"Breathable, Cushioned Sole, Memory Foam","Puma BMW Sneakers sneakers with breathable, cushioned sole, memory foam. Ideal for outdoor use.",https://example.com/images/footwear/700009.jpg,https://example.com/products/700009
700010,Nike Air Max,Fashion,Sneakers,Nike,2699,4899,45,4.9,13244,In Stock,ShopWise Fashion,6 Months,White,8,Knit,Slip-On,TPR,Running,Unisex,"Cushioned Sole, Arch Support, Breathable","Nike Air Max sneakers with cushioned sole, arch support, breathable. Ideal for travel use.",https://example.com/images/footwear/700010.jpg,https://example.com/products/700010
700011,Puma BMW Sneakers,Fashion,Sneakers,Puma,4799,6199,23,4.2,17892,In Stock,ShopWise Fashion,6 Months,Brown,10,Leather,Lace-Up,EVA,Casual,Unisex,"Memory Foam, Cushioned Sole, Anti-Slip","Puma BMW Sneakers sneakers with memory foam, cushioned sole, anti-slip. Ideal for travel use.",https://example.com/images/footwear/700011.jpg,https://example.com/products/700011
700012,Adidas Duramo SL,Fashion,Sneakers,Adidas,7499,9099,18,4.0,21465,In Stock,ShopWise Fashion,6 Months,Grey,11,Knit,Velcro,TPR,Running,Unisex,"Cushioned Sole, Lightweight, Anti-Slip","Adidas Duramo SL sneakers with cushioned sole, lightweight, anti-slip. Ideal for gym use.",https://example.com/images/footwear/700012.jpg,https://example.com/products/700012
700013,Crocs Bayaband,Fashion,Sneakers,Crocs,4399,4799,8,4.3,19615,In Stock,ShopWise Fashion,6 Months,Green,6,Canvas,Lace-Up,TPR,Casual,Unisex,"Cushioned Sole, Memory Foam, Water Resistant","Crocs Bayaband sneakers with cushioned sole, memory foam, water resistant. Ideal for casual use.",https://example.com/images/footwear/700013.jpg,https://example.com/products/700013
700014,Woodland Leather Boot,Fashion,Boots,Woodland,7699,9999,23,4.7,1807,In Stock,ShopWise Fashion,6 Months,Grey,10,Canvas,Velcro,Rubber,Casual,Unisex,"Lightweight, Arch Support, Anti-Slip","Woodland Leather Boot boots with lightweight, arch support, anti-slip. Ideal for travel use.",https://example.com/images/footwear/700014.jpg,https://example.com/products/700014
700015,Reebok Floatride,Fashion,Sneakers,Reebok,8399,9499,12,4.9,19728,In Stock,ShopWise Fashion,6 Months,Navy,8,Synthetic,Lace-Up,EVA,Gym,Unisex,"Anti-Slip, Lightweight, Water Resistant","Reebok Floatride sneakers with anti-slip, lightweight, water resistant. Ideal for gym use.",https://example.com/images/footwear/700015.jpg,https://example.com/products/700015
700016,Crocs Bayaband,Fashion,Sneakers,Crocs,9599,10999,13,4.5,1708,In Stock,ShopWise Fashion,6 Months,Black,9,Knit,Slip-On,TPR,Office,Unisex,"Breathable, Cushioned Sole, Lightweight","Crocs Bayaband sneakers with breathable, cushioned sole, lightweight. Ideal for outdoor use.",https://example.com/images/footwear/700016.jpg,https://example.com/products/700016
700017,Adidas Ultraboost Light,Fashion,Running Shoes,Adidas,10199,11899,14,4.5,8401,In Stock,ShopWise Fashion,6 Months,Grey,6,Leather,Slip-On,Rubber,Outdoor,Unisex,"Anti-Slip, Memory Foam, Breathable","Adidas Ultraboost Light running shoes with anti-slip, memory foam, breathable. Ideal for travel use.",https://example.com/images/footwear/700017.jpg,https://example.com/products/700017
700018,Woodland Leather Boot,Fashion,Boots,Woodland,4099,6299,35,4.8,9267,In Stock,ShopWise Fashion,6 Months,Red,7,Mesh,Velcro,EVA,Outdoor,Unisex,"Lightweight, Arch Support, Anti-Slip","Woodland Leather Boot boots with lightweight, arch support, anti-slip. Ideal for travel use.",https://example.com/images/footwear/700018.jpg,https://example.com/products/700018
700019,Nike Air Max,Fashion,Sneakers,Nike,5199,6699,22,4.8,10911,In Stock,ShopWise Fashion,6 Months,White,7,Canvas,Lace-Up,EVA,Travel,Unisex,"Anti-Slip, Cushioned Sole, Arch Support","Nike Air Max sneakers with anti-slip, cushioned sole, arch support. Ideal for outdoor use.",https://example.com/images/footwear/700019.jpg,https://example.com/products/700019
700020,Skechers Summits,Fashion,Sneakers,Skechers,5799,8099,28,4.9,13464,In Stock,ShopWise Fashion,6 Months,Blue,7,Leather,Slip-On,EVA,Office,Unisex,"Lightweight, Arch Support, Anti-Slip","Skechers Summits sneakers with lightweight, arch support, anti-slip. Ideal for gym use.",https://example.com/images/footwear/700020.jpg,https://example.com/products/700020
700021,Skechers Arch Fit,Fashion,Sneakers,Skechers,2999,5299,43,4.6,15596,In Stock,ShopWise Fashion,6 Months,Grey,6,Synthetic,Slip-On,Rubber,Office,Unisex,"Cushioned Sole, Water Resistant, Lightweight","Skechers Arch Fit sneakers with cushioned sole, water resistant, lightweight. Ideal for running use.",https://example.com/images/footwear/700021.jpg,https://example.com/products/700021
700022,Nike Court Vision,Fashion,Sneakers,Nike,7199,8299,13,4.0,17400,In Stock,ShopWise Fashion,6 Months,White,11,Mesh,Velcro,EVA,Casual,Unisex,"Cushioned Sole, Memory Foam, Lightweight","Nike Court Vision sneakers with cushioned sole, memory foam, lightweight. Ideal for office use.",https://example.com/images/footwear/700022.jpg,https://example.com/products/700022
700023,Crocs Bayaband,Fashion,Sneakers,Crocs,1999,3399,41,4.8,6213,In Stock,ShopWise Fashion,6 Months,Blue,9,Knit,Velcro,EVA,Outdoor,Unisex,"Anti-Slip, Arch Support, Breathable","Crocs Bayaband sneakers with anti-slip, arch support, breathable. Ideal for gym use.",https://example.com/images/footwear/700023.jpg,https://example.com/products/700023
700024,Crocs Bayaband,Fashion,Sneakers,Crocs,9299,10199,9,4.5,7935,In Stock,ShopWise Fashion,6 Months,Red,7,Canvas,Slip-On,TPR,Casual,Unisex,"Arch Support, Breathable, Memory Foam","Crocs Bayaband sneakers with arch support, breathable, memory foam. Ideal for travel use.",https://example.com/images/footwear/700024.jpg,https://example.com/products/700024
700025,Skechers Go Walk 7,Fashion,Sneakers,Skechers,8199,10099,19,5.0,3528,In Stock,ShopWise Fashion,6 Months,Brown,11,Mesh,Velcro,Rubber,Travel,Unisex,"Memory Foam, Arch Support, Cushioned Sole","Skechers Go Walk 7 sneakers with memory foam, arch support, cushioned sole. Ideal for travel use.",https://example.com/images/footwear/700025.jpg,https://example.com/products/700025
700026,Bata Casual Sneaker,Fashion,Sneakers,Bata,7199,8199,12,4.3,23794,In Stock,ShopWise Fashion,6 Months,Grey,6,Mesh,Lace-Up,TPR,Running,Unisex,"Cushioned Sole, Lightweight, Memory Foam","Bata Casual Sneaker sneakers with cushioned sole, lightweight, memory foam. Ideal for outdoor use.",https://example.com/images/footwear/700026.jpg,https://example.com/products/700026
700027,Bata Casual Sneaker,Fashion,Sneakers,Bata,8099,8499,5,4.3,18566,In Stock,ShopWise Fashion,6 Months,Blue,8,Leather,Slip-On,Rubber,Outdoor,Unisex,"Arch Support, Water Resistant, Memory Foam","Bata Casual Sneaker sneakers with arch support, water resistant, memory foam. Ideal for outdoor use.",https://example.com/images/footwear/700027.jpg,https://example.com/products/700027
700028,Woodland Outdoor Trek,Fashion,Sneakers,Woodland,7499,9699,23,4.3,5215,In Stock,ShopWise Fashion,6 Months,Blue,9,Mesh,Velcro,TPR,Gym,Unisex,"Cushioned Sole, Memory Foam, Water Resistant","Woodland Outdoor Trek sneakers with cushioned sole, memory foam, water resistant. Ideal for running use.",https://example.com/images/footwear/700028.jpg,https://example.com/products/700028
700029,Bata Formal Oxford,Fashion,Formal Shoes,Bata,1999,3499,43,4.0,21525,In Stock,ShopWise Fashion,6 Months,Navy,11,Mesh,Velcro,Rubber,Office,Unisex,"Lightweight, Memory Foam, Anti-Slip","Bata Formal Oxford formal shoes with lightweight, memory foam, anti-slip. Ideal for gym use.",https://example.com/images/footwear/700029.jpg,https://example.com/products/700029
700030,Reebok Nano X4,Fashion,Sneakers,Reebok,7499,9899,24,4.3,19716,In Stock,ShopWise Fashion,6 Months,Navy,10,Mesh,Slip-On,Rubber,Office,Unisex,"Arch Support, Breathable, Cushioned Sole","Reebok Nano X4 sneakers with arch support, breathable, cushioned sole. Ideal for gym use.",https://example.com/images/footwear/700030.jpg,https://example.com/products/700030
700031,Reebok Nano X4,Fashion,Sneakers,Reebok,9199,10599,13,4.5,1215,In Stock,ShopWise Fashion,6 Months,Green,8,Leather,Velcro,EVA,Gym,Unisex,"Breathable, Anti-Slip, Memory Foam","Reebok Nano X4 sneakers with breathable, anti-slip, memory foam. Ideal for office use.",https://example.com/images/footwear/700031.jpg,https://example.com/products/700031
700032,Nike Air Max,Fashion,Sneakers,Nike,6799,8799,23,4.3,2291,In Stock,ShopWise Fashion,6 Months,White,8,Knit,Slip-On,TPR,Office,Unisex,"Cushioned Sole, Lightweight, Arch Support","Nike Air Max sneakers with cushioned sole, lightweight, arch support. Ideal for travel use.",https://example.com/images/footwear/700032.jpg,https://example.com/products/700032
700033,Puma Smash v2,Fashion,Sneakers,Puma,7999,10399,23,4.6,19207,In Stock,ShopWise Fashion,6 Months,Black,6,Knit,Slip-On,EVA,Gym,Unisex,"Water Resistant, Breathable, Cushioned Sole","Puma Smash v2 sneakers with water resistant, breathable, cushioned sole. Ideal for travel use.",https://example.com/images/footwear/700033.jpg,https://example.com/products/700033
700034,Adidas Runfalcon 5,Fashion,Running Shoes,Adidas,9799,11599,16,4.2,13459,In Stock,ShopWise Fashion,6 Months,Green,10,Synthetic,Velcro,Rubber,Travel,Unisex,"Breathable, Cushioned Sole, Lightweight","Adidas Runfalcon 5 running shoes with breathable, cushioned sole, lightweight. Ideal for gym use.",https://example.com/images/footwear/700034.jpg,https://example.com/products/700034
700035,Reebok Floatride,Fashion,Sneakers,Reebok,9199,9799,6,4.6,20414,In Stock,ShopWise Fashion,6 Months,Brown,8,Canvas,Velcro,TPR,Office,Unisex,"Water Resistant, Anti-Slip, Memory Foam","Reebok Floatride sneakers with water resistant, anti-slip, memory foam. Ideal for casual use.",https://example.com/images/footwear/700035.jpg,https://example.com/products/700035
700036,Bata Power Runner,Fashion,Running Shoes,Bata,3399,4299,21,5.0,18016,In Stock,ShopWise Fashion,6 Months,Red,11,Mesh,Slip-On,TPR,Gym,Unisex,"Arch Support, Water Resistant, Memory Foam","Bata Power Runner running shoes with arch support, water resistant, memory foam. Ideal for outdoor use.",https://example.com/images/footwear/700036.jpg,https://example.com/products/700036
700037,Crocs Classic Clog,Fashion,Clogs,Crocs,2099,3999,48,4.4,5067,In Stock,ShopWise Fashion,6 Months,Black,7,Leather,Slip-On,Rubber,Casual,Unisex,"Arch Support, Breathable, Cushioned Sole","Crocs Classic Clog clogs with arch support, breathable, cushioned sole. Ideal for gym use.",https://example.com/images/footwear/700037.jpg,https://example.com/products/700037
700038,Bata Power Runner,Fashion,Running Shoes,Bata,7999,8699,8,4.1,9566,In Stock,ShopWise Fashion,6 Months,Grey,8,Mesh,Velcro,Rubber,Casual,Unisex,"Anti-Slip, Breathable, Cushioned Sole","Bata Power Runner running shoes with anti-slip, breathable, cushioned sole. Ideal for office use.",https://example.com/images/footwear/700038.jpg,https://example.com/products/700038
700039,Nike Air Max,Fashion,Sneakers,Nike,6699,8099,17,4.6,14408,In Stock,ShopWise Fashion,6 Months,Green,8,Canvas,Velcro,EVA,Travel,Unisex,"Breathable, Anti-Slip, Memory Foam","Nike Air Max sneakers with breathable, anti-slip, memory foam. Ideal for running use.",https://example.com/images/footwear/700039.jpg,https://example.com/products/700039
700040,Nike Revolution 7,Fashion,Sneakers,Nike,5499,6799,19,4.3,20745,In Stock,ShopWise Fashion,6 Months,White,7,Leather,Lace-Up,EVA,Outdoor,Unisex,"Arch Support, Cushioned Sole, Lightweight","Nike Revolution 7 sneakers with arch support, cushioned sole, lightweight. Ideal for casual use.",https://example.com/images/footwear/700040.jpg,https://example.com/products/700040
700041,Crocs Classic Clog,Fashion,Clogs,Crocs,2399,2899,17,5.0,24288,In Stock,ShopWise Fashion,6 Months,Green,7,Synthetic,Lace-Up,EVA,Office,Unisex,"Water Resistant, Memory Foam, Arch Support","Crocs Classic Clog clogs with water resistant, memory foam, arch support. Ideal for outdoor use.",https://example.com/images/footwear/700041.jpg,https://example.com/products/700041
700042,Bata Casual Sneaker,Fashion,Sneakers,Bata,8399,9299,10,4.8,473,In Stock,ShopWise Fashion,6 Months,Black,8,Mesh,Velcro,EVA,Outdoor,Unisex,"Lightweight, Cushioned Sole, Anti-Slip","Bata Casual Sneaker sneakers with lightweight, cushioned sole, anti-slip. Ideal for gym use.",https://example.com/images/footwear/700042.jpg,https://example.com/products/700042
700043,Bata Power Runner,Fashion,Running Shoes,Bata,7799,9099,14,4.6,14864,In Stock,ShopWise Fashion,6 Months,Black,6,Knit,Velcro,EVA,Running,Unisex,"Cushioned Sole, Memory Foam, Water Resistant","Bata Power Runner running shoes with cushioned sole, memory foam, water resistant. Ideal for casual use.",https://example.com/images/footwear/700043.jpg,https://example.com/products/700043
700044,Woodland Outdoor Trek,Fashion,Sneakers,Woodland,7899,10299,23,4.1,20159,In Stock,ShopWise Fashion,6 Months,Navy,9,Leather,Lace-Up,EVA,Gym,Unisex,"Memory Foam, Water Resistant, Arch Support","Woodland Outdoor Trek sneakers with memory foam, water resistant, arch support. Ideal for office use.",https://example.com/images/footwear/700044.jpg,https://example.com/products/700044
700045,Crocs Classic Clog,Fashion,Clogs,Crocs,2599,2999,13,4.9,21846,In Stock,ShopWise Fashion,6 Months,Black,8,Leather,Velcro,TPR,Outdoor,Unisex,"Lightweight, Anti-Slip, Breathable","Crocs Classic Clog clogs with lightweight, anti-slip, breathable. Ideal for gym use.",https://example.com/images/footwear/700045.jpg,https://example.com/products/700045
700046,Adidas Duramo SL,Fashion,Sneakers,Adidas,9299,11099,16,4.0,8597,In Stock,ShopWise Fashion,6 Months,Grey,7,Mesh,Slip-On,TPR,Casual,Unisex,"Arch Support, Memory Foam, Lightweight","Adidas Duramo SL sneakers with arch support, memory foam, lightweight. Ideal for outdoor use.",https://example.com/images/footwear/700046.jpg,https://example.com/products/700046
700047,Skechers Arch Fit,Fashion,Sneakers,Skechers,2399,4799,50,4.6,13587,In Stock,ShopWise Fashion,6 Months,Black,7,Mesh,Velcro,Rubber,Casual,Unisex,"Breathable, Water Resistant, Lightweight","Skechers Arch Fit sneakers with breathable, water resistant, lightweight. Ideal for office use.",https://example.com/images/footwear/700047.jpg,https://example.com/products/700047
700048,Bata Casual Sneaker,Fashion,Sneakers,Bata,2099,4299,51,4.2,13942,In Stock,ShopWise Fashion,6 Months,Green,10,Knit,Slip-On,Rubber,Gym,Unisex,"Memory Foam, Anti-Slip, Water Resistant","Bata Casual Sneaker sneakers with memory foam, anti-slip, water resistant. Ideal for casual use.",https://example.com/images/footwear/700048.jpg,https://example.com/products/700048
700049,Puma Smash v2,Fashion,Sneakers,Puma,2899,4799,40,4.8,21193,In Stock,ShopWise Fashion,6 Months,Black,10,Synthetic,Lace-Up,TPR,Travel,Unisex,"Memory Foam, Arch Support, Anti-Slip","Puma Smash v2 sneakers with memory foam, arch support, anti-slip. Ideal for gym use.",https://example.com/images/footwear/700049.jpg,https://example.com/products/700049
700050,Woodland Casual Shoe,Fashion,Sneakers,Woodland,7899,8299,5,4.4,10648,In Stock,ShopWise Fashion,6 Months,White,11,Mesh,Slip-On,Rubber,Casual,Unisex,"Anti-Slip, Memory Foam, Breathable","Woodland Casual Shoe sneakers with anti-slip, memory foam, breathable. Ideal for casual use.",https://example.com/images/footwear/700050.jpg,https://example.com/products/700050
700051,Puma Fuse 3.0,Fashion,Sneakers,Puma,6699,7499,11,4.2,23366,In Stock,ShopWise Fashion,6 Months,Grey,9,Synthetic,Velcro,Rubber,Outdoor,Unisex,"Lightweight, Water Resistant, Memory Foam","Puma Fuse 3.0 sneakers with lightweight, water resistant, memory foam. Ideal for casual use.",https://example.com/images/footwear/700051.jpg,https://example.com/products/700051
700052,Woodland Casual Shoe,Fashion,Sneakers,Woodland,9399,10399,10,4.7,13969,In Stock,ShopWise Fashion,6 Months,Navy,9,Canvas,Lace-Up,Rubber,Office,Unisex,"Lightweight, Cushioned Sole, Water Resistant","Woodland Casual Shoe sneakers with lightweight, cushioned sole, water resistant. Ideal for office use.",https://example.com/images/footwear/700052.jpg,https://example.com/products/700052
700053,Skechers Summits,Fashion,Sneakers,Skechers,8899,9299,4,4.4,10421,In Stock,ShopWise Fashion,6 Months,Black,7,Synthetic,Velcro,Rubber,Outdoor,Unisex,"Water Resistant, Memory Foam, Lightweight","Skechers Summits sneakers with water resistant, memory foam, lightweight. Ideal for travel use.",https://example.com/images/footwear/700053.jpg,https://example.com/products/700053
700054,Skechers Arch Fit,Fashion,Sneakers,Skechers,4599,5999,23,4.4,20423,In Stock,ShopWise Fashion,6 Months,Black,8,Mesh,Velcro,TPR,Outdoor,Unisex,"Anti-Slip, Water Resistant, Memory Foam","Skechers Arch Fit sneakers with anti-slip, water resistant, memory foam. Ideal for outdoor use.",https://example.com/images/footwear/700054.jpg,https://example.com/products/700054
700055,Adidas Superstar,Fashion,Sneakers,Adidas,9599,9899,3,4.2,1841,In Stock,ShopWise Fashion,6 Months,Brown,8,Mesh,Lace-Up,EVA,Casual,Unisex,"Cushioned Sole, Arch Support, Memory Foam","Adidas Superstar sneakers with cushioned sole, arch support, memory foam. Ideal for travel use.",https://example.com/images/footwear/700055.jpg,https://example.com/products/700055
700056,Bata Power Runner,Fashion,Running Shoes,Bata,10099,11399,11,4.2,13564,In Stock,ShopWise Fashion,6 Months,Navy,7,Knit,Lace-Up,TPR,Office,Unisex,"Arch Support, Memory Foam, Lightweight","Bata Power Runner running shoes with arch support, memory foam, lightweight. Ideal for gym use.",https://example.com/images/footwear/700056.jpg,https://example.com/products/700056
700057,Reebok Floatride,Fashion,Sneakers,Reebok,8599,9399,9,4.2,24817,In Stock,ShopWise Fashion,6 Months,Green,6,Knit,Lace-Up,EVA,Travel,Unisex,"Lightweight, Anti-Slip, Arch Support","Reebok Floatride sneakers with lightweight, anti-slip, arch support. Ideal for travel use.",https://example.com/images/footwear/700057.jpg,https://example.com/products/700057
700058,Bata Casual Sneaker,Fashion,Sneakers,Bata,9099,10899,17,4.5,16477,In Stock,ShopWise Fashion,6 Months,White,11,Synthetic,Lace-Up,TPR,Outdoor,Unisex,"Cushioned Sole, Arch Support, Anti-Slip","Bata Casual Sneaker sneakers with cushioned sole, arch support, anti-slip. Ideal for outdoor use.",https://example.com/images/footwear/700058.jpg,https://example.com/products/700058
700059,Puma Smash v2,Fashion,Sneakers,Puma,2799,3799,26,4.7,22022,In Stock,ShopWise Fashion,6 Months,Navy,7,Mesh,Slip-On,Rubber,Outdoor,Unisex,"Breathable, Lightweight, Cushioned Sole","Puma Smash v2 sneakers with breathable, lightweight, cushioned sole. Ideal for outdoor use.",https://example.com/images/footwear/700059.jpg,https://example.com/products/700059
700060,Adidas Superstar,Fashion,Sneakers,Adidas,5699,7099,20,5.0,2536,In Stock,ShopWise Fashion,6 Months,Blue,11,Knit,Velcro,EVA,Gym,Unisex,"Breathable, Anti-Slip, Memory Foam","Adidas Superstar sneakers with breathable, anti-slip, memory foam. Ideal for running use.",https://example.com/images/footwear/700060.jpg,https://example.com/products/700060
700061,Nike Court Vision,Fashion,Sneakers,Nike,5399,6499,17,4.7,19104,In Stock,ShopWise Fashion,6 Months,Blue,7,Knit,Lace-Up,TPR,Office,Unisex,"Lightweight, Cushioned Sole, Memory Foam","Nike Court Vision sneakers with lightweight, cushioned sole, memory foam. Ideal for office use.",https://example.com/images/footwear/700061.jpg,https://example.com/products/700061
700062,Crocs Bayaband,Fashion,Sneakers,Crocs,9099,9699,6,4.1,4998,In Stock,ShopWise Fashion,6 Months,Grey,7,Knit,Lace-Up,TPR,Casual,Unisex,"Lightweight, Arch Support, Memory Foam","Crocs Bayaband sneakers with lightweight, arch support, memory foam. Ideal for travel use.",https://example.com/images/footwear/700062.jpg,https://example.com/products/700062
700063,Nike Court Vision,Fashion,Sneakers,Nike,7799,9199,15,4.4,8359,In Stock,ShopWise Fashion,6 Months,Red,9,Leather,Lace-Up,Rubber,Travel,Unisex,"Lightweight, Breathable, Memory Foam","Nike Court Vision sneakers with lightweight, breathable, memory foam. Ideal for travel use.",https://example.com/images/footwear/700063.jpg,https://example.com/products/700063
700064,Nike Air Max,Fashion,Sneakers,Nike,9199,11399,19,4.2,24896,In Stock,ShopWise Fashion,6 Months,Blue,8,Mesh,Slip-On,Rubber,Outdoor,Unisex,"Memory Foam, Water Resistant, Cushioned Sole","Nike Air Max sneakers with memory foam, water resistant, cushioned sole. Ideal for outdoor use.",https://example.com/images/footwear/700064.jpg,https://example.com/products/700064
700065,Bata Formal Oxford,Fashion,Formal Shoes,Bata,6299,6899,9,4.3,3746,In Stock,ShopWise Fashion,6 Months,Blue,8,Canvas,Velcro,Rubber,Outdoor,Unisex,"Lightweight, Cushioned Sole, Anti-Slip","Bata Formal Oxford formal shoes with lightweight, cushioned sole, anti-slip. Ideal for casual use.",https://example.com/images/footwear/700065.jpg,https://example.com/products/700065
700066,Bata Power Runner,Fashion,Running Shoes,Bata,5899,6199,5,4.8,11946,In Stock,ShopWise Fashion,6 Months,Grey,9,Synthetic,Lace-Up,Rubber,Outdoor,Unisex,"Cushioned Sole, Water Resistant, Arch Support","Bata Power Runner running shoes with cushioned sole, water resistant, arch support. Ideal for outdoor use.",https://example.com/images/footwear/700066.jpg,https://example.com/products/700066
700067,Woodland Leather Boot,Fashion,Boots,Woodland,5499,5999,8,4.5,3765,In Stock,ShopWise Fashion,6 Months,Navy,10,Knit,Velcro,Rubber,Office,Unisex,"Water Resistant, Arch Support, Memory Foam","Woodland Leather Boot boots with water resistant, arch support, memory foam. Ideal for travel use.",https://example.com/images/footwear/700067.jpg,https://example.com/products/700067
700068,Crocs Bayaband,Fashion,Sneakers,Crocs,3399,4299,21,4.1,21359,In Stock,ShopWise Fashion,6 Months,Blue,6,Mesh,Slip-On,TPR,Travel,Unisex,"Lightweight, Anti-Slip, Water Resistant","Crocs Bayaband sneakers with lightweight, anti-slip, water resistant. Ideal for casual use.",https://example.com/images/footwear/700068.jpg,https://example.com/products/700068
700069,Adidas Duramo SL,Fashion,Sneakers,Adidas,5699,6299,10,4.6,12424,In Stock,ShopWise Fashion,6 Months,Brown,6,Canvas,Velcro,Rubber,Gym,Unisex,"Lightweight, Arch Support, Water Resistant","Adidas Duramo SL sneakers with lightweight, arch support, water resistant. Ideal for gym use.",https://example.com/images/footwear/700069.jpg,https://example.com/products/700069
700070,Puma Velocity Nitro,Fashion,Sneakers,Puma,7099,7699,8,4.4,10583,In Stock,ShopWise Fashion,6 Months,Green,7,Leather,Lace-Up,EVA,Outdoor,Unisex,"Lightweight, Arch Support, Anti-Slip","Puma Velocity Nitro sneakers with lightweight, arch support, anti-slip. Ideal for casual use.",https://example.com/images/footwear/700070.jpg,https://example.com/products/700070
700071,Nike Air Max,Fashion,Sneakers,Nike,8599,10399,17,4.5,20320,In Stock,ShopWise Fashion,6 Months,Red,10,Leather,Lace-Up,TPR,Office,Unisex,"Anti-Slip, Water Resistant, Memory Foam","Nike Air Max sneakers with anti-slip, water resistant, memory foam. Ideal for running use.",https://example.com/images/footwear/700071.jpg,https://example.com/products/700071
700072,Bata Formal Oxford,Fashion,Formal Shoes,Bata,4799,6099,21,4.7,10852,In Stock,ShopWise Fashion,6 Months,Blue,10,Knit,Velcro,TPR,Gym,Unisex,"Anti-Slip, Memory Foam, Cushioned Sole","Bata Formal Oxford formal shoes with anti-slip, memory foam, cushioned sole. Ideal for office use.",https://example.com/images/footwear/700072.jpg,https://example.com/products/700072
700073,Adidas Ultraboost Light,Fashion,Running Shoes,Adidas,7199,8199,12,4.8,2421,In Stock,ShopWise Fashion,6 Months,Blue,10,Canvas,Velcro,TPR,Running,Unisex,"Breathable, Lightweight, Arch Support","Adidas Ultraboost Light running shoes with breathable, lightweight, arch support. Ideal for outdoor use.",https://example.com/images/footwear/700073.jpg,https://example.com/products/700073
700074,Crocs LiteRide,Fashion,Sneakers,Crocs,6099,7399,18,4.4,7857,In Stock,ShopWise Fashion,6 Months,Blue,10,Canvas,Velcro,Rubber,Office,Unisex,"Breathable, Cushioned Sole, Water Resistant","Crocs LiteRide sneakers with breathable, cushioned sole, water resistant. Ideal for running use.",https://example.com/images/footwear/700074.jpg,https://example.com/products/700074
700075,Adidas Runfalcon 5,Fashion,Running Shoes,Adidas,10899,13199,17,4.9,20784,In Stock,ShopWise Fashion,6 Months,Green,9,Canvas,Lace-Up,Rubber,Office,Unisex,"Breathable, Water Resistant, Cushioned Sole","Adidas Runfalcon 5 running shoes with breathable, water resistant, cushioned sole. Ideal for outdoor use.",https://example.com/images/footwear/700075.jpg,https://example.com/products/700075
700076,Reebok Classic Leather,Fashion,Sneakers,Reebok,5199,5599,7,4.7,23925,In Stock,ShopWise Fashion,6 Months,Brown,6,Synthetic,Lace-Up,Rubber,Outdoor,Unisex,"Memory Foam, Arch Support, Anti-Slip","Reebok Classic Leather sneakers with memory foam, arch support, anti-slip. Ideal for gym use.",https://example.com/images/footwear/700076.jpg,https://example.com/products/700076
700077,Bata Power Runner,Fashion,Running Shoes,Bata,8499,10699,21,4.6,5355,In Stock,ShopWise Fashion,6 Months,Green,7,Knit,Velcro,TPR,Travel,Unisex,"Lightweight, Water Resistant, Anti-Slip","Bata Power Runner running shoes with lightweight, water resistant, anti-slip. Ideal for travel use.",https://example.com/images/footwear/700077.jpg,https://example.com/products/700077
700078,Crocs Classic Clog,Fashion,Clogs,Crocs,4799,6899,30,4.2,12111,In Stock,ShopWise Fashion,6 Months,Green,10,Mesh,Slip-On,Rubber,Office,Unisex,"Cushioned Sole, Memory Foam, Water Resistant","Crocs Classic Clog clogs with cushioned sole, memory foam, water resistant. Ideal for travel use.",https://example.com/images/footwear/700078.jpg,https://example.com/products/700078
700079,Bata Power Runner,Fashion,Running Shoes,Bata,11599,12999,11,4.6,14926,In Stock,ShopWise Fashion,6 Months,White,11,Mesh,Velcro,Rubber,Travel,Unisex,"Water Resistant, Anti-Slip, Cushioned Sole","Bata Power Runner running shoes with water resistant, anti-slip, cushioned sole. Ideal for outdoor use.",https://example.com/images/footwear/700079.jpg,https://example.com/products/700079
700080,Crocs Classic Clog,Fashion,Clogs,Crocs,2999,4599,35,4.5,2989,In Stock,ShopWise Fashion,6 Months,Grey,7,Knit,Slip-On,TPR,Gym,Unisex,"Breathable, Water Resistant, Memory Foam","Crocs Classic Clog clogs with breathable, water resistant, memory foam. Ideal for outdoor use.",https://example.com/images/footwear/700080.jpg,https://example.com/products/700080
700081,Puma Fuse 3.0,Fashion,Sneakers,Puma,9699,10299,6,4.2,13679,In Stock,ShopWise Fashion,6 Months,Brown,8,Synthetic,Velcro,EVA,Running,Unisex,"Water Resistant, Memory Foam, Arch Support","Puma Fuse 3.0 sneakers with water resistant, memory foam, arch support. Ideal for outdoor use.",https://example.com/images/footwear/700081.jpg,https://example.com/products/700081
700082,Puma BMW Sneakers,Fashion,Sneakers,Puma,7799,8899,12,4.9,14509,In Stock,ShopWise Fashion,6 Months,Grey,6,Mesh,Lace-Up,TPR,Travel,Unisex,"Arch Support, Cushioned Sole, Breathable","Puma BMW Sneakers sneakers with arch support, cushioned sole, breathable. Ideal for gym use.",https://example.com/images/footwear/700082.jpg,https://example.com/products/700082
700083,Nike Air Max,Fashion,Sneakers,Nike,9399,11699,20,4.2,22660,In Stock,ShopWise Fashion,6 Months,Black,11,Canvas,Slip-On,Rubber,Casual,Unisex,"Cushioned Sole, Arch Support, Memory Foam","Nike Air Max sneakers with cushioned sole, arch support, memory foam. Ideal for gym use.",https://example.com/images/footwear/700083.jpg,https://example.com/products/700083
700084,Skechers D'Lites,Fashion,Sneakers,Skechers,5599,7199,22,5.0,9058,In Stock,ShopWise Fashion,6 Months,Navy,8,Synthetic,Lace-Up,EVA,Outdoor,Unisex,"Cushioned Sole, Anti-Slip, Breathable","Skechers D'Lites sneakers with cushioned sole, anti-slip, breathable. Ideal for travel use.",https://example.com/images/footwear/700084.jpg,https://example.com/products/700084
700085,Reebok Classic Leather,Fashion,Sneakers,Reebok,4299,6499,34,4.7,10652,In Stock,ShopWise Fashion,6 Months,Red,10,Canvas,Velcro,Rubber,Travel,Unisex,"Memory Foam, Lightweight, Anti-Slip","Reebok Classic Leather sneakers with memory foam, lightweight, anti-slip. Ideal for running use.",https://example.com/images/footwear/700085.jpg,https://example.com/products/700085
700086,Nike Court Vision,Fashion,Sneakers,Nike,4399,6399,31,4.2,20488,In Stock,ShopWise Fashion,6 Months,Black,9,Mesh,Slip-On,EVA,Office,Unisex,"Arch Support, Cushioned Sole, Lightweight","Nike Court Vision sneakers with arch support, cushioned sole, lightweight. Ideal for running use.",https://example.com/images/footwear/700086.jpg,https://example.com/products/700086
700087,Puma Fuse 3.0,Fashion,Sneakers,Puma,9399,11399,18,4.3,12386,In Stock,ShopWise Fashion,6 Months,Grey,11,Leather,Lace-Up,Rubber,Gym,Unisex,"Anti-Slip, Lightweight, Memory Foam","Puma Fuse 3.0 sneakers with anti-slip, lightweight, memory foam. Ideal for casual use.",https://example.com/images/footwear/700087.jpg,https://example.com/products/700087
700088,Adidas Runfalcon 5,Fashion,Running Shoes,Adidas,5299,7399,28,4.4,20623,In Stock,ShopWise Fashion,6 Months,Blue,11,Canvas,Velcro,Rubber,Outdoor,Unisex,"Anti-Slip, Memory Foam, Water Resistant","Adidas Runfalcon 5 running shoes with anti-slip, memory foam, water resistant. Ideal for casual use.",https://example.com/images/footwear/700088.jpg,https://example.com/products/700088
700089,Adidas Superstar,Fashion,Sneakers,Adidas,4999,5399,7,4.4,12586,In Stock,ShopWise Fashion,6 Months,Red,10,Knit,Velcro,TPR,Outdoor,Unisex,"Cushioned Sole, Memory Foam, Water Resistant","Adidas Superstar sneakers with cushioned sole, memory foam, water resistant. Ideal for gym use.",https://example.com/images/footwear/700089.jpg,https://example.com/products/700089
700090,Bata Casual Sneaker,Fashion,Sneakers,Bata,7499,9399,20,4.0,2068,In Stock,ShopWise Fashion,6 Months,Red,10,Mesh,Slip-On,TPR,Outdoor,Unisex,"Arch Support, Water Resistant, Breathable","Bata Casual Sneaker sneakers with arch support, water resistant, breathable. Ideal for travel use.",https://example.com/images/footwear/700090.jpg,https://example.com/products/700090
700091,Woodland Casual Shoe,Fashion,Sneakers,Woodland,6999,7899,11,4.3,4351,In Stock,ShopWise Fashion,6 Months,Green,8,Synthetic,Velcro,EVA,Outdoor,Unisex,"Lightweight, Memory Foam, Cushioned Sole","Woodland Casual Shoe sneakers with lightweight, memory foam, cushioned sole. Ideal for office use.",https://example.com/images/footwear/700091.jpg,https://example.com/products/700091
700092,Reebok Nano X4,Fashion,Sneakers,Reebok,5299,7499,29,4.8,12860,In Stock,ShopWise Fashion,6 Months,Navy,8,Leather,Lace-Up,EVA,Outdoor,Unisex,"Anti-Slip, Lightweight, Water Resistant","Reebok Nano X4 sneakers with anti-slip, lightweight, water resistant. Ideal for casual use.",https://example.com/images/footwear/700092.jpg,https://example.com/products/700092
700093,Crocs Classic Clog,Fashion,Clogs,Crocs,3099,4399,30,4.3,10986,In Stock,ShopWise Fashion,6 Months,Blue,8,Canvas,Lace-Up,EVA,Outdoor,Unisex,"Water Resistant, Breathable, Arch Support","Crocs Classic Clog clogs with water resistant, breathable, arch support. Ideal for gym use.",https://example.com/images/footwear/700093.jpg,https://example.com/products/700093
700094,Woodland Outdoor Trek,Fashion,Sneakers,Woodland,3599,5099,29,4.2,11832,In Stock,ShopWise Fashion,6 Months,Black,8,Leather,Velcro,EVA,Travel,Unisex,"Cushioned Sole, Anti-Slip, Memory Foam","Woodland Outdoor Trek sneakers with cushioned sole, anti-slip, memory foam. Ideal for casual use.",https://example.com/images/footwear/700094.jpg,https://example.com/products/700094
700095,Bata Formal Oxford,Fashion,Formal Shoes,Bata,4299,6299,32,4.4,4403,In Stock,ShopWise Fashion,6 Months,White,11,Canvas,Lace-Up,TPR,Office,Unisex,"Lightweight, Memory Foam, Water Resistant","Bata Formal Oxford formal shoes with lightweight, memory foam, water resistant. Ideal for casual use.",https://example.com/images/footwear/700095.jpg,https://example.com/products/700095
700096,Nike Air Max,Fashion,Sneakers,Nike,6799,9199,26,4.0,16614,In Stock,ShopWise Fashion,6 Months,Blue,8,Knit,Velcro,EVA,Casual,Unisex,"Breathable, Memory Foam, Anti-Slip","Nike Air Max sneakers with breathable, memory foam, anti-slip. Ideal for office use.",https://example.com/images/footwear/700096.jpg,https://example.com/products/700096
700097,Reebok Nano X4,Fashion,Sneakers,Reebok,8699,9099,4,4.5,14477,In Stock,ShopWise Fashion,6 Months,Brown,10,Canvas,Slip-On,TPR,Casual,Unisex,"Arch Support, Cushioned Sole, Breathable","Reebok Nano X4 sneakers with arch support, cushioned sole, breathable. Ideal for casual use.",https://example.com/images/footwear/700097.jpg,https://example.com/products/700097
700098,Woodland Outdoor Trek,Fashion,Sneakers,Woodland,5899,6499,9,4.3,3197,In Stock,ShopWise Fashion,6 Months,Navy,9,Mesh,Slip-On,TPR,Gym,Unisex,"Breathable, Arch Support, Memory Foam","Woodland Outdoor Trek sneakers with breathable, arch support, memory foam. Ideal for running use.",https://example.com/images/footwear/700098.jpg,https://example.com/products/700098
700099,Reebok Nano X4,Fashion,Sneakers,Reebok,7899,8899,11,4.7,19224,In Stock,ShopWise Fashion,6 Months,Grey,9,Mesh,Lace-Up,Rubber,Travel,Unisex,"Lightweight, Cushioned Sole, Water Resistant","Reebok Nano X4 sneakers with lightweight, cushioned sole, water resistant. Ideal for casual use.",https://example.com/images/footwear/700099.jpg,https://example.com/products/700099
700100,Reebok Floatride,Fashion,Sneakers,Reebok,2799,4099,32,4.5,13481,In Stock,ShopWise Fashion,6 Months,Brown,8,Leather,Slip-On,Rubber,Travel,Unisex,"Water Resistant, Lightweight, Arch Support","Reebok Floatride sneakers with water resistant, lightweight, arch support. Ideal for running use.",https://example.com/images/footwear/700100.jpg,https://example.com/products/700100
700101,Nike Air Max,Fashion,Sneakers,Nike,9299,9999,7,4.6,312,In Stock,ShopWise Fashion,6 Months,Blue,7,Knit,Lace-Up,Rubber,Outdoor,Unisex,"Lightweight, Arch Support, Anti-Slip","Nike Air Max sneakers with lightweight, arch support, anti-slip. Ideal for office use.",https://example.com/images/footwear/700101.jpg,https://example.com/products/700101
700102,Adidas Ultraboost Light,Fashion,Running Shoes,Adidas,10899,13099,17,4.0,16721,In Stock,ShopWise Fashion,6 Months,White,11,Synthetic,Lace-Up,Rubber,Gym,Unisex,"Breathable, Memory Foam, Anti-Slip","Adidas Ultraboost Light running shoes with breathable, memory foam, anti-slip. Ideal for running use.",https://example.com/images/footwear/700102.jpg,https://example.com/products/700102
700103,Bata Casual Sneaker,Fashion,Sneakers,Bata,5999,7699,22,4.3,15628,In Stock,ShopWise Fashion,6 Months,Black,8,Leather,Lace-Up,TPR,Gym,Unisex,"Breathable, Anti-Slip, Memory Foam","Bata Casual Sneaker sneakers with breathable, anti-slip, memory foam. Ideal for outdoor use.",https://example.com/images/footwear/700103.jpg,https://example.com/products/700103
700104,Crocs LiteRide,Fashion,Sneakers,Crocs,4799,6099,21,4.1,6442,In Stock,ShopWise Fashion,6 Months,Green,8,Mesh,Lace-Up,Rubber,Outdoor,Unisex,"Anti-Slip, Cushioned Sole, Water Resistant","Crocs LiteRide sneakers with anti-slip, cushioned sole, water resistant. Ideal for office use.",https://example.com/images/footwear/700104.jpg,https://example.com/products/700104
700105,Nike Pegasus 41,Fashion,Running Shoes,Nike,9699,10799,10,4.2,23865,In Stock,ShopWise Fashion,6 Months,Navy,9,Synthetic,Lace-Up,TPR,Running,Unisex,"Breathable, Anti-Slip, Lightweight","Nike Pegasus 41 running shoes with breathable, anti-slip, lightweight. Ideal for office use.",https://example.com/images/footwear/700105.jpg,https://example.com/products/700105
700106,Puma BMW Sneakers,Fashion,Sneakers,Puma,4599,4999,8,4.6,8709,In Stock,ShopWise Fashion,6 Months,White,10,Knit,Slip-On,Rubber,Running,Unisex,"Water Resistant, Cushioned Sole, Breathable","Puma BMW Sneakers sneakers with water resistant, cushioned sole, breathable. Ideal for gym use.",https://example.com/images/footwear/700106.jpg,https://example.com/products/700106
700107,Nike Pegasus 41,Fashion,Running Shoes,Nike,9499,10799,12,4.4,15835,In Stock,ShopWise Fashion,6 Months,Green,11,Knit,Lace-Up,Rubber,Outdoor,Unisex,"Anti-Slip, Water Resistant, Lightweight","Nike Pegasus 41 running shoes with anti-slip, water resistant, lightweight. Ideal for running use.",https://example.com/images/footwear/700107.jpg,https://example.com/products/700107
700108,Bata Power Runner,Fashion,Running Shoes,Bata,10699,11999,11,4.4,17354,In Stock,ShopWise Fashion,6 Months,Black,10,Mesh,Lace-Up,EVA,Office,Unisex,"Cushioned Sole, Water Resistant, Lightweight","Bata Power Runner running shoes with cushioned sole, water resistant, lightweight. Ideal for running use.",https://example.com/images/footwear/700108.jpg,https://example.com/products/700108
700109,Puma Velocity Nitro,Fashion,Sneakers,Puma,9899,10299,4,4.1,5783,In Stock,ShopWise Fashion,6 Months,Red,8,Canvas,Lace-Up,TPR,Casual,Unisex,"Water Resistant, Breathable, Anti-Slip","Puma Velocity Nitro sneakers with water resistant, breathable, anti-slip. Ideal for running use.",https://example.com/images/footwear/700109.jpg,https://example.com/products/700109
700110,Reebok Nano X4,Fashion,Sneakers,Reebok,7199,8699,17,4.8,22570,In Stock,ShopWise Fashion,6 Months,Navy,11,Canvas,Lace-Up,EVA,Casual,Unisex,"Memory Foam, Breathable, Cushioned Sole","Reebok Nano X4 sneakers with memory foam, breathable, cushioned sole. Ideal for office use.",https://example.com/images/footwear/700110.jpg,https://example.com/products/700110
700111,Crocs LiteRide,Fashion,Sneakers,Crocs,5299,6499,18,4.3,14250,In Stock,ShopWise Fashion,6 Months,Navy,9,Leather,Lace-Up,EVA,Casual,Unisex,"Arch Support, Cushioned Sole, Water Resistant","Crocs LiteRide sneakers with arch support, cushioned sole, water resistant. Ideal for casual use.",https://example.com/images/footwear/700111.jpg,https://example.com/products/700111
700112,Reebok Floatride,Fashion,Sneakers,Reebok,7799,9099,14,4.4,15065,In Stock,ShopWise Fashion,6 Months,Grey,6,Canvas,Lace-Up,TPR,Running,Unisex,"Water Resistant, Anti-Slip, Breathable","Reebok Floatride sneakers with water resistant, anti-slip, breathable. Ideal for casual use.",https://example.com/images/footwear/700112.jpg,https://example.com/products/700112
700113,Skechers D'Lites,Fashion,Sneakers,Skechers,1999,2599,23,4.8,20740,In Stock,ShopWise Fashion,6 Months,Grey,10,Synthetic,Slip-On,EVA,Running,Unisex,"Arch Support, Water Resistant, Lightweight","Skechers D'Lites sneakers with arch support, water resistant, lightweight. Ideal for running use.",https://example.com/images/footwear/700113.jpg,https://example.com/products/700113
700114,Puma BMW Sneakers,Fashion,Sneakers,Puma,7399,7899,6,4.6,18189,In Stock,ShopWise Fashion,6 Months,Navy,9,Knit,Velcro,TPR,Outdoor,Unisex,"Memory Foam, Lightweight, Breathable","Puma BMW Sneakers sneakers with memory foam, lightweight, breathable. Ideal for travel use.",https://example.com/images/footwear/700114.jpg,https://example.com/products/700114
700115,Woodland Leather Boot,Fashion,Boots,Woodland,6899,8399,18,4.6,21752,In Stock,ShopWise Fashion,6 Months,Blue,9,Leather,Velcro,EVA,Casual,Unisex,"Breathable, Water Resistant, Anti-Slip","Woodland Leather Boot boots with breathable, water resistant, anti-slip. Ideal for running use.",https://example.com/images/footwear/700115.jpg,https://example.com/products/700115
700116,Bata Formal Oxford,Fashion,Formal Shoes,Bata,6099,6899,12,4.9,495,In Stock,ShopWise Fashion,6 Months,Black,6,Knit,Lace-Up,Rubber,Travel,Unisex,"Anti-Slip, Water Resistant, Memory Foam","Bata Formal Oxford formal shoes with anti-slip, water resistant, memory foam. Ideal for outdoor use.",https://example.com/images/footwear/700116.jpg,https://example.com/products/700116
700117,Woodland Casual Shoe,Fashion,Sneakers,Woodland,8699,8999,3,4.1,21316,In Stock,ShopWise Fashion,6 Months,Red,7,Leather,Lace-Up,EVA,Outdoor,Unisex,"Lightweight, Memory Foam, Breathable","Woodland Casual Shoe sneakers with lightweight, memory foam, breathable. Ideal for gym use.",https://example.com/images/footwear/700117.jpg,https://example.com/products/700117
700118,Skechers Summits,Fashion,Sneakers,Skechers,5799,7899,27,4.8,14964,In Stock,ShopWise Fashion,6 Months,Navy,8,Synthetic,Lace-Up,Rubber,Casual,Unisex,"Anti-Slip, Lightweight, Water Resistant","Skechers Summits sneakers with anti-slip, lightweight, water resistant. Ideal for office use.",https://example.com/images/footwear/700118.jpg,https://example.com/products/700118
700119,Puma Velocity Nitro,Fashion,Sneakers,Puma,2399,2899,17,4.7,16820,In Stock,ShopWise Fashion,6 Months,Black,11,Leather,Lace-Up,TPR,Outdoor,Unisex,"Breathable, Water Resistant, Memory Foam","Puma Velocity Nitro sneakers with breathable, water resistant, memory foam. Ideal for outdoor use.",https://example.com/images/footwear/700119.jpg,https://example.com/products/700119
700120,Bata Power Runner,Fashion,Running Shoes,Bata,8399,9299,10,4.5,20891,In Stock,ShopWise Fashion,6 Months,Navy,11,Knit,Lace-Up,TPR,Travel,Unisex,"Arch Support, Breathable, Anti-Slip","Bata Power Runner running shoes with arch support, breathable, anti-slip. Ideal for casual use.",https://example.com/images/footwear/700120.jpg,https://example.com/products/700120
700121,Bata Casual Sneaker,Fashion,Sneakers,Bata,7399,8099,9,4.4,3241,In Stock,ShopWise Fashion,6 Months,White,11,Leather,Lace-Up,Rubber,Office,Unisex,"Cushioned Sole, Anti-Slip, Water Resistant","Bata Casual Sneaker sneakers with cushioned sole, anti-slip, water resistant. Ideal for casual use.",https://example.com/images/footwear/700121.jpg,https://example.com/products/700121
700122,Woodland Outdoor Trek,Fashion,Sneakers,Woodland,9699,10199,5,4.6,17501,In Stock,ShopWise Fashion,6 Months,Navy,6,Mesh,Slip-On,Rubber,Gym,Unisex,"Lightweight, Water Resistant, Cushioned Sole","Woodland Outdoor Trek sneakers with lightweight, water resistant, cushioned sole. Ideal for travel use.",https://example.com/images/footwear/700122.jpg,https://example.com/products/700122
700123,Crocs Classic Clog,Fashion,Clogs,Crocs,4499,6599,32,4.1,4993,In Stock,ShopWise Fashion,6 Months,White,11,Knit,Velcro,Rubber,Casual,Unisex,"Arch Support, Memory Foam, Lightweight","Crocs Classic Clog clogs with arch support, memory foam, lightweight. Ideal for travel use.",https://example.com/images/footwear/700123.jpg,https://example.com/products/700123
700124,Bata Formal Oxford,Fashion,Formal Shoes,Bata,4999,5999,17,4.5,23104,In Stock,ShopWise Fashion,6 Months,Blue,11,Synthetic,Slip-On,Rubber,Outdoor,Unisex,"Cushioned Sole, Water Resistant, Anti-Slip","Bata Formal Oxford formal shoes with cushioned sole, water resistant, anti-slip. Ideal for gym use.",https://example.com/images/footwear/700124.jpg,https://example.com/products/700124
700125,Skechers D'Lites,Fashion,Sneakers,Skechers,5299,6499,18,5.0,22604,In Stock,ShopWise Fashion,6 Months,Green,6,Canvas,Velcro,EVA,Gym,Unisex,"Lightweight, Anti-Slip, Breathable","Skechers D'Lites sneakers with lightweight, anti-slip, breathable. Ideal for gym use.",https://example.com/images/footwear/700125.jpg,https://example.com/products/700125
700126,Nike Air Max,Fashion,Sneakers,Nike,6599,7999,18,4.6,6133,In Stock,ShopWise Fashion,6 Months,Blue,9,Mesh,Lace-Up,TPR,Gym,Unisex,"Anti-Slip, Lightweight, Water Resistant","Nike Air Max sneakers with anti-slip, lightweight, water resistant. Ideal for outdoor use.",https://example.com/images/footwear/700126.jpg,https://example.com/products/700126
700127,Bata Formal Oxford,Fashion,Formal Shoes,Bata,4699,5099,8,4.4,19354,In Stock,ShopWise Fashion,6 Months,White,9,Synthetic,Slip-On,Rubber,Travel,Unisex,"Water Resistant, Arch Support, Cushioned Sole","Bata Formal Oxford formal shoes with water resistant, arch support, cushioned sole. Ideal for gym use.",https://example.com/images/footwear/700127.jpg,https://example.com/products/700127
700128,Skechers Summits,Fashion,Sneakers,Skechers,2299,3799,39,4.4,5924,In Stock,ShopWise Fashion,6 Months,Green,9,Leather,Slip-On,Rubber,Gym,Unisex,"Breathable, Arch Support, Water Resistant","Skechers Summits sneakers with breathable, arch support, water resistant. Ideal for outdoor use.",https://example.com/images/footwear/700128.jpg,https://example.com/products/700128
700129,Skechers Summits,Fashion,Sneakers,Skechers,6699,8699,23,4.8,18904,In Stock,ShopWise Fashion,6 Months,Grey,9,Leather,Slip-On,TPR,Outdoor,Unisex,"Lightweight, Anti-Slip, Arch Support","Skechers Summits sneakers with lightweight, anti-slip, arch support. Ideal for office use.",https://example.com/images/footwear/700129.jpg,https://example.com/products/700129
700130,Nike Pegasus 41,Fashion,Running Shoes,Nike,4099,5099,20,4.8,7395,In Stock,ShopWise Fashion,6 Months,Blue,11,Synthetic,Slip-On,TPR,Office,Unisex,"Memory Foam, Water Resistant, Anti-Slip","Nike Pegasus 41 running shoes with memory foam, water resistant, anti-slip. Ideal for gym use.",https://example.com/images/footwear/700130.jpg,https://example.com/products/700130
700131,Woodland Casual Shoe,Fashion,Sneakers,Woodland,3299,4599,28,5.0,9233,In Stock,ShopWise Fashion,6 Months,White,7,Leather,Slip-On,Rubber,Gym,Unisex,"Cushioned Sole, Water Resistant, Anti-Slip","Woodland Casual Shoe sneakers with cushioned sole, water resistant, anti-slip. Ideal for travel use.",https://example.com/images/footwear/700131.jpg,https://example.com/products/700131
700132,Reebok Nano X4,Fashion,Sneakers,Reebok,3499,3999,13,4.3,15210,In Stock,ShopWise Fashion,6 Months,Grey,9,Leather,Lace-Up,Rubber,Casual,Unisex,"Lightweight, Breathable, Cushioned Sole","Reebok Nano X4 sneakers with lightweight, breathable, cushioned sole. Ideal for travel use.",https://example.com/images/footwear/700132.jpg,https://example.com/products/700132
700133,Reebok Nano X4,Fashion,Sneakers,Reebok,3699,4599,20,4.4,4890,In Stock,ShopWise Fashion,6 Months,Blue,8,Synthetic,Lace-Up,EVA,Casual,Unisex,"Arch Support, Memory Foam, Lightweight","Reebok Nano X4 sneakers with arch support, memory foam, lightweight. Ideal for travel use.",https://example.com/images/footwear/700133.jpg,https://example.com/products/700133
700134,Reebok Floatride,Fashion,Sneakers,Reebok,4199,6399,34,4.8,4628,In Stock,ShopWise Fashion,6 Months,White,7,Mesh,Velcro,Rubber,Gym,Unisex,"Breathable, Anti-Slip, Cushioned Sole","Reebok Floatride sneakers with breathable, anti-slip, cushioned sole. Ideal for casual use.",https://example.com/images/footwear/700134.jpg,https://example.com/products/700134
700135,Adidas Ultraboost Light,Fashion,Running Shoes,Adidas,7299,9499,23,4.8,19069,In Stock,ShopWise Fashion,6 Months,Green,8,Knit,Lace-Up,EVA,Gym,Unisex,"Water Resistant, Breathable, Memory Foam","Adidas Ultraboost Light running shoes with water resistant, breathable, memory foam. Ideal for travel use.",https://example.com/images/footwear/700135.jpg,https://example.com/products/700135
700136,Crocs Classic Clog,Fashion,Clogs,Crocs,2499,4399,43,4.4,18885,In Stock,ShopWise Fashion,6 Months,White,6,Canvas,Velcro,TPR,Office,Unisex,"Anti-Slip, Lightweight, Cushioned Sole","Crocs Classic Clog clogs with anti-slip, lightweight, cushioned sole. Ideal for outdoor use.",https://example.com/images/footwear/700136.jpg,https://example.com/products/700136
700137,Reebok Nano X4,Fashion,Sneakers,Reebok,3599,5999,40,4.4,23681,In Stock,ShopWise Fashion,6 Months,Brown,10,Leather,Lace-Up,TPR,Travel,Unisex,"Breathable, Anti-Slip, Water Resistant","Reebok Nano X4 sneakers with breathable, anti-slip, water resistant. Ideal for office use.",https://example.com/images/footwear/700137.jpg,https://example.com/products/700137
700138,Reebok Floatride,Fashion,Sneakers,Reebok,3899,4399,11,4.0,18340,In Stock,ShopWise Fashion,6 Months,Brown,10,Canvas,Lace-Up,Rubber,Office,Unisex,"Memory Foam, Arch Support, Cushioned Sole","Reebok Floatride sneakers with memory foam, arch support, cushioned sole. Ideal for running use.",https://example.com/images/footwear/700138.jpg,https://example.com/products/700138
700139,Nike Revolution 7,Fashion,Sneakers,Nike,2299,4199,45,4.9,19016,In Stock,ShopWise Fashion,6 Months,Black,8,Knit,Velcro,EVA,Office,Unisex,"Arch Support, Cushioned Sole, Anti-Slip","Nike Revolution 7 sneakers with arch support, cushioned sole, anti-slip. Ideal for outdoor use.",https://example.com/images/footwear/700139.jpg,https://example.com/products/700139
700140,Woodland Casual Shoe,Fashion,Sneakers,Woodland,9899,10899,9,4.8,15385,In Stock,ShopWise Fashion,6 Months,Grey,10,Synthetic,Velcro,TPR,Office,Unisex,"Breathable, Lightweight, Memory Foam","Woodland Casual Shoe sneakers with breathable, lightweight, memory foam. Ideal for running use.",https://example.com/images/footwear/700140.jpg,https://example.com/products/700140
700141,Woodland Leather Boot,Fashion,Boots,Woodland,4299,5699,25,4.8,17981,In Stock,ShopWise Fashion,6 Months,Navy,8,Synthetic,Slip-On,TPR,Office,Unisex,"Lightweight, Breathable, Water Resistant","Woodland Leather Boot boots with lightweight, breathable, water resistant. Ideal for gym use.",https://example.com/images/footwear/700141.jpg,https://example.com/products/700141
700142,Adidas Duramo SL,Fashion,Sneakers,Adidas,9599,10299,7,4.3,20047,In Stock,ShopWise Fashion,6 Months,Grey,7,Synthetic,Lace-Up,EVA,Running,Unisex,"Anti-Slip, Memory Foam, Lightweight","Adidas Duramo SL sneakers with anti-slip, memory foam, lightweight. Ideal for gym use.",https://example.com/images/footwear/700142.jpg,https://example.com/products/700142
700143,Nike Air Max,Fashion,Sneakers,Nike,8399,9999,16,4.7,4363,In Stock,ShopWise Fashion,6 Months,Red,11,Knit,Velcro,Rubber,Travel,Unisex,"Arch Support, Anti-Slip, Lightweight","Nike Air Max sneakers with arch support, anti-slip, lightweight. Ideal for gym use.",https://example.com/images/footwear/700143.jpg,https://example.com/products/700143
700144,Adidas Runfalcon 5,Fashion,Running Shoes,Adidas,5799,6699,13,4.7,3040,In Stock,ShopWise Fashion,6 Months,Green,11,Canvas,Lace-Up,EVA,Outdoor,Unisex,"Lightweight, Memory Foam, Arch Support","Adidas Runfalcon 5 running shoes with lightweight, memory foam, arch support. Ideal for casual use.",https://example.com/images/footwear/700144.jpg,https://example.com/products/700144
700145,Skechers D'Lites,Fashion,Sneakers,Skechers,3299,5399,39,4.2,23917,In Stock,ShopWise Fashion,6 Months,White,11,Synthetic,Slip-On,EVA,Gym,Unisex,"Cushioned Sole, Water Resistant, Lightweight","Skechers D'Lites sneakers with cushioned sole, water resistant, lightweight. Ideal for outdoor use.",https://example.com/images/footwear/700145.jpg,https://example.com/products/700145
700146,Adidas Superstar,Fashion,Sneakers,Adidas,4399,5799,24,5.0,10573,In Stock,ShopWise Fashion,6 Months,Black,8,Synthetic,Lace-Up,Rubber,Casual,Unisex,"Memory Foam, Arch Support, Lightweight","Adidas Superstar sneakers with memory foam, arch support, lightweight. Ideal for gym use.",https://example.com/images/footwear/700146.jpg,https://example.com/products/700146
700147,Bata Formal Oxford,Fashion,Formal Shoes,Bata,5899,6999,16,4.1,5667,In Stock,ShopWise Fashion,6 Months,Blue,11,Leather,Velcro,TPR,Office,Unisex,"Breathable, Memory Foam, Arch Support","Bata Formal Oxford formal shoes with breathable, memory foam, arch support. Ideal for outdoor use.",https://example.com/images/footwear/700147.jpg,https://example.com/products/700147
700148,Crocs Bayaband,Fashion,Sneakers,Crocs,5099,6699,24,4.3,6101,In Stock,ShopWise Fashion,6 Months,Green,7,Knit,Lace-Up,Rubber,Casual,Unisex,"Breathable, Arch Support, Cushioned Sole","Crocs Bayaband sneakers with breathable, arch support, cushioned sole. Ideal for office use.",https://example.com/images/footwear/700148.jpg,https://example.com/products/700148
700149,Bata Formal Oxford,Fashion,Formal Shoes,Bata,5699,7099,20,5.0,21333,In Stock,ShopWise Fashion,6 Months,White,9,Canvas,Lace-Up,Rubber,Travel,Unisex,"Anti-Slip, Water Resistant, Lightweight","Bata Formal Oxford formal shoes with anti-slip, water resistant, lightweight. Ideal for casual use.",https://example.com/images/footwear/700149.jpg,https://example.com/products/700149
700150,Bata Casual Sneaker,Fashion,Sneakers,Bata,7599,8099,6,4.9,24414,In Stock,ShopWise Fashion,6 Months,Grey,7,Canvas,Velcro,TPR,Office,Unisex,"Memory Foam, Breathable, Anti-Slip","Bata Casual Sneaker sneakers with memory foam, breathable, anti-slip. Ideal for casual use.",https://example.com/images/footwear/700150.jpg,https://example.com/products/700150
700151,Crocs LiteRide,Fashion,Sneakers,Crocs,7399,9199,20,4.5,13647,In Stock,ShopWise Fashion,6 Months,Navy,10,Mesh,Velcro,TPR,Office,Unisex,"Cushioned Sole, Lightweight, Arch Support","Crocs LiteRide sneakers with cushioned sole, lightweight, arch support. Ideal for gym use.",https://example.com/images/footwear/700151.jpg,https://example.com/products/700151
700152,Reebok Nano X4,Fashion,Sneakers,Reebok,9599,10099,5,4.6,14305,In Stock,ShopWise Fashion,6 Months,Blue,8,Knit,Slip-On,TPR,Outdoor,Unisex,"Anti-Slip, Water Resistant, Arch Support","Reebok Nano X4 sneakers with anti-slip, water resistant, arch support. Ideal for travel use.",https://example.com/images/footwear/700152.jpg,https://example.com/products/700152
700153,Puma BMW Sneakers,Fashion,Sneakers,Puma,8399,9199,9,5.0,24596,In Stock,ShopWise Fashion,6 Months,Green,6,Knit,Slip-On,TPR,Gym,Unisex,"Anti-Slip, Memory Foam, Arch Support","Puma BMW Sneakers sneakers with anti-slip, memory foam, arch support. Ideal for travel use.",https://example.com/images/footwear/700153.jpg,https://example.com/products/700153
700154,Bata Power Runner,Fashion,Running Shoes,Bata,13599,14699,7,4.0,19516,In Stock,ShopWise Fashion,6 Months,Green,9,Synthetic,Lace-Up,EVA,Office,Unisex,"Cushioned Sole, Lightweight, Breathable","Bata Power Runner running shoes with cushioned sole, lightweight, breathable. Ideal for travel use.",https://example.com/images/footwear/700154.jpg,https://example.com/products/700154
700155,Woodland Outdoor Trek,Fashion,Sneakers,Woodland,2099,4499,53,4.9,8585,In Stock,ShopWise Fashion,6 Months,Blue,9,Synthetic,Slip-On,TPR,Office,Unisex,"Anti-Slip, Cushioned Sole, Lightweight","Woodland Outdoor Trek sneakers with anti-slip, cushioned sole, lightweight. Ideal for office use.",https://example.com/images/footwear/700155.jpg,https://example.com/products/700155
700156,Crocs Bayaband,Fashion,Sneakers,Crocs,4899,6099,20,4.3,24242,In Stock,ShopWise Fashion,6 Months,Green,9,Leather,Velcro,TPR,Office,Unisex,"Anti-Slip, Water Resistant, Lightweight","Crocs Bayaband sneakers with anti-slip, water resistant, lightweight. Ideal for running use.",https://example.com/images/footwear/700156.jpg,https://example.com/products/700156
700157,Woodland Casual Shoe,Fashion,Sneakers,Woodland,2199,2599,15,4.7,2256,In Stock,ShopWise Fashion,6 Months,White,7,Leather,Velcro,EVA,Running,Unisex,"Cushioned Sole, Arch Support, Water Resistant","Woodland Casual Shoe sneakers with cushioned sole, arch support, water resistant. Ideal for gym use.",https://example.com/images/footwear/700157.jpg,https://example.com/products/700157
700158,Nike Air Max,Fashion,Sneakers,Nike,6399,8499,25,4.5,6409,In Stock,ShopWise Fashion,6 Months,Brown,8,Mesh,Lace-Up,Rubber,Gym,Unisex,"Anti-Slip, Breathable, Cushioned Sole","Nike Air Max sneakers with anti-slip, breathable, cushioned sole. Ideal for travel use.",https://example.com/images/footwear/700158.jpg,https://example.com/products/700158
700159,Nike Court Vision,Fashion,Sneakers,Nike,8799,10599,17,4.8,23570,In Stock,ShopWise Fashion,6 Months,Red,11,Mesh,Velcro,TPR,Office,Unisex,"Lightweight, Anti-Slip, Memory Foam","Nike Court Vision sneakers with lightweight, anti-slip, memory foam. Ideal for office use.",https://example.com/images/footwear/700159.jpg,https://example.com/products/700159
700160,Bata Power Runner,Fashion,Running Shoes,Bata,14499,15199,5,4.4,4150,In Stock,ShopWise Fashion,6 Months,Navy,9,Leather,Slip-On,EVA,Casual,Unisex,"Memory Foam, Anti-Slip, Breathable","Bata Power Runner running shoes with memory foam, anti-slip, breathable. Ideal for office use.",https://example.com/images/footwear/700160.jpg,https://example.com/products/700160
700161,Nike Air Max,Fashion,Sneakers,Nike,7999,9399,15,4.6,651,In Stock,ShopWise Fashion,6 Months,White,7,Canvas,Lace-Up,EVA,Outdoor,Unisex,"Cushioned Sole, Arch Support, Water Resistant","Nike Air Max sneakers with cushioned sole, arch support, water resistant. Ideal for travel use.",https://example.com/images/footwear/700161.jpg,https://example.com/products/700161
700162,Reebok Floatride,Fashion,Sneakers,Reebok,5499,7399,26,4.4,11881,In Stock,ShopWise Fashion,6 Months,Navy,8,Leather,Lace-Up,Rubber,Running,Unisex,"Lightweight, Anti-Slip, Water Resistant","Reebok Floatride sneakers with lightweight, anti-slip, water resistant. Ideal for casual use.",https://example.com/images/footwear/700162.jpg,https://example.com/products/700162
700163,Reebok Nano X4,Fashion,Sneakers,Reebok,4699,6099,23,5.0,4309,In Stock,ShopWise Fashion,6 Months,Black,11,Knit,Lace-Up,EVA,Outdoor,Unisex,"Lightweight, Memory Foam, Water Resistant","Reebok Nano X4 sneakers with lightweight, memory foam, water resistant. Ideal for gym use.",https://example.com/images/footwear/700163.jpg,https://example.com/products/700163
700164,Crocs Classic Clog,Fashion,Clogs,Crocs,1799,3299,45,4.8,23961,In Stock,ShopWise Fashion,6 Months,Brown,9,Synthetic,Slip-On,EVA,Gym,Unisex,"Anti-Slip, Arch Support, Cushioned Sole","Crocs Classic Clog clogs with anti-slip, arch support, cushioned sole. Ideal for office use.",https://example.com/images/footwear/700164.jpg,https://example.com/products/700164
700165,Skechers Summits,Fashion,Sneakers,Skechers,9699,11499,16,4.3,20203,In Stock,ShopWise Fashion,6 Months,Grey,9,Synthetic,Velcro,TPR,Travel,Unisex,"Memory Foam, Water Resistant, Cushioned Sole","Skechers Summits sneakers with memory foam, water resistant, cushioned sole. Ideal for running use.",https://example.com/images/footwear/700165.jpg,https://example.com/products/700165
700166,Nike Revolution 7,Fashion,Sneakers,Nike,7999,9899,19,4.1,3791,In Stock,ShopWise Fashion,6 Months,White,6,Canvas,Slip-On,TPR,Outdoor,Unisex,"Memory Foam, Anti-Slip, Water Resistant","Nike Revolution 7 sneakers with memory foam, anti-slip, water resistant. Ideal for casual use.",https://example.com/images/footwear/700166.jpg,https://example.com/products/700166
700167,Reebok Nano X4,Fashion,Sneakers,Reebok,3399,5099,33,4.1,6698,In Stock,ShopWise Fashion,6 Months,Navy,9,Leather,Lace-Up,TPR,Office,Unisex,"Cushioned Sole, Memory Foam, Water Resistant","Reebok Nano X4 sneakers with cushioned sole, memory foam, water resistant. Ideal for travel use.",https://example.com/images/footwear/700167.jpg,https://example.com/products/700167
700168,Puma Velocity Nitro,Fashion,Sneakers,Puma,4899,5499,11,4.1,13004,In Stock,ShopWise Fashion,6 Months,Red,7,Knit,Slip-On,Rubber,Running,Unisex,"Arch Support, Breathable, Water Resistant","Puma Velocity Nitro sneakers with arch support, breathable, water resistant. Ideal for travel use.",https://example.com/images/footwear/700168.jpg,https://example.com/products/700168
700169,Puma Fuse 3.0,Fashion,Sneakers,Puma,8099,9999,19,4.6,16332,In Stock,ShopWise Fashion,6 Months,Green,10,Canvas,Slip-On,Rubber,Travel,Unisex,"Memory Foam, Cushioned Sole, Breathable","Puma Fuse 3.0 sneakers with memory foam, cushioned sole, breathable. Ideal for outdoor use.",https://example.com/images/footwear/700169.jpg,https://example.com/products/700169
700170,Crocs LiteRide,Fashion,Sneakers,Crocs,4099,5299,23,4.5,12158,In Stock,ShopWise Fashion,6 Months,Red,9,Synthetic,Velcro,TPR,Outdoor,Unisex,"Memory Foam, Water Resistant, Cushioned Sole","Crocs LiteRide sneakers with memory foam, water resistant, cushioned sole. Ideal for outdoor use.",https://example.com/images/footwear/700170.jpg,https://example.com/products/700170
700171,Bata Formal Oxford,Fashion,Formal Shoes,Bata,6499,7199,10,4.6,20169,In Stock,ShopWise Fashion,6 Months,Grey,11,Leather,Velcro,TPR,Casual,Unisex,"Breathable, Lightweight, Arch Support","Bata Formal Oxford formal shoes with breathable, lightweight, arch support. Ideal for outdoor use.",https://example.com/images/footwear/700171.jpg,https://example.com/products/700171
700172,Woodland Casual Shoe,Fashion,Sneakers,Woodland,2799,4299,35,4.2,23464,In Stock,ShopWise Fashion,6 Months,Red,8,Canvas,Velcro,Rubber,Office,Unisex,"Water Resistant, Anti-Slip, Cushioned Sole","Woodland Casual Shoe sneakers with water resistant, anti-slip, cushioned sole. Ideal for running use.",https://example.com/images/footwear/700172.jpg,https://example.com/products/700172
700173,Reebok Nano X4,Fashion,Sneakers,Reebok,2099,3899,46,4.6,4484,In Stock,ShopWise Fashion,6 Months,White,11,Mesh,Velcro,TPR,Office,Unisex,"Lightweight, Water Resistant, Anti-Slip","Reebok Nano X4 sneakers with lightweight, water resistant, anti-slip. Ideal for office use.",https://example.com/images/footwear/700173.jpg,https://example.com/products/700173
700174,Woodland Leather Boot,Fashion,Boots,Woodland,3199,5199,38,4.7,2705,In Stock,ShopWise Fashion,6 Months,Green,8,Canvas,Velcro,TPR,Running,Unisex,"Memory Foam, Anti-Slip, Lightweight","Woodland Leather Boot boots with memory foam, anti-slip, lightweight. Ideal for outdoor use.",https://example.com/images/footwear/700174.jpg,https://example.com/products/700174
700175,Nike Air Max,Fashion,Sneakers,Nike,8399,10099,17,5.0,11928,In Stock,ShopWise Fashion,6 Months,White,9,Knit,Slip-On,TPR,Casual,Unisex,"Memory Foam, Anti-Slip, Breathable","Nike Air Max sneakers with memory foam, anti-slip, breathable. Ideal for casual use.",https://example.com/images/footwear/700175.jpg,https://example.com/products/700175
700176,Skechers Go Walk 7,Fashion,Sneakers,Skechers,6399,6799,6,4.3,3810,In Stock,ShopWise Fashion,6 Months,Brown,9,Knit,Velcro,TPR,Travel,Unisex,"Memory Foam, Lightweight, Arch Support","Skechers Go Walk 7 sneakers with memory foam, lightweight, arch support. Ideal for gym use.",https://example.com/images/footwear/700176.jpg,https://example.com/products/700176
700177,Reebok Floatride,Fashion,Sneakers,Reebok,6799,7399,8,4.2,20027,In Stock,ShopWise Fashion,6 Months,Green,8,Leather,Velcro,EVA,Outdoor,Unisex,"Cushioned Sole, Breathable, Anti-Slip","Reebok Floatride sneakers with cushioned sole, breathable, anti-slip. Ideal for casual use.",https://example.com/images/footwear/700177.jpg,https://example.com/products/700177
700178,Bata Power Runner,Fashion,Running Shoes,Bata,9699,11299,14,5.0,18192,In Stock,ShopWise Fashion,6 Months,Navy,6,Synthetic,Velcro,EVA,Outdoor,Unisex,"Arch Support, Water Resistant, Anti-Slip","Bata Power Runner running shoes with arch support, water resistant, anti-slip. Ideal for travel use.",https://example.com/images/footwear/700178.jpg,https://example.com/products/700178
700179,Puma BMW Sneakers,Fashion,Sneakers,Puma,6799,7199,6,4.3,8230,In Stock,ShopWise Fashion,6 Months,Black,10,Mesh,Velcro,EVA,Office,Unisex,"Anti-Slip, Arch Support, Breathable","Puma BMW Sneakers sneakers with anti-slip, arch support, breathable. Ideal for casual use.",https://example.com/images/footwear/700179.jpg,https://example.com/products/700179
700180,Skechers Summits,Fashion,Sneakers,Skechers,6299,7199,13,4.8,7955,In Stock,ShopWise Fashion,6 Months,Green,11,Leather,Lace-Up,Rubber,Office,Unisex,"Anti-Slip, Breathable, Memory Foam","Skechers Summits sneakers with anti-slip, breathable, memory foam. Ideal for office use.",https://example.com/images/footwear/700180.jpg,https://example.com/products/700180
700181,Skechers Summits,Fashion,Sneakers,Skechers,6499,8799,26,4.4,4129,In Stock,ShopWise Fashion,6 Months,Red,9,Mesh,Slip-On,TPR,Casual,Unisex,"Lightweight, Breathable, Memory Foam","Skechers Summits sneakers with lightweight, breathable, memory foam. Ideal for office use.",https://example.com/images/footwear/700181.jpg,https://example.com/products/700181
700182,Reebok Classic Leather,Fashion,Sneakers,Reebok,5999,7599,21,4.6,14233,In Stock,ShopWise Fashion,6 Months,Green,7,Knit,Lace-Up,TPR,Running,Unisex,"Breathable, Water Resistant, Lightweight","Reebok Classic Leather sneakers with breathable, water resistant, lightweight. Ideal for office use.",https://example.com/images/footwear/700182.jpg,https://example.com/products/700182
700183,Woodland Casual Shoe,Fashion,Sneakers,Woodland,4699,4999,6,4.6,13083,In Stock,ShopWise Fashion,6 Months,Brown,10,Synthetic,Lace-Up,Rubber,Travel,Unisex,"Arch Support, Lightweight, Breathable","Woodland Casual Shoe sneakers with arch support, lightweight, breathable. Ideal for running use.",https://example.com/images/footwear/700183.jpg,https://example.com/products/700183
700184,Crocs Classic Clog,Fashion,Clogs,Crocs,3399,5699,40,4.1,20550,In Stock,ShopWise Fashion,6 Months,Grey,11,Canvas,Lace-Up,Rubber,Running,Unisex,"Arch Support, Water Resistant, Lightweight","Crocs Classic Clog clogs with arch support, water resistant, lightweight. Ideal for casual use.",https://example.com/images/footwear/700184.jpg,https://example.com/products/700184
700185,Adidas Ultraboost Light,Fashion,Running Shoes,Adidas,10399,12499,17,4.8,20314,In Stock,ShopWise Fashion,6 Months,Green,6,Mesh,Slip-On,TPR,Running,Unisex,"Cushioned Sole, Water Resistant, Breathable","Adidas Ultraboost Light running shoes with cushioned sole, water resistant, breathable. Ideal for office use.",https://example.com/images/footwear/700185.jpg,https://example.com/products/700185
700186,Bata Formal Oxford,Fashion,Formal Shoes,Bata,4899,7299,33,4.9,4175,In Stock,ShopWise Fashion,6 Months,Grey,8,Mesh,Velcro,Rubber,Casual,Unisex,"Water Resistant, Memory Foam, Anti-Slip","Bata Formal Oxford formal shoes with water resistant, memory foam, anti-slip. Ideal for gym use.",https://example.com/images/footwear/700186.jpg,https://example.com/products/700186
700187,Crocs Bayaband,Fashion,Sneakers,Crocs,7499,8399,11,4.4,18045,In Stock,ShopWise Fashion,6 Months,Blue,7,Mesh,Velcro,Rubber,Gym,Unisex,"Memory Foam, Cushioned Sole, Anti-Slip","Crocs Bayaband sneakers with memory foam, cushioned sole, anti-slip. Ideal for casual use.",https://example.com/images/footwear/700187.jpg,https://example.com/products/700187
700188,Skechers Go Walk 7,Fashion,Sneakers,Skechers,4399,6699,34,4.5,15084,In Stock,ShopWise Fashion,6 Months,Blue,10,Knit,Slip-On,TPR,Office,Unisex,"Cushioned Sole, Breathable, Lightweight","Skechers Go Walk 7 sneakers with cushioned sole, breathable, lightweight. Ideal for gym use.",https://example.com/images/footwear/700188.jpg,https://example.com/products/700188
700189,Woodland Outdoor Trek,Fashion,Sneakers,Woodland,7599,9799,22,4.5,11070,In Stock,ShopWise Fashion,6 Months,Red,7,Knit,Velcro,EVA,Outdoor,Unisex,"Water Resistant, Breathable, Memory Foam","Woodland Outdoor Trek sneakers with water resistant, breathable, memory foam. Ideal for running use.",https://example.com/images/footwear/700189.jpg,https://example.com/products/700189
700190,Puma Fuse 3.0,Fashion,Sneakers,Puma,8599,9899,13,4.4,14599,In Stock,ShopWise Fashion,6 Months,Black,6,Leather,Lace-Up,EVA,Outdoor,Unisex,"Cushioned Sole, Lightweight, Arch Support","Puma Fuse 3.0 sneakers with cushioned sole, lightweight, arch support. Ideal for gym use.",https://example.com/images/footwear/700190.jpg,https://example.com/products/700190
700191,Skechers Arch Fit,Fashion,Sneakers,Skechers,4399,6699,34,4.8,19359,In Stock,ShopWise Fashion,6 Months,Green,6,Canvas,Slip-On,TPR,Office,Unisex,"Lightweight, Cushioned Sole, Anti-Slip","Skechers Arch Fit sneakers with lightweight, cushioned sole, anti-slip. Ideal for outdoor use.",https://example.com/images/footwear/700191.jpg,https://example.com/products/700191
700192,Puma Velocity Nitro,Fashion,Sneakers,Puma,6899,9299,26,4.8,5984,In Stock,ShopWise Fashion,6 Months,Blue,10,Knit,Slip-On,EVA,Office,Unisex,"Anti-Slip, Arch Support, Breathable","Puma Velocity Nitro sneakers with anti-slip, arch support, breathable. Ideal for casual use.",https://example.com/images/footwear/700192.jpg,https://example.com/products/700192
700193,Nike Air Max,Fashion,Sneakers,Nike,7199,8499,15,4.5,3490,In Stock,ShopWise Fashion,6 Months,Red,9,Mesh,Velcro,EVA,Running,Unisex,"Lightweight, Breathable, Arch Support","Nike Air Max sneakers with lightweight, breathable, arch support. Ideal for office use.",https://example.com/images/footwear/700193.jpg,https://example.com/products/700193
700194,Woodland Outdoor Trek,Fashion,Sneakers,Woodland,2299,3399,32,4.5,4400,In Stock,ShopWise Fashion,6 Months,Blue,6,Synthetic,Slip-On,Rubber,Casual,Unisex,"Cushioned Sole, Breathable, Arch Support","Woodland Outdoor Trek sneakers with cushioned sole, breathable, arch support. Ideal for travel use.",https://example.com/images/footwear/700194.jpg,https://example.com/products/700194
700195,Nike Revolution 7,Fashion,Sneakers,Nike,2099,3499,40,4.2,8082,In Stock,ShopWise Fashion,6 Months,Navy,9,Canvas,Slip-On,TPR,Running,Unisex,"Cushioned Sole, Arch Support, Anti-Slip","Nike Revolution 7 sneakers with cushioned sole, arch support, anti-slip. Ideal for running use.",https://example.com/images/footwear/700195.jpg,https://example.com/products/700195
700196,Crocs Bayaband,Fashion,Sneakers,Crocs,7099,7999,11,4.4,7678,In Stock,ShopWise Fashion,6 Months,Grey,10,Mesh,Velcro,EVA,Outdoor,Unisex,"Water Resistant, Breathable, Lightweight","Crocs Bayaband sneakers with water resistant, breathable, lightweight. Ideal for travel use.",https://example.com/images/footwear/700196.jpg,https://example.com/products/700196
700197,Skechers Summits,Fashion,Sneakers,Skechers,7699,9799,21,4.1,14642,In Stock,ShopWise Fashion,6 Months,White,11,Synthetic,Lace-Up,EVA,Travel,Unisex,"Water Resistant, Arch Support, Lightweight","Skechers Summits sneakers with water resistant, arch support, lightweight. Ideal for gym use.",https://example.com/images/footwear/700197.jpg,https://example.com/products/700197
700198,Adidas Runfalcon 5,Fashion,Running Shoes,Adidas,3899,5799,33,4.8,8556,In Stock,ShopWise Fashion,6 Months,Black,11,Canvas,Velcro,TPR,Office,Unisex,"Cushioned Sole, Anti-Slip, Water Resistant","Adidas Runfalcon 5 running shoes with cushioned sole, anti-slip, water resistant. Ideal for travel use.",https://example.com/images/footwear/700198.jpg,https://example.com/products/700198
700199,Skechers Summits,Fashion,Sneakers,Skechers,6199,6799,9,4.9,13979,In Stock,ShopWise Fashion,6 Months,Red,8,Knit,Slip-On,TPR,Gym,Unisex,"Lightweight, Breathable, Memory Foam","Skechers Summits sneakers with lightweight, breathable, memory foam. Ideal for outdoor use.",https://example.com/images/footwear/700199.jpg,https://example.com/products/700199
700200,Woodland Outdoor Trek,Fashion,Sneakers,Woodland,6699,8099,17,4.7,18127,In Stock,ShopWise Fashion,6 Months,Brown,8,Mesh,Lace-Up,Rubber,Travel,Unisex,"Breathable, Arch Support, Memory Foam","Woodland Outdoor Trek sneakers with breathable, arch support, memory foam. Ideal for office use.",https://example.com/images/footwear/700200.jpg,https://example.com/products/700200
