product_id,product_name,category,sub_category,brand,model,price,original_price,discount_percentage,rating,review_count,stock_status,seller,warranty,color,energy_rating,capacity,power,features,description,purpose,image_url,product_url
800001,Samsung Front Load,Home Appliances,Washing Machine,Samsung,Front Load,69600,74200,6,4.0,6162,In Stock,ShopWise Home,1 Year,Grey,4 Star,28L,500W,"Steam Wash, Child Lock, Quick Wash","Samsung Front Load washing machine with steam wash, child lock, quick wash. Reliable appliance for everyday home use.",Home & Kitchen,https://example.com/images/home/800001.jpg,https://example.com/products/800001
800002,Samsung Grill,Home Appliances,Microwave Oven,Samsung,Grill,16300,21000,22,4.8,8274,In Stock,ShopWise Home,1 Year,Black,3 Star,2L,750W,"Touch Control, Auto Cook Menu, Child Lock","Samsung Grill microwave oven with touch control, auto cook menu, child lock. Reliable appliance for everyday home use.",Home & Kitchen,https://example.com/images/home/800002.jpg,https://example.com/products/800002
800003,Kent RO+UV+UF,Home Appliances,Water Purifier,Kent,RO+UV+UF,20200,25000,19,4.0,14150,In Stock,ShopWise Home,1 Year,Silver,5 Star,28L,1000W,"Mineral Booster, UV, UF","Kent RO+UV+UF water purifier with mineral booster, uv, uf. Reliable appliance for everyday home use.",Home & Kitchen,https://example.com/images/home/800003.jpg,https://example.com/products/800003
800004,LG Front Load,Home Appliances,Washing Machine,LG,Front Load,28600,32000,11,4.7,1159,In Stock,ShopWise Home,1 Year,Grey,4 Star,10kg,750W,"Steam Wash, Inverter Motor, Child Lock","LG Front Load washing machine with steam wash, inverter motor, child lock. Reliable appliance for everyday home use.",Home & Kitchen,https://example.com/images/home/800004.jpg,https://example.com/products/800004
800005,Whirlpool Fully Automatic,Home Appliances,Washing Machine,Whirlpool,Fully Automatic,69900,74400,6,4.9,1578,In Stock,ShopWise Home,1 Year,Grey,3 Star,8kg,1000W,"Steam Wash, Smart Diagnosis, Quick Wash","Whirlpool Fully Automatic washing machine with steam wash, smart diagnosis, quick wash. Reliable appliance for everyday home use.",Home & Kitchen,https://example.com/images/home/800005.jpg,https://example.com/products/800005
800006,LG Double Door,Home Appliances,Refrigerator,LG,Double Door,33000,36800,10,4.2,10400,In Stock,ShopWise Home,1 Year,White,5 Star,190L,1500W,"Energy Rating 3 Star, Convertible Mode, Inverter Compressor","LG Double Door refrigerator with energy rating 3 star, convertible mode, inverter compressor. Reliable appliance for everyday home use.",Home & Kitchen,https://example.com/images/home/800006.jpg,https://example.com/products/800006
800007,IFB Convection,Home Appliances,Microwave Oven,IFB,Convection,16400,19500,16,4.9,2142,In Stock,ShopWise Home,1 Year,Black,5 Star,2L,2000W,"Touch Control, Defrost, Auto Cook Menu","IFB Convection microwave oven with touch control, defrost, auto cook menu. Reliable appliance for everyday home use.",Home & Kitchen,https://example.com/images/home/800007.jpg,https://example.com/products/800007
800008,Bajaj 500W,Home Appliances,Mixer Grinder,Bajaj,500W,9900,13800,28,4.4,10635,In Stock,ShopWise Home,1 Year,Grey,5 Star,8kg,1000W,"Stainless Steel Blades, Copper Motor, Overload Protection","Bajaj 500W mixer grinder with stainless steel blades, copper motor, overload protection. Reliable appliance for everyday home use.",Home & Kitchen,https://example.com/images/home/800008.jpg,https://example.com/products/800008
800009,Kent RO+UV,Home Appliances,Water Purifier,Kent,RO+UV,18000,20200,11,4.2,4790,In Stock,ShopWise Home,1 Year,Silver,5 Star,8kg,500W,"RO, UF, Mineral Booster","Kent RO+UV water purifier with ro, uf, mineral booster. Reliable appliance for everyday home use.",Home & Kitchen,https://example.com/images/home/800009.jpg,https://example.com/products/800009
800010,Prestige 1000W,Home Appliances,Mixer Grinder,Prestige,1000W,3700,7800,53,4.8,7873,In Stock,ShopWise Home,1 Year,White,5 Star,8kg,500W,"Stainless Steel Blades, 3 Jars, Copper Motor","Prestige 1000W mixer grinder with stainless steel blades, 3 jars, copper motor. Reliable appliance for everyday home use.",Home & Kitchen,https://example.com/images/home/800010.jpg,https://example.com/products/800010
800011,Whirlpool Side by Side,Home Appliances,Refrigerator,Whirlpool,Side by Side,78700,79600,1,5.0,11037,In Stock,ShopWise Home,1 Year,Silver,4 Star,20L,1500W,"Inverter Compressor, Toughened Glass Shelves, Convertible Mode","Whirlpool Side by Side refrigerator with inverter compressor, toughened glass shelves, convertible mode. Reliable appliance for everyday home use.",Home & Kitchen,https://example.com/images/home/800011.jpg,https://example.com/products/800011
800012,Samsung Top Load,Home Appliances,Washing Machine,Samsung,Top Load,65900,67400,2,4.9,905,In Stock,ShopWise Home,1 Year,Grey,5 Star,330L,1500W,"Child Lock, Steam Wash, Inverter Motor","Samsung Top Load washing machine with child lock, steam wash, inverter motor. Reliable appliance for everyday home use.",Home & Kitchen,https://example.com/images/home/800012.jpg,https://example.com/products/800012
800013,Morphy Richards Grill,Home Appliances,Microwave Oven,Morphy Richards,Grill,9100,12100,25,4.9,8263,In Stock,ShopWise Home,1 Year,Silver,5 Star,1L,500W,"Touch Control, Timer, Defrost","Morphy Richards Grill microwave oven with touch control, timer, defrost. Reliable appliance for everyday home use.",Home & Kitchen,https://example.com/images/home/800013.jpg,https://example.com/products/800013
800014,Philips 1000W,Home Appliances,Mixer Grinder,Philips,1000W,3200,3800,16,4.0,11845,In Stock,ShopWise Home,1 Year,Black,4 Star,8kg,750W,"Anti-Skid Feet, Overload Protection, 3 Jars","Philips 1000W mixer grinder with anti-skid feet, overload protection, 3 jars. Reliable appliance for everyday home use.",Home & Kitchen,https://example.com/images/home/800014.jpg,https://example.com/products/800014
800015,Panasonic Convection,Home Appliances,Microwave Oven,Panasonic,Convection,18500,19500,5,4.1,12653,In Stock,ShopWise Home,1 Year,Grey,4 Star,8kg,750W,"Timer, Touch Control, Defrost","Panasonic Convection microwave oven with timer, touch control, defrost. Reliable appliance for everyday home use.",Home & Kitchen,https://example.com/images/home/800015.jpg,https://example.com/products/800015
800016,Bajaj 750W,Home Appliances,Mixer Grinder,Bajaj,750W,7600,12500,39,4.1,4648,In Stock,ShopWise Home,1 Year,Grey,5 Star,190L,750W,"Copper Motor, Stainless Steel Blades, 3 Jars","Bajaj 750W mixer grinder with copper motor, stainless steel blades, 3 jars. Reliable appliance for everyday home use.",Home & Kitchen,https://example.com/images/home/800016.jpg,https://example.com/products/800016
800017,Samsung Side by Side,Home Appliances,Refrigerator,Samsung,Side by Side,18700,21900,15,5.0,8085,In Stock,ShopWise Home,1 Year,White,4 Star,240L,1000W,"Toughened Glass Shelves, Frost Free, Convertible Mode","Samsung Side by Side refrigerator with toughened glass shelves, frost free, convertible mode. Reliable appliance for everyday home use.",Home & Kitchen,https://example.com/images/home/800017.jpg,https://example.com/products/800017
800018,Prestige 1000W,Home Appliances,Mixer Grinder,Prestige,1000W,5500,10100,46,4.7,9090,In Stock,ShopWise Home,1 Year,Grey,3 Star,28L,500W,"Copper Motor, Overload Protection, Stainless Steel Blades","Prestige 1000W mixer grinder with copper motor, overload protection, stainless steel blades. Reliable appliance for everyday home use.",Home & Kitchen,https://example.com/images/home/800018.jpg,https://example.com/products/800018
800019,Whirlpool Single Door,Home Appliances,Refrigerator,Whirlpool,Single Door,44400,48600,9,5.0,14380,In Stock,ShopWise Home,1 Year,White,3 Star,190L,1000W,"Frost Free, Toughened Glass Shelves, Inverter Compressor","Whirlpool Single Door refrigerator with frost free, toughened glass shelves, inverter compressor. Reliable appliance for everyday home use.",Home & Kitchen,https://example.com/images/home/800019.jpg,https://example.com/products/800019
800020,Pureit RO,Home Appliances,Water Purifier,Pureit,RO,9500,11000,14,4.0,12881,In Stock,ShopWise Home,1 Year,Grey,5 Star,28L,1000W,"UV, TDS Controller, Mineral Booster","Pureit RO water purifier with uv, tds controller, mineral booster. Reliable appliance for everyday home use.",Home & Kitchen,https://example.com/images/home/800020.jpg,https://example.com/products/800020
800021,AO Smith RO,Home Appliances,Water Purifier,AO Smith,RO,26200,29900,12,4.2,13164,In Stock,ShopWise Home,1 Year,White,3 Star,240L,500W,"RO, Mineral Booster, UV","AO Smith RO water purifier with ro, mineral booster, uv. Reliable appliance for everyday home use.",Home & Kitchen,https://example.com/images/home/800021.jpg,https://example.com/products/800021
800022,Morphy Richards Convection,Home Appliances,Microwave Oven,Morphy Richards,Convection,20400,24800,18,4.8,11516,In Stock,ShopWise Home,1 Year,White,3 Star,8kg,2000W,"Defrost, Auto Cook Menu, Touch Control","Morphy Richards Convection microwave oven with defrost, auto cook menu, touch control. Reliable appliance for everyday home use.",Home & Kitchen,https://example.com/images/home/800022.jpg,https://example.com/products/800022
800023,LG Single Door,Home Appliances,Refrigerator,LG,Single Door,23600,26100,10,4.9,13265,In Stock,ShopWise Home,1 Year,Grey,4 Star,240L,1500W,"Energy Rating 3 Star, Convertible Mode, Frost Free","LG Single Door refrigerator with energy rating 3 star, convertible mode, frost free. Reliable appliance for everyday home use.",Home & Kitchen,https://example.com/images/home/800023.jpg,https://example.com/products/800023
800024,Haier Convertible,Home Appliances,Refrigerator,Haier,Convertible,40200,41200,2,4.6,466,In Stock,ShopWise Home,1 Year,Black,5 Star,20L,1000W,"Frost Free, Inverter Compressor, Convertible Mode","Haier Convertible refrigerator with frost free, inverter compressor, convertible mode. Reliable appliance for everyday home use.",Home & Kitchen,https://example.com/images/home/800024.jpg,https://example.com/products/800024
800025,LG Double Door,Home Appliances,Refrigerator,LG,Double Door,30100,32000,6,4.9,4962,In Stock,ShopWise Home,1 Year,Grey,5 Star,1.5L,1500W,"Inverter Compressor, Energy Rating 3 Star, Toughened Glass Shelves","LG Double Door refrigerator with inverter compressor, energy rating 3 star, toughened glass shelves. Reliable appliance for everyday home use.",Home & Kitchen,https://example.com/images/home/800025.jpg,https://example.com/products/800025
800026,Samsung Double Door,Home Appliances,Refrigerator,Samsung,Double Door,33400,35700,6,4.6,1897,In Stock,ShopWise Home,1 Year,Grey,4 Star,8kg,2000W,"Frost Free, Energy Rating 3 Star, Toughened Glass Shelves","Samsung Double Door refrigerator with frost free, energy rating 3 star, toughened glass shelves. Reliable appliance for everyday home use.",Home & Kitchen,https://example.com/images/home/800026.jpg,https://example.com/products/800026
800027,Samsung Front Load,Home Appliances,Washing Machine,Samsung,Front Load,38900,43300,10,4.5,11931,In Stock,ShopWise Home,1 Year,White,4 Star,8kg,500W,"Smart Diagnosis, Steam Wash, Child Lock","Samsung Front Load washing machine with smart diagnosis, steam wash, child lock. Reliable appliance for everyday home use.",Home & Kitchen,https://example.com/images/home/800027.jpg,https://example.com/products/800027
800028,Bajaj 1000W,Home Appliances,Mixer Grinder,Bajaj,1000W,3900,5400,28,4.5,14911,In Stock,ShopWise Home,1 Year,Black,5 Star,240L,2000W,"Anti-Skid Feet, Copper Motor, Stainless Steel Blades","Bajaj 1000W mixer grinder with anti-skid feet, copper motor, stainless steel blades. Reliable appliance for everyday home use.",Home & Kitchen,https://example.com/images/home/800028.jpg,https://example.com/products/800028
800029,Livpure RO+UV+UF,Home Appliances,Water Purifier,Livpure,RO+UV+UF,26700,29900,11,4.8,2880,In Stock,ShopWise Home,1 Year,Silver,3 Star,10kg,1500W,"UF, UV, TDS Controller","Livpure RO+UV+UF water purifier with uf, uv, tds controller. Reliable appliance for everyday home use.",Home & Kitchen,https://example.com/images/home/800029.jpg,https://example.com/products/800029
800030,Whirlpool Side by Side,Home Appliances,Refrigerator,Whirlpool,Side by Side,72500,74300,2,4.5,11899,In Stock,ShopWise Home,1 Year,White,3 Star,1.5L,500W,"Toughened Glass Shelves, Energy Rating 3 Star, Inverter Compressor","Whirlpool Side by Side refrigerator with toughened glass shelves, energy rating 3 star, inverter compressor. Reliable appliance for everyday home use.",Home & Kitchen,https://example.com/images/home/800030.jpg,https://example.com/products/800030
800031,Sujata 500W,Home Appliances,Mixer Grinder,Sujata,500W,6200,10000,38,4.5,8118,In Stock,ShopWise Home,1 Year,White,5 Star,20L,500W,"Stainless Steel Blades, Anti-Skid Feet, 3 Jars","Sujata 500W mixer grinder with stainless steel blades, anti-skid feet, 3 jars. Reliable appliance for everyday home use.",Home & Kitchen,https://example.com/images/home/800031.jpg,https://example.com/products/800031
800032,Bajaj 1000W,Home Appliances,Mixer Grinder,Bajaj,1000W,11300,14600,23,4.3,11464,In Stock,ShopWise Home,1 Year,Black,3 Star,7kg,1500W,"Overload Protection, Anti-Skid Feet, Copper Motor","Bajaj 1000W mixer grinder with overload protection, anti-skid feet, copper motor. Reliable appliance for everyday home use.",Home & Kitchen,https://example.com/images/home/800032.jpg,https://example.com/products/800032
800033,Samsung Side by Side,Home Appliances,Refrigerator,Samsung,Side by Side,26800,30000,11,4.9,8099,In Stock,ShopWise Home,1 Year,Silver,5 Star,10kg,2000W,"Energy Rating 3 Star, Convertible Mode, Inverter Compressor","Samsung Side by Side refrigerator with energy rating 3 star, convertible mode, inverter compressor. Reliable appliance for everyday home use.",Home & Kitchen,https://example.com/images/home/800033.jpg,https://example.com/products/800033
800034,Prestige 1000W,Home Appliances,Mixer Grinder,Prestige,1000W,11000,13000,15,4.3,12586,In Stock,ShopWise Home,1 Year,Black,3 Star,28L,500W,"Copper Motor, Overload Protection, Anti-Skid Feet","Prestige 1000W mixer grinder with copper motor, overload protection, anti-skid feet. Reliable appliance for everyday home use.",Home & Kitchen,https://example.com/images/home/800034.jpg,https://example.com/products/800034
800035,Sujata 500W,Home Appliances,Mixer Grinder,Sujata,500W,8800,10100,13,4.8,5186,In Stock,ShopWise Home,1 Year,Black,3 Star,10kg,2000W,"3 Jars, Overload Protection, Copper Motor","Sujata 500W mixer grinder with 3 jars, overload protection, copper motor. Reliable appliance for everyday home use.",Home & Kitchen,https://example.com/images/home/800035.jpg,https://example.com/products/800035
800036,Whirlpool Double Door,Home Appliances,Refrigerator,Whirlpool,Double Door,30300,35000,13,4.8,9359,In Stock,ShopWise Home,1 Year,Black,5 Star,20L,750W,"Toughened Glass Shelves, Frost Free, Convertible Mode","Whirlpool Double Door refrigerator with toughened glass shelves, frost free, convertible mode. Reliable appliance for everyday home use.",Home & Kitchen,https://example.com/images/home/800036.jpg,https://example.com/products/800036
800037,Whirlpool Fully Automatic,Home Appliances,Washing Machine,Whirlpool,Fully Automatic,28900,33100,13,4.2,12874,In Stock,ShopWise Home,1 Year,White,5 Star,20L,1500W,"Smart Diagnosis, Steam Wash, Quick Wash","Whirlpool Fully Automatic washing machine with smart diagnosis, steam wash, quick wash. Reliable appliance for everyday home use.",Home & Kitchen,https://example.com/images/home/800037.jpg,https://example.com/products/800037
800038,Bosch Front Load,Home Appliances,Washing Machine,Bosch,Front Load,28100,29300,4,5.0,13588,In Stock,ShopWise Home,1 Year,Black,5 Star,7kg,750W,"Smart Diagnosis, Inverter Motor, Child Lock","Bosch Front Load washing machine with smart diagnosis, inverter motor, child lock. Reliable appliance for everyday home use.",Home & Kitchen,https://example.com/images/home/800038.jpg,https://example.com/products/800038
800039,Whirlpool Front Load,Home Appliances,Washing Machine,Whirlpool,Front Load,26300,29700,11,4.1,6678,In Stock,ShopWise Home,1 Year,Grey,3 Star,2L,1500W,"Quick Wash, Child Lock, Inverter Motor","Whirlpool Front Load washing machine with quick wash, child lock, inverter motor. Reliable appliance for everyday home use.",Home & Kitchen,https://example.com/images/home/800039.jpg,https://example.com/products/800039
800040,Aquaguard RO+UV+UF,Home Appliances,Water Purifier,Aquaguard,RO+UV+UF,26100,30200,14,4.5,11137,In Stock,ShopWise Home,1 Year,Black,4 Star,8kg,750W,"UF, TDS Controller, RO","Aquaguard RO+UV+UF water purifier with uf, tds controller, ro. Reliable appliance for everyday home use.",Home & Kitchen,https://example.com/images/home/800040.jpg,https://example.com/products/800040
800041,Samsung Single Door,Home Appliances,Refrigerator,Samsung,Single Door,46500,48900,5,4.8,7315,In Stock,ShopWise Home,1 Year,White,3 Star,10kg,1500W,"Inverter Compressor, Toughened Glass Shelves, Frost Free","Samsung Single Door refrigerator with inverter compressor, toughened glass shelves, frost free. Reliable appliance for everyday home use.",Home & Kitchen,https://example.com/images/home/800041.jpg,https://example.com/products/800041
800042,LG Front Load,Home Appliances,Washing Machine,LG,Front Load,64000,67900,6,4.0,10395,In Stock,ShopWise Home,1 Year,Black,3 Star,7kg,750W,"Smart Diagnosis, Inverter Motor, Child Lock","LG Front Load washing machine with smart diagnosis, inverter motor, child lock. Reliable appliance for everyday home use.",Home & Kitchen,https://example.com/images/home/800042.jpg,https://example.com/products/800042
800043,Butterfly 750W,Home Appliances,Mixer Grinder,Butterfly,750W,10700,13600,21,4.1,201,In Stock,ShopWise Home,1 Year,Grey,3 Star,1L,1500W,"Copper Motor, Overload Protection, Anti-Skid Feet","Butterfly 750W mixer grinder with copper motor, overload protection, anti-skid feet. Reliable appliance for everyday home use.",Home & Kitchen,https://example.com/images/home/800043.jpg,https://example.com/products/800043
800044,LG Fully Automatic,Home Appliances,Washing Machine,LG,Fully Automatic,23200,26500,12,4.4,11077,In Stock,ShopWise Home,1 Year,Silver,5 Star,1L,1000W,"Inverter Motor, Smart Diagnosis, Quick Wash","LG Fully Automatic washing machine with inverter motor, smart diagnosis, quick wash. Reliable appliance for everyday home use.",Home & Kitchen,https://example.com/images/home/800044.jpg,https://example.com/products/800044
800045,Bosch Front Load,Home Appliances,Washing Machine,Bosch,Front Load,51300,52700,3,4.9,14978,In Stock,ShopWise Home,1 Year,Silver,4 Star,1L,500W,"Smart Diagnosis, Child Lock, Quick Wash","Bosch Front Load washing machine with smart diagnosis, child lock, quick wash. Reliable appliance for everyday home use.",Home & Kitchen,https://example.com/images/home/800045.jpg,https://example.com/products/800045
800046,Sujata 750W,Home Appliances,Mixer Grinder,Sujata,750W,2500,5100,51,4.6,14883,In Stock,ShopWise Home,1 Year,Grey,4 Star,8kg,1000W,"Overload Protection, Copper Motor, 3 Jars","Sujata 750W mixer grinder with overload protection, copper motor, 3 jars. Reliable appliance for everyday home use.",Home & Kitchen,https://example.com/images/home/800046.jpg,https://example.com/products/800046
800047,Haier Double Door,Home Appliances,Refrigerator,Haier,Double Door,41700,46300,10,4.0,3476,In Stock,ShopWise Home,1 Year,Black,4 Star,1L,2000W,"Energy Rating 3 Star, Toughened Glass Shelves, Convertible Mode","Haier Double Door refrigerator with energy rating 3 star, toughened glass shelves, convertible mode. Reliable appliance for everyday home use.",Home & Kitchen,https://example.com/images/home/800047.jpg,https://example.com/products/800047
800048,Butterfly 500W,Home Appliances,Mixer Grinder,Butterfly,500W,11800,16700,29,4.5,9625,In Stock,ShopWise Home,1 Year,Black,5 Star,28L,500W,"Copper Motor, Anti-Skid Feet, Overload Protection","Butterfly 500W mixer grinder with copper motor, anti-skid feet, overload protection. Reliable appliance for everyday home use.",Home & Kitchen,https://example.com/images/home/800048.jpg,https://example.com/products/800048
800049,Butterfly 500W,Home Appliances,Mixer Grinder,Butterfly,500W,8200,11500,29,4.4,2000,In Stock,ShopWise Home,1 Year,White,5 Star,10kg,1000W,"Stainless Steel Blades, Copper Motor, 3 Jars","Butterfly 500W mixer grinder with stainless steel blades, copper motor, 3 jars. Reliable appliance for everyday home use.",Home & Kitchen,https://example.com/images/home/800049.jpg,https://example.com/products/800049
800050,Samsung Semi Automatic,Home Appliances,Washing Machine,Samsung,Semi Automatic,50500,51100,1,4.6,2505,In Stock,ShopWise Home,1 Year,White,4 Star,330L,1500W,"Smart Diagnosis, Inverter Motor, Quick Wash","Samsung Semi Automatic washing machine with smart diagnosis, inverter motor, quick wash. Reliable appliance for everyday home use.",Home & Kitchen,https://example.com/images/home/800050.jpg,https://example.com/products/800050
800051,Sujata 500W,Home Appliances,Mixer Grinder,Sujata,500W,6300,8100,22,4.7,267,In Stock,ShopWise Home,1 Year,Black,4 Star,28L,2000W,"Overload Protection, Copper Motor, 3 Jars","Sujata 500W mixer grinder with overload protection, copper motor, 3 jars. Reliable appliance for everyday home use.",Home & Kitchen,https://example.com/images/home/800051.jpg,https://example.com/products/800051
800052,Whirlpool Fully Automatic,Home Appliances,Washing Machine,Whirlpool,Fully Automatic,63700,64800,2,4.5,8860,In Stock,ShopWise Home,1 Year,Silver,5 Star,8kg,1500W,"Inverter Motor, Steam Wash, Smart Diagnosis","Whirlpool Fully Automatic washing machine with inverter motor, steam wash, smart diagnosis. Reliable appliance for everyday home use.",Home & Kitchen,https://example.com/images/home/800052.jpg,https://example.com/products/800052
800053,Bosch Fully Automatic,Home Appliances,Washing Machine,Bosch,Fully Automatic,39700,42800,7,4.5,5250,In Stock,ShopWise Home,1 Year,Grey,3 Star,20L,1500W,"Child Lock, Inverter Motor, Quick Wash","Bosch Fully Automatic washing machine with child lock, inverter motor, quick wash. Reliable appliance for everyday home use.",Home & Kitchen,https://example.com/images/home/800053.jpg,https://example.com/products/800053
800054,Samsung Solo,Home Appliances,Microwave Oven,Samsung,Solo,19800,24100,18,4.6,9795,In Stock,ShopWise Home,1 Year,Black,5 Star,28L,2000W,"Auto Cook Menu, Timer, Defrost","Samsung Solo microwave oven with auto cook menu, timer, defrost. Reliable appliance for everyday home use.",Home & Kitchen,https://example.com/images/home/800054.jpg,https://example.com/products/800054
800055,Bosch Front Load,Home Appliances,Washing Machine,Bosch,Front Load,68400,72700,6,4.5,8940,In Stock,ShopWise Home,1 Year,White,3 Star,240L,750W,"Steam Wash, Inverter Motor, Quick Wash","Bosch Front Load washing machine with steam wash, inverter motor, quick wash. Reliable appliance for everyday home use.",Home & Kitchen,https://example.com/images/home/800055.jpg,https://example.com/products/800055
800056,LG Top Load,Home Appliances,Washing Machine,LG,Top Load,20600,23100,11,4.9,8281,In Stock,ShopWise Home,1 Year,White,3 Star,7kg,1500W,"Steam Wash, Smart Diagnosis, Quick Wash","LG Top Load washing machine with steam wash, smart diagnosis, quick wash. Reliable appliance for everyday home use.",Home & Kitchen,https://example.com/images/home/800056.jpg,https://example.com/products/800056
800057,Bosch Fully Automatic,Home Appliances,Washing Machine,Bosch,Fully Automatic,69500,74400,7,4.5,7105,In Stock,ShopWise Home,1 Year,Black,5 Star,20L,500W,"Quick Wash, Child Lock, Smart Diagnosis","Bosch Fully Automatic washing machine with quick wash, child lock, smart diagnosis. Reliable appliance for everyday home use.",Home & Kitchen,https://example.com/images/home/800057.jpg,https://example.com/products/800057
800058,Kent RO,Home Appliances,Water Purifier,Kent,RO,12500,14400,13,4.7,7523,In Stock,ShopWise Home,1 Year,Silver,4 Star,8kg,750W,"UF, Mineral Booster, TDS Controller","Kent RO water purifier with uf, mineral booster, tds controller. Reliable appliance for everyday home use.",Home & Kitchen,https://example.com/images/home/800058.jpg,https://example.com/products/800058
800059,Haier Double Door,Home Appliances,Refrigerator,Haier,Double Door,76700,78100,2,4.6,6903,In Stock,ShopWise Home,1 Year,Black,4 Star,1.5L,1500W,"Energy Rating 3 Star, Toughened Glass Shelves, Convertible Mode","Haier Double Door refrigerator with energy rating 3 star, toughened glass shelves, convertible mode. Reliable appliance for everyday home use.",Home & Kitchen,https://example.com/images/home/800059.jpg,https://example.com/products/800059
800060,IFB Fully Automatic,Home Appliances,Washing Machine,IFB,Fully Automatic,57000,59900,5,4.5,4926,In Stock,ShopWise Home,1 Year,White,3 Star,2L,1500W,"Inverter Motor, Smart Diagnosis, Quick Wash","IFB Fully Automatic washing machine with inverter motor, smart diagnosis, quick wash. Reliable appliance for everyday home use.",Home & Kitchen,https://example.com/images/home/800060.jpg,https://example.com/products/800060
800061,LG Convection,Home Appliances,Microwave Oven,LG,Convection,17500,18700,6,4.6,352,In Stock,ShopWise Home,1 Year,Black,5 Star,8kg,750W,"Child Lock, Auto Cook Menu, Touch Control","LG Convection microwave oven with child lock, auto cook menu, touch control. Reliable appliance for everyday home use.",Home & Kitchen,https://example.com/images/home/800061.jpg,https://example.com/products/800061
800062,LG Convection,Home Appliances,Microwave Oven,LG,Convection,18000,20600,13,4.9,14214,In Stock,ShopWise Home,1 Year,White,5 Star,7kg,1500W,"Child Lock, Timer, Auto Cook Menu","LG Convection microwave oven with child lock, timer, auto cook menu. Reliable appliance for everyday home use.",Home & Kitchen,https://example.com/images/home/800062.jpg,https://example.com/products/800062
800063,Livpure RO,Home Appliances,Water Purifier,Livpure,RO,27700,28600,3,4.7,7699,In Stock,ShopWise Home,1 Year,White,4 Star,330L,1500W,"UV, TDS Controller, Mineral Booster","Livpure RO water purifier with uv, tds controller, mineral booster. Reliable appliance for everyday home use.",Home & Kitchen,https://example.com/images/home/800063.jpg,https://example.com/products/800063
800064,IFB Semi Automatic,Home Appliances,Washing Machine,IFB,Semi Automatic,59700,63200,6,4.7,9706,In Stock,ShopWise Home,1 Year,Black,3 Star,1L,1500W,"Child Lock, Smart Diagnosis, Inverter Motor","IFB Semi Automatic washing machine with child lock, smart diagnosis, inverter motor. Reliable appliance for everyday home use.",Home & Kitchen,https://example.com/images/home/800064.jpg,https://example.com/products/800064
800065,LG Convection,Home Appliances,Microwave Oven,LG,Convection,18000,21800,17,4.5,4274,In Stock,ShopWise Home,1 Year,White,3 Star,2L,500W,"Defrost, Auto Cook Menu, Timer","LG Convection microwave oven with defrost, auto cook menu, timer. Reliable appliance for everyday home use.",Home & Kitchen,https://example.com/images/home/800065.jpg,https://example.com/products/800065
800066,Aquaguard RO,Home Appliances,Water Purifier,Aquaguard,RO,14200,17900,21,4.8,10427,In Stock,ShopWise Home,1 Year,Grey,3 Star,20L,500W,"UV, RO, UF","Aquaguard RO water purifier with uv, ro, uf. Reliable appliance for everyday home use.",Home & Kitchen,https://example.com/images/home/800066.jpg,https://example.com/products/800066
800067,Livpure RO,Home Appliances,Water Purifier,Livpure,RO,19100,23800,20,4.1,9238,In Stock,ShopWise Home,1 Year,Black,4 Star,20L,1500W,"UF, RO, TDS Controller","Livpure RO water purifier with uf, ro, tds controller. Reliable appliance for everyday home use.",Home & Kitchen,https://example.com/images/home/800067.jpg,https://example.com/products/800067
800068,Bajaj 750W,Home Appliances,Mixer Grinder,Bajaj,750W,10500,11300,7,4.5,4100,In Stock,ShopWise Home,1 Year,Silver,3 Star,1.5L,1000W,"Anti-Skid Feet, Stainless Steel Blades, 3 Jars","Bajaj 750W mixer grinder with anti-skid feet, stainless steel blades, 3 jars. Reliable appliance for everyday home use.",Home & Kitchen,https://example.com/images/home/800068.jpg,https://example.com/products/800068
800069,Livpure RO+UV,Home Appliances,Water Purifier,Livpure,RO+UV,22500,23800,5,4.2,5706,In Stock,ShopWise Home,1 Year,Silver,4 Star,1L,1500W,"TDS Controller, UF, Mineral Booster","Livpure RO+UV water purifier with tds controller, uf, mineral booster. Reliable appliance for everyday home use.",Home & Kitchen,https://example.com/images/home/800069.jpg,https://example.com/products/800069
800070,Morphy Richards Grill,Home Appliances,Microwave Oven,Morphy Richards,Grill,11800,14200,17,4.8,12206,In Stock,ShopWise Home,1 Year,Silver,5 Star,2L,1500W,"Timer, Child Lock, Auto Cook Menu","Morphy Richards Grill microwave oven with timer, child lock, auto cook menu. Reliable appliance for everyday home use.",Home & Kitchen,https://example.com/images/home/800070.jpg,https://example.com/products/800070
800071,Samsung Grill,Home Appliances,Microwave Oven,Samsung,Grill,21400,26200,18,4.2,1058,In Stock,ShopWise Home,1 Year,Grey,3 Star,2L,500W,"Child Lock, Touch Control, Auto Cook Menu","Samsung Grill microwave oven with child lock, touch control, auto cook menu. Reliable appliance for everyday home use.",Home & Kitchen,https://example.com/images/home/800071.jpg,https://example.com/products/800071
800072,Morphy Richards Convection,Home Appliances,Microwave Oven,Morphy Richards,Convection,14100,15900,11,4.5,4723,In Stock,ShopWise Home,1 Year,White,5 Star,10kg,500W,"Defrost, Auto Cook Menu, Child Lock","Morphy Richards Convection microwave oven with defrost, auto cook menu, child lock. Reliable appliance for everyday home use.",Home & Kitchen,https://example.com/images/home/800072.jpg,https://example.com/products/800072
800073,Godrej Single Door,Home Appliances,Refrigerator,Godrej,Single Door,59400,62300,5,4.6,1241,In Stock,ShopWise Home,1 Year,Silver,4 Star,190L,750W,"Frost Free, Energy Rating 3 Star, Inverter Compressor","Godrej Single Door refrigerator with frost free, energy rating 3 star, inverter compressor. Reliable appliance for everyday home use.",Home & Kitchen,https://example.com/images/home/800073.jpg,https://example.com/products/800073
800074,Whirlpool Convertible,Home Appliances,Refrigerator,Whirlpool,Convertible,67100,70300,5,4.3,9701,In Stock,ShopWise Home,1 Year,Black,3 Star,330L,750W,"Frost Free, Toughened Glass Shelves, Convertible Mode","Whirlpool Convertible refrigerator with frost free, toughened glass shelves, convertible mode. Reliable appliance for everyday home use.",Home & Kitchen,https://example.com/images/home/800074.jpg,https://example.com/products/800074
800075,Pureit RO,Home Appliances,Water Purifier,Pureit,RO,9600,13800,30,4.1,7338,In Stock,ShopWise Home,1 Year,Grey,3 Star,20L,2000W,"TDS Controller, UV, RO","Pureit RO water purifier with tds controller, uv, ro. Reliable appliance for everyday home use.",Home & Kitchen,https://example.com/images/home/800075.jpg,https://example.com/products/800075
800076,Whirlpool Fully Automatic,Home Appliances,Washing Machine,Whirlpool,Fully Automatic,38400,39000,2,4.2,11177,In Stock,ShopWise Home,1 Year,Grey,5 Star,190L,750W,"Child Lock, Inverter Motor, Smart Diagnosis","Whirlpool Fully Automatic washing machine with child lock, inverter motor, smart diagnosis. Reliable appliance for everyday home use.",Home & Kitchen,https://example.com/images/home/800076.jpg,https://example.com/products/800076
800077,IFB Fully Automatic,Home Appliances,Washing Machine,IFB,Fully Automatic,23600,25900,9,4.7,11199,In Stock,ShopWise Home,1 Year,Grey,4 Star,20L,2000W,"Child Lock, Inverter Motor, Smart Diagnosis","IFB Fully Automatic washing machine with child lock, inverter motor, smart diagnosis. Reliable appliance for everyday home use.",Home & Kitchen,https://example.com/images/home/800077.jpg,https://example.com/products/800077
800078,IFB Top Load,Home Appliances,Washing Machine,IFB,Top Load,63200,64600,2,4.0,14187,In Stock,ShopWise Home,1 Year,Silver,3 Star,10kg,1500W,"Quick Wash, Inverter Motor, Child Lock","IFB Top Load washing machine with quick wash, inverter motor, child lock. Reliable appliance for everyday home use.",Home & Kitchen,https://example.com/images/home/800078.jpg,https://example.com/products/800078
800079,IFB Front Load,Home Appliances,Washing Machine,IFB,Front Load,32600,37200,12,4.4,14948,In Stock,ShopWise Home,1 Year,Black,5 Star,20L,500W,"Steam Wash, Child Lock, Smart Diagnosis","IFB Front Load washing machine with steam wash, child lock, smart diagnosis. Reliable appliance for everyday home use.",Home & Kitchen,https://example.com/images/home/800079.jpg,https://example.com/products/800079
800080,Whirlpool Top Load,Home Appliances,Washing Machine,Whirlpool,Top Load,62500,64600,3,4.3,13401,In Stock,ShopWise Home,1 Year,Grey,3 Star,1.5L,500W,"Inverter Motor, Quick Wash, Steam Wash","Whirlpool Top Load washing machine with inverter motor, quick wash, steam wash. Reliable appliance for everyday home use.",Home & Kitchen,https://example.com/images/home/800080.jpg,https://example.com/products/800080
800081,Aquaguard RO+UV+UF,Home Appliances,Water Purifier,Aquaguard,RO+UV+UF,27200,30400,11,4.9,1225,In Stock,ShopWise Home,1 Year,White,5 Star,10kg,500W,"RO, Mineral Booster, TDS Controller","Aquaguard RO+UV+UF water purifier with ro, mineral booster, tds controller. Reliable appliance for everyday home use.",Home & Kitchen,https://example.com/images/home/800081.jpg,https://example.com/products/800081
800082,IFB Top Load,Home Appliances,Washing Machine,IFB,Top Load,42400,46200,8,4.5,11911,In Stock,ShopWise Home,1 Year,White,4 Star,190L,1000W,"Quick Wash, Smart Diagnosis, Child Lock","IFB Top Load washing machine with quick wash, smart diagnosis, child lock. Reliable appliance for everyday home use.",Home & Kitchen,https://example.com/images/home/800082.jpg,https://example.com/products/800082
800083,Panasonic Solo,Home Appliances,Microwave Oven,Panasonic,Solo,11000,14700,25,4.6,1512,In Stock,ShopWise Home,1 Year,Silver,4 Star,10kg,1000W,"Auto Cook Menu, Timer, Touch Control","Panasonic Solo microwave oven with auto cook menu, timer, touch control. Reliable appliance for everyday home use.",Home & Kitchen,https://example.com/images/home/800083.jpg,https://example.com/products/800083
800084,Samsung Fully Automatic,Home Appliances,Washing Machine,Samsung,Fully Automatic,59900,62800,5,4.3,3794,In Stock,ShopWise Home,1 Year,White,3 Star,7kg,2000W,"Inverter Motor, Quick Wash, Child Lock","Samsung Fully Automatic washing machine with inverter motor, quick wash, child lock. Reliable appliance for everyday home use.",Home & Kitchen,https://example.com/images/home/800084.jpg,https://example.com/products/800084
800085,Prestige 500W,Home Appliances,Mixer Grinder,Prestige,500W,5500,10000,45,4.1,2761,In Stock,ShopWise Home,1 Year,Black,4 Star,1L,500W,"Anti-Skid Feet, Overload Protection, 3 Jars","Prestige 500W mixer grinder with anti-skid feet, overload protection, 3 jars. Reliable appliance for everyday home use.",Home & Kitchen,https://example.com/images/home/800085.jpg,https://example.com/products/800085
800086,Panasonic Grill,Home Appliances,Microwave Oven,Panasonic,Grill,13600,16000,15,4.2,8971,In Stock,ShopWise Home,1 Year,Black,4 Star,240L,500W,"Timer, Defrost, Auto Cook Menu","Panasonic Grill microwave oven with timer, defrost, auto cook menu. Reliable appliance for everyday home use.",Home & Kitchen,https://example.com/images/home/800086.jpg,https://example.com/products/800086
800087,Whirlpool Convertible,Home Appliances,Refrigerator,Whirlpool,Convertible,77500,82300,6,4.1,9257,In Stock,ShopWise Home,1 Year,Black,5 Star,1.5L,1500W,"Energy Rating 3 Star, Toughened Glass Shelves, Frost Free","Whirlpool Convertible refrigerator with energy rating 3 star, toughened glass shelves, frost free. Reliable appliance for everyday home use.",Home & Kitchen,https://example.com/images/home/800087.jpg,https://example.com/products/800087
800088,Butterfly 500W,Home Appliances,Mixer Grinder,Butterfly,500W,2700,6400,58,4.9,3765,In Stock,ShopWise Home,1 Year,Grey,5 Star,1.5L,2000W,"3 Jars, Stainless Steel Blades, Overload Protection","Butterfly 500W mixer grinder with 3 jars, stainless steel blades, overload protection. Reliable appliance for everyday home use.",Home & Kitchen,https://example.com/images/home/800088.jpg,https://example.com/products/800088
800089,Samsung Single Door,Home Appliances,Refrigerator,Samsung,Single Door,22400,22900,2,4.2,491,In Stock,ShopWise Home,1 Year,Black,4 Star,20L,750W,"Energy Rating 3 Star, Convertible Mode, Inverter Compressor","Samsung Single Door refrigerator with energy rating 3 star, convertible mode, inverter compressor. Reliable appliance for everyday home use.",Home & Kitchen,https://example.com/images/home/800089.jpg,https://example.com/products/800089
800090,Pureit RO+UV+UF,Home Appliances,Water Purifier,Pureit,RO+UV+UF,23800,28700,17,4.7,13086,In Stock,ShopWise Home,1 Year,Silver,4 Star,8kg,500W,"UV, Mineral Booster, RO","Pureit RO+UV+UF water purifier with uv, mineral booster, ro. Reliable appliance for everyday home use.",Home & Kitchen,https://example.com/images/home/800090.jpg,https://example.com/products/800090
800091,Godrej Convertible,Home Appliances,Refrigerator,Godrej,Convertible,51500,56400,9,4.3,9757,In Stock,ShopWise Home,1 Year,Grey,4 Star,8kg,1500W,"Convertible Mode, Inverter Compressor, Frost Free","Godrej Convertible refrigerator with convertible mode, inverter compressor, frost free. Reliable appliance for everyday home use.",Home & Kitchen,https://example.com/images/home/800091.jpg,https://example.com/products/800091
800092,Bajaj 750W,Home Appliances,Mixer Grinder,Bajaj,750W,11200,12100,7,4.7,590,In Stock,ShopWise Home,1 Year,White,4 Star,8kg,1000W,"Stainless Steel Blades, Anti-Skid Feet, 3 Jars","Bajaj 750W mixer grinder with stainless steel blades, anti-skid feet, 3 jars. Reliable appliance for everyday home use.",Home & Kitchen,https://example.com/images/home/800092.jpg,https://example.com/products/800092
800093,Bajaj 1000W,Home Appliances,Mixer Grinder,Bajaj,1000W,4200,5100,18,4.9,3044,In Stock,ShopWise Home,1 Year,Black,5 Star,10kg,1000W,"Overload Protection, Copper Motor, Stainless Steel Blades","Bajaj 1000W mixer grinder with overload protection, copper motor, stainless steel blades. Reliable appliance for everyday home use.",Home & Kitchen,https://example.com/images/home/800093.jpg,https://example.com/products/800093
800094,Prestige 1000W,Home Appliances,Mixer Grinder,Prestige,1000W,7600,11000,31,4.8,11902,In Stock,ShopWise Home,1 Year,Grey,4 Star,7kg,1000W,"Stainless Steel Blades, Copper Motor, 3 Jars","Prestige 1000W mixer grinder with stainless steel blades, copper motor, 3 jars. Reliable appliance for everyday home use.",Home & Kitchen,https://example.com/images/home/800094.jpg,https://example.com/products/800094
800095,Pureit RO+UV+UF,Home Appliances,Water Purifier,Pureit,RO+UV+UF,8900,11400,22,4.2,7204,In Stock,ShopWise Home,1 Year,Silver,5 Star,190L,500W,"RO, UF, TDS Controller","Pureit RO+UV+UF water purifier with ro, uf, tds controller. Reliable appliance for everyday home use.",Home & Kitchen,https://example.com/images/home/800095.jpg,https://example.com/products/800095
800096,Prestige 1000W,Home Appliances,Mixer Grinder,Prestige,1000W,2700,5000,46,4.1,14133,In Stock,ShopWise Home,1 Year,Grey,3 Star,8kg,750W,"3 Jars, Copper Motor, Stainless Steel Blades","Prestige 1000W mixer grinder with 3 jars, copper motor, stainless steel blades. Reliable appliance for everyday home use.",Home & Kitchen,https://example.com/images/home/800096.jpg,https://example.com/products/800096
800097,Whirlpool Side by Side,Home Appliances,Refrigerator,Whirlpool,Side by Side,46200,48800,5,4.9,4628,In Stock,ShopWise Home,1 Year,Silver,5 Star,28L,1500W,"Frost Free, Toughened Glass Shelves, Inverter Compressor","Whirlpool Side by Side refrigerator with frost free, toughened glass shelves, inverter compressor. Reliable appliance for everyday home use.",Home & Kitchen,https://example.com/images/home/800097.jpg,https://example.com/products/800097
800098,IFB Grill,Home Appliances,Microwave Oven,IFB,Grill,12600,14200,11,4.0,13204,In Stock,ShopWise Home,1 Year,Silver,5 Star,7kg,500W,"Touch Control, Timer, Defrost","IFB Grill microwave oven with touch control, timer, defrost. Reliable appliance for everyday home use.",Home & Kitchen,https://example.com/images/home/800098.jpg,https://example.com/products/800098
800099,Samsung Convection,Home Appliances,Microwave Oven,Samsung,Convection,7000,10100,31,4.1,4608,In Stock,ShopWise Home,1 Year,White,5 Star,330L,750W,"Timer, Child Lock, Auto Cook Menu","Samsung Convection microwave oven with timer, child lock, auto cook menu. Reliable appliance for everyday home use.",Home & Kitchen,https://example.com/images/home/800099.jpg,https://example.com/products/800099
800100,Livpure RO+UV+UF,Home Appliances,Water Purifier,Livpure,RO+UV+UF,19700,20900,6,4.8,4148,In Stock,ShopWise Home,1 Year,Black,5 Star,1.5L,1000W,"UF, Mineral Booster, UV","Livpure RO+UV+UF water purifier with uf, mineral booster, uv. Reliable appliance for everyday home use.",Home & Kitchen,https://example.com/images/home/800100.jpg,https://example.com/products/800100
800101,Livpure RO,Home Appliances,Water Purifier,Livpure,RO,8800,12000,27,4.7,12335,In Stock,ShopWise Home,1 Year,Black,3 Star,20L,500W,"UF, RO, UV","Livpure RO water purifier with uf, ro, uv. Reliable appliance for everyday home use.",Home & Kitchen,https://example.com/images/home/800101.jpg,https://example.com/products/800101
800102,IFB Grill,Home Appliances,Microwave Oven,IFB,Grill,12500,13500,7,4.1,10737,In Stock,ShopWise Home,1 Year,White,5 Star,2L,500W,"Timer, Child Lock, Touch Control","IFB Grill microwave oven with timer, child lock, touch control. Reliable appliance for everyday home use.",Home & Kitchen,https://example.com/images/home/800102.jpg,https://example.com/products/800102
800103,Aquaguard RO,Home Appliances,Water Purifier,Aquaguard,RO,19800,22600,12,4.5,13065,In Stock,ShopWise Home,1 Year,Black,5 Star,1.5L,1000W,"UV, UF, RO","Aquaguard RO water purifier with uv, uf, ro. Reliable appliance for everyday home use.",Home & Kitchen,https://example.com/images/home/800103.jpg,https://example.com/products/800103
800104,Whirlpool Front Load,Home Appliances,Washing Machine,Whirlpool,Front Load,68300,68800,1,4.8,14569,In Stock,ShopWise Home,1 Year,Silver,5 Star,1.5L,500W,"Smart Diagnosis, Quick Wash, Steam Wash","Whirlpool Front Load washing machine with smart diagnosis, quick wash, steam wash. Reliable appliance for everyday home use.",Home & Kitchen,https://example.com/images/home/800104.jpg,https://example.com/products/800104
800105,Kent RO,Home Appliances,Water Purifier,Kent,RO,23500,26400,11,4.1,11838,In Stock,ShopWise Home,1 Year,Silver,3 Star,1.5L,500W,"UF, Mineral Booster, RO","Kent RO water purifier with uf, mineral booster, ro. Reliable appliance for everyday home use.",Home & Kitchen,https://example.com/images/home/800105.jpg,https://example.com/products/800105
800106,Aquaguard RO,Home Appliances,Water Purifier,Aquaguard,RO,20700,24400,15,4.2,1334,In Stock,ShopWise Home,1 Year,Grey,3 Star,330L,1000W,"UV, TDS Controller, UF","Aquaguard RO water purifier with uv, tds controller, uf. Reliable appliance for everyday home use.",Home & Kitchen,https://example.com/images/home/800106.jpg,https://example.com/products/800106
800107,LG Convertible,Home Appliances,Refrigerator,LG,Convertible,45200,45700,1,4.6,7372,In Stock,ShopWise Home,1 Year,White,3 Star,10kg,750W,"Frost Free, Inverter Compressor, Energy Rating 3 Star","LG Convertible refrigerator with frost free, inverter compressor, energy rating 3 star. Reliable appliance for everyday home use.",Home & Kitchen,https://example.com/images/home/800107.jpg,https://example.com/products/800107
800108,Haier Double Door,Home Appliances,Refrigerator,Haier,Double Door,67000,68900,3,4.4,4659,In Stock,ShopWise Home,1 Year,Silver,3 Star,190L,750W,"Frost Free, Toughened Glass Shelves, Convertible Mode","Haier Double Door refrigerator with frost free, toughened glass shelves, convertible mode. Reliable appliance for everyday home use.",Home & Kitchen,https://example.com/images/home/800108.jpg,https://example.com/products/800108
800109,Bajaj 500W,Home Appliances,Mixer Grinder,Bajaj,500W,6500,7100,8,4.8,9040,In Stock,ShopWise Home,1 Year,Silver,5 Star,1.5L,2000W,"3 Jars, Stainless Steel Blades, Anti-Skid Feet","Bajaj 500W mixer grinder with 3 jars, stainless steel blades, anti-skid feet. Reliable appliance for everyday home use.",Home & Kitchen,https://example.com/images/home/800109.jpg,https://example.com/products/800109
800110,IFB Grill,Home Appliances,Microwave Oven,IFB,Grill,26400,31300,16,4.0,9123,In Stock,ShopWise Home,1 Year,White,5 Star,28L,750W,"Timer, Child Lock, Defrost","IFB Grill microwave oven with timer, child lock, defrost. Reliable appliance for everyday home use.",Home & Kitchen,https://example.com/images/home/800110.jpg,https://example.com/products/800110
800111,IFB Top Load,Home Appliances,Washing Machine,IFB,Top Load,57000,57600,1,4.0,3096,In Stock,ShopWise Home,1 Year,Grey,5 Star,2L,750W,"Inverter Motor, Smart Diagnosis, Quick Wash","IFB Top Load washing machine with inverter motor, smart diagnosis, quick wash. Reliable appliance for everyday home use.",Home & Kitchen,https://example.com/images/home/800111.jpg,https://example.com/products/800111
800112,Prestige 750W,Home Appliances,Mixer Grinder,Prestige,750W,6400,7800,18,4.7,4692,In Stock,ShopWise Home,1 Year,White,5 Star,1L,750W,"3 Jars, Overload Protection, Stainless Steel Blades","Prestige 750W mixer grinder with 3 jars, overload protection, stainless steel blades. Reliable appliance for everyday home use.",Home & Kitchen,https://example.com/images/home/800112.jpg,https://example.com/products/800112
800113,Philips 500W,Home Appliances,Mixer Grinder,Philips,500W,11100,12200,9,4.5,8078,In Stock,ShopWise Home,1 Year,White,5 Star,10kg,1000W,"Overload Protection, Stainless Steel Blades, Anti-Skid Feet","Philips 500W mixer grinder with overload protection, stainless steel blades, anti-skid feet. Reliable appliance for everyday home use.",Home & Kitchen,https://example.com/images/home/800113.jpg,https://example.com/products/800113
800114,Haier Side by Side,Home Appliances,Refrigerator,Haier,Side by Side,37200,39500,6,4.3,13059,In Stock,ShopWise Home,1 Year,Silver,4 Star,1L,2000W,"Inverter Compressor, Toughened Glass Shelves, Energy Rating 3 Star","Haier Side by Side refrigerator with inverter compressor, toughened glass shelves, energy rating 3 star. Reliable appliance for everyday home use.",Home & Kitchen,https://example.com/images/home/800114.jpg,https://example.com/products/800114
800115,Aquaguard RO,Home Appliances,Water Purifier,Aquaguard,RO,11500,14600,21,4.0,4906,In Stock,ShopWise Home,1 Year,Silver,4 Star,7kg,500W,"UF, TDS Controller, RO","Aquaguard RO water purifier with uf, tds controller, ro. Reliable appliance for everyday home use.",Home & Kitchen,https://example.com/images/home/800115.jpg,https://example.com/products/800115
800116,IFB Solo,Home Appliances,Microwave Oven,IFB,Solo,23600,25200,6,4.7,14721,In Stock,ShopWise Home,1 Year,Silver,4 Star,28L,1500W,"Defrost, Auto Cook Menu, Touch Control","IFB Solo microwave oven with defrost, auto cook menu, touch control. Reliable appliance for everyday home use.",Home & Kitchen,https://example.com/images/home/800116.jpg,https://example.com/products/800116
800117,Godrej Convertible,Home Appliances,Refrigerator,Godrej,Convertible,18500,21400,14,4.5,6832,In Stock,ShopWise Home,1 Year,White,4 Star,1L,500W,"Toughened Glass Shelves, Energy Rating 3 Star, Frost Free","Godrej Convertible refrigerator with toughened glass shelves, energy rating 3 star, frost free. Reliable appliance for everyday home use.",Home & Kitchen,https://example.com/images/home/800117.jpg,https://example.com/products/800117
800118,Sujata 750W,Home Appliances,Mixer Grinder,Sujata,750W,6900,11200,38,4.3,7674,In Stock,ShopWise Home,1 Year,Grey,3 Star,7kg,750W,"3 Jars, Stainless Steel Blades, Overload Protection","Sujata 750W mixer grinder with 3 jars, stainless steel blades, overload protection. Reliable appliance for everyday home use.",Home & Kitchen,https://example.com/images/home/800118.jpg,https://example.com/products/800118
800119,Bosch Top Load,Home Appliances,Washing Machine,Bosch,Top Load,52300,57100,8,4.3,8767,In Stock,ShopWise Home,1 Year,White,5 Star,1L,1000W,"Quick Wash, Child Lock, Smart Diagnosis","Bosch Top Load washing machine with quick wash, child lock, smart diagnosis. Reliable appliance for everyday home use.",Home & Kitchen,https://example.com/images/home/800119.jpg,https://example.com/products/800119
800120,LG Solo,Home Appliances,Microwave Oven,LG,Solo,19300,21000,8,4.9,3996,In Stock,ShopWise Home,1 Year,Grey,3 Star,1L,1000W,"Touch Control, Auto Cook Menu, Child Lock","LG Solo microwave oven with touch control, auto cook menu, child lock. Reliable appliance for everyday home use.",Home & Kitchen,https://example.com/images/home/800120.jpg,https://example.com/products/800120
800121,Kent RO+UV,Home Appliances,Water Purifier,Kent,RO+UV,22800,26600,14,4.5,13248,In Stock,ShopWise Home,1 Year,Grey,5 Star,20L,1500W,"UF, RO, TDS Controller","Kent RO+UV water purifier with uf, ro, tds controller. Reliable appliance for everyday home use.",Home & Kitchen,https://example.com/images/home/800121.jpg,https://example.com/products/800121
800122,IFB Front Load,Home Appliances,Washing Machine,IFB,Front Load,22800,26600,14,4.0,3949,In Stock,ShopWise Home,1 Year,White,5 Star,2L,1000W,"Steam Wash, Child Lock, Smart Diagnosis","IFB Front Load washing machine with steam wash, child lock, smart diagnosis. Reliable appliance for everyday home use.",Home & Kitchen,https://example.com/images/home/800122.jpg,https://example.com/products/800122
800123,Godrej Single Door,Home Appliances,Refrigerator,Godrej,Single Door,33600,35300,5,4.1,6148,In Stock,ShopWise Home,1 Year,White,3 Star,2L,2000W,"Inverter Compressor, Convertible Mode, Energy Rating 3 Star","Godrej Single Door refrigerator with inverter compressor, convertible mode, energy rating 3 star. Reliable appliance for everyday home use.",Home & Kitchen,https://example.com/images/home/800123.jpg,https://example.com/products/800123
800124,Aquaguard RO+UV+UF,Home Appliances,Water Purifier,Aquaguard,RO+UV+UF,17800,20100,11,4.8,12850,In Stock,ShopWise Home,1 Year,Silver,3 Star,7kg,1000W,"UF, Mineral Booster, RO","Aquaguard RO+UV+UF water purifier with uf, mineral booster, ro. Reliable appliance for everyday home use.",Home & Kitchen,https://example.com/images/home/800124.jpg,https://example.com/products/800124
800125,Samsung Semi Automatic,Home Appliances,Washing Machine,Samsung,Semi Automatic,37100,39900,7,4.5,8266,In Stock,ShopWise Home,1 Year,White,3 Star,20L,750W,"Child Lock, Steam Wash, Smart Diagnosis","Samsung Semi Automatic washing machine with child lock, steam wash, smart diagnosis. Reliable appliance for everyday home use.",Home & Kitchen,https://example.com/images/home/800125.jpg,https://example.com/products/800125
800126,LG Convertible,Home Appliances,Refrigerator,LG,Convertible,84100,86100,2,4.6,13532,In Stock,ShopWise Home,1 Year,White,3 Star,20L,500W,"Toughened Glass Shelves, Convertible Mode, Energy Rating 3 Star","LG Convertible refrigerator with toughened glass shelves, convertible mode, energy rating 3 star. Reliable appliance for everyday home use.",Home & Kitchen,https://example.com/images/home/800126.jpg,https://example.com/products/800126
800127,LG Convertible,Home Appliances,Refrigerator,LG,Convertible,55500,58500,5,4.6,10641,In Stock,ShopWise Home,1 Year,Grey,3 Star,10kg,1000W,"Frost Free, Energy Rating 3 Star, Toughened Glass Shelves","LG Convertible refrigerator with frost free, energy rating 3 star, toughened glass shelves. Reliable appliance for everyday home use.",Home & Kitchen,https://example.com/images/home/800127.jpg,https://example.com/products/800127
800128,LG Top Load,Home Appliances,Washing Machine,LG,Top Load,35900,38800,7,4.9,14223,In Stock,ShopWise Home,1 Year,Grey,5 Star,8kg,500W,"Child Lock, Quick Wash, Steam Wash","LG Top Load washing machine with child lock, quick wash, steam wash. Reliable appliance for everyday home use.",Home & Kitchen,https://example.com/images/home/800128.jpg,https://example.com/products/800128
800129,Haier Single Door,Home Appliances,Refrigerator,Haier,Single Door,31300,33300,6,4.7,3285,In Stock,ShopWise Home,1 Year,Black,3 Star,28L,1500W,"Inverter Compressor, Energy Rating 3 Star, Frost Free","Haier Single Door refrigerator with inverter compressor, energy rating 3 star, frost free. Reliable appliance for everyday home use.",Home & Kitchen,https://example.com/images/home/800129.jpg,https://example.com/products/800129
800130,LG Fully Automatic,Home Appliances,Washing Machine,LG,Fully Automatic,55100,59700,8,4.8,3389,In Stock,ShopWise Home,1 Year,White,4 Star,20L,2000W,"Smart Diagnosis, Child Lock, Inverter Motor","LG Fully Automatic washing machine with smart diagnosis, child lock, inverter motor. Reliable appliance for everyday home use.",Home & Kitchen,https://example.com/images/home/800130.jpg,https://example.com/products/800130
800131,Samsung Double Door,Home Appliances,Refrigerator,Samsung,Double Door,46300,50800,9,4.5,5058,In Stock,ShopWise Home,1 Year,Grey,5 Star,190L,1000W,"Frost Free, Energy Rating 3 Star, Inverter Compressor","Samsung Double Door refrigerator with frost free, energy rating 3 star, inverter compressor. Reliable appliance for everyday home use.",Home & Kitchen,https://example.com/images/home/800131.jpg,https://example.com/products/800131
800132,Godrej Convertible,Home Appliances,Refrigerator,Godrej,Convertible,54300,57300,5,4.8,14175,In Stock,ShopWise Home,1 Year,White,4 Star,240L,1500W,"Inverter Compressor, Toughened Glass Shelves, Convertible Mode","Godrej Convertible refrigerator with inverter compressor, toughened glass shelves, convertible mode. Reliable appliance for everyday home use.",Home & Kitchen,https://example.com/images/home/800132.jpg,https://example.com/products/800132
800133,LG Convertible,Home Appliances,Refrigerator,LG,Convertible,37100,38800,4,4.3,10737,In Stock,ShopWise Home,1 Year,Black,5 Star,1L,2000W,"Frost Free, Inverter Compressor, Energy Rating 3 Star","LG Convertible refrigerator with frost free, inverter compressor, energy rating 3 star. Reliable appliance for everyday home use.",Home & Kitchen,https://example.com/images/home/800133.jpg,https://example.com/products/800133
800134,Kent RO+UV+UF,Home Appliances,Water Purifier,Kent,RO+UV+UF,11300,13300,15,4.5,5461,In Stock,ShopWise Home,1 Year,Black,3 Star,190L,1500W,"UV, TDS Controller, Mineral Booster","Kent RO+UV+UF water purifier with uv, tds controller, mineral booster. Reliable appliance for everyday home use.",Home & Kitchen,https://example.com/images/home/800134.jpg,https://example.com/products/800134
800135,Whirlpool Fully Automatic,Home Appliances,Washing Machine,Whirlpool,Fully Automatic,68600,73200,6,4.1,12088,In Stock,ShopWise Home,1 Year,Black,5 Star,7kg,500W,"Child Lock, Inverter Motor, Smart Diagnosis","Whirlpool Fully Automatic washing machine with child lock, inverter motor, smart diagnosis. Reliable appliance for everyday home use.",Home & Kitchen,https://example.com/images/home/800135.jpg,https://example.com/products/800135
800136,LG Convection,Home Appliances,Microwave Oven,LG,Convection,27400,29900,8,4.2,14486,In Stock,ShopWise Home,1 Year,Black,5 Star,8kg,1500W,"Touch Control, Auto Cook Menu, Timer","LG Convection microwave oven with touch control, auto cook menu, timer. Reliable appliance for everyday home use.",Home & Kitchen,https://example.com/images/home/800136.jpg,https://example.com/products/800136
800137,Prestige 750W,Home Appliances,Mixer Grinder,Prestige,750W,11600,15800,27,4.8,5602,In Stock,ShopWise Home,1 Year,White,4 Star,1L,1500W,"Anti-Skid Feet, Copper Motor, Stainless Steel Blades","Prestige 750W mixer grinder with anti-skid feet, copper motor, stainless steel blades. Reliable appliance for everyday home use.",Home & Kitchen,https://example.com/images/home/800137.jpg,https://example.com/products/800137
800138,Samsung Front Load,Home Appliances,Washing Machine,Samsung,Front Load,21300,23700,10,4.1,12427,In Stock,ShopWise Home,1 Year,White,4 Star,190L,1000W,"Quick Wash, Smart Diagnosis, Steam Wash","Samsung Front Load washing machine with quick wash, smart diagnosis, steam wash. Reliable appliance for everyday home use.",Home & Kitchen,https://example.com/images/home/800138.jpg,https://example.com/products/800138
800139,LG Side by Side,Home Appliances,Refrigerator,LG,Side by Side,61400,63500,3,4.9,5107,In Stock,ShopWise Home,1 Year,White,5 Star,7kg,2000W,"Convertible Mode, Energy Rating 3 Star, Inverter Compressor","LG Side by Side refrigerator with convertible mode, energy rating 3 star, inverter compressor. Reliable appliance for everyday home use.",Home & Kitchen,https://example.com/images/home/800139.jpg,https://example.com/products/800139
800140,Whirlpool Side by Side,Home Appliances,Refrigerator,Whirlpool,Side by Side,51000,55200,8,5.0,8984,In Stock,ShopWise Home,1 Year,Black,3 Star,1L,1500W,"Convertible Mode, Inverter Compressor, Toughened Glass Shelves","Whirlpool Side by Side refrigerator with convertible mode, inverter compressor, toughened glass shelves. Reliable appliance for everyday home use.",Home & Kitchen,https://example.com/images/home/800140.jpg,https://example.com/products/800140
800141,LG Grill,Home Appliances,Microwave Oven,LG,Grill,25100,29600,15,4.9,14231,In Stock,ShopWise Home,1 Year,Silver,5 Star,28L,750W,"Auto Cook Menu, Child Lock, Defrost","LG Grill microwave oven with auto cook menu, child lock, defrost. Reliable appliance for everyday home use.",Home & Kitchen,https://example.com/images/home/800141.jpg,https://example.com/products/800141
800142,IFB Solo,Home Appliances,Microwave Oven,IFB,Solo,7200,8900,19,4.6,14364,In Stock,ShopWise Home,1 Year,Grey,3 Star,1L,500W,"Child Lock, Touch Control, Auto Cook Menu","IFB Solo microwave oven with child lock, touch control, auto cook menu. Reliable appliance for everyday home use.",Home & Kitchen,https://example.com/images/home/800142.jpg,https://example.com/products/800142
800143,Whirlpool Side by Side,Home Appliances,Refrigerator,Whirlpool,Side by Side,48500,52200,7,4.1,3156,In Stock,ShopWise Home,1 Year,Silver,5 Star,7kg,1500W,"Frost Free, Toughened Glass Shelves, Energy Rating 3 Star","Whirlpool Side by Side refrigerator with frost free, toughened glass shelves, energy rating 3 star. Reliable appliance for everyday home use.",Home & Kitchen,https://example.com/images/home/800143.jpg,https://example.com/products/800143
800144,IFB Semi Automatic,Home Appliances,Washing Machine,IFB,Semi Automatic,43600,45800,5,4.3,11463,In Stock,ShopWise Home,1 Year,Black,4 Star,28L,1000W,"Child Lock, Inverter Motor, Steam Wash","IFB Semi Automatic washing machine with child lock, inverter motor, steam wash. Reliable appliance for everyday home use.",Home & Kitchen,https://example.com/images/home/800144.jpg,https://example.com/products/800144
800145,Butterfly 500W,Home Appliances,Mixer Grinder,Butterfly,500W,7100,9100,22,4.5,14113,In Stock,ShopWise Home,1 Year,White,4 Star,20L,1000W,"Copper Motor, Stainless Steel Blades, Anti-Skid Feet","Butterfly 500W mixer grinder with copper motor, stainless steel blades, anti-skid feet. Reliable appliance for everyday home use.",Home & Kitchen,https://example.com/images/home/800145.jpg,https://example.com/products/800145
800146,IFB Front Load,Home Appliances,Washing Machine,IFB,Front Load,25500,27000,6,4.5,343,In Stock,ShopWise Home,1 Year,White,4 Star,1L,750W,"Smart Diagnosis, Quick Wash, Inverter Motor","IFB Front Load washing machine with smart diagnosis, quick wash, inverter motor. Reliable appliance for everyday home use.",Home & Kitchen,https://example.com/images/home/800146.jpg,https://example.com/products/800146
800147,Samsung Convection,Home Appliances,Microwave Oven,Samsung,Convection,24100,25100,4,4.5,12437,In Stock,ShopWise Home,1 Year,Black,3 Star,2L,750W,"Timer, Auto Cook Menu, Defrost","Samsung Convection microwave oven with timer, auto cook menu, defrost. Reliable appliance for everyday home use.",Home & Kitchen,https://example.com/images/home/800147.jpg,https://example.com/products/800147
800148,Philips 500W,Home Appliances,Mixer Grinder,Philips,500W,5700,7500,24,4.4,8107,In Stock,ShopWise Home,1 Year,White,3 Star,1L,2000W,"Copper Motor, Overload Protection, Anti-Skid Feet","Philips 500W mixer grinder with copper motor, overload protection, anti-skid feet. Reliable appliance for everyday home use.",Home & Kitchen,https://example.com/images/home/800148.jpg,https://example.com/products/800148
800149,Pureit RO+UV,Home Appliances,Water Purifier,Pureit,RO+UV,10200,13700,26,4.8,10948,In Stock,ShopWise Home,1 Year,White,5 Star,28L,2000W,"TDS Controller, RO, UF","Pureit RO+UV water purifier with tds controller, ro, uf. Reliable appliance for everyday home use.",Home & Kitchen,https://example.com/images/home/800149.jpg,https://example.com/products/800149
800150,Samsung Solo,Home Appliances,Microwave Oven,Samsung,Solo,6900,9700,29,4.5,12238,In Stock,ShopWise Home,1 Year,Silver,3 Star,2L,750W,"Child Lock, Timer, Auto Cook Menu","Samsung Solo microwave oven with child lock, timer, auto cook menu. Reliable appliance for everyday home use.",Home & Kitchen,https://example.com/images/home/800150.jpg,https://example.com/products/800150
800151,IFB Convection,Home Appliances,Microwave Oven,IFB,Convection,14300,16600,14,4.7,4133,In Stock,ShopWise Home,1 Year,Silver,3 Star,190L,1500W,"Defrost, Touch Control, Auto Cook Menu","IFB Convection microwave oven with defrost, touch control, auto cook menu. Reliable appliance for everyday home use.",Home & Kitchen,https://example.com/images/home/800151.jpg,https://example.com/products/800151
800152,Aquaguard RO+UV+UF,Home Appliances,Water Purifier,Aquaguard,RO+UV+UF,25600,29600,14,4.5,6585,In Stock,ShopWise Home,1 Year,Silver,3 Star,10kg,750W,"TDS Controller, UV, UF","Aquaguard RO+UV+UF water purifier with tds controller, uv, uf. Reliable appliance for everyday home use.",Home & Kitchen,https://example.com/images/home/800152.jpg,https://example.com/products/800152
800153,Morphy Richards Convection,Home Appliances,Microwave Oven,Morphy Richards,Convection,13600,14100,4,4.0,11493,In Stock,ShopWise Home,1 Year,Silver,3 Star,190L,750W,"Timer, Touch Control, Auto Cook Menu","Morphy Richards Convection microwave oven with timer, touch control, auto cook menu. Reliable appliance for everyday home use.",Home & Kitchen,https://example.com/images/home/800153.jpg,https://example.com/products/800153
800154,Bosch Front Load,Home Appliances,Washing Machine,Bosch,Front Load,30300,34000,11,4.9,13297,In Stock,ShopWise Home,1 Year,Silver,4 Star,7kg,1500W,"Steam Wash, Inverter Motor, Child Lock","Bosch Front Load washing machine with steam wash, inverter motor, child lock. Reliable appliance for everyday home use.",Home & Kitchen,https://example.com/images/home/800154.jpg,https://example.com/products/800154
800155,AO Smith RO+UV+UF,Home Appliances,Water Purifier,AO Smith,RO+UV+UF,9500,10300,8,4.6,11093,In Stock,ShopWise Home,1 Year,Grey,4 Star,1L,2000W,"Mineral Booster, UV, TDS Controller","AO Smith RO+UV+UF water purifier with mineral booster, uv, tds controller. Reliable appliance for everyday home use.",Home & Kitchen,https://example.com/images/home/800155.jpg,https://example.com/products/800155
800156,AO Smith RO+UV+UF,Home Appliances,Water Purifier,AO Smith,RO+UV+UF,14100,16900,17,4.2,5588,In Stock,ShopWise Home,1 Year,Grey,3 Star,1L,1500W,"Mineral Booster, TDS Controller, RO","AO Smith RO+UV+UF water purifier with mineral booster, tds controller, ro. Reliable appliance for everyday home use.",Home & Kitchen,https://example.com/images/home/800156.jpg,https://example.com/products/800156
800157,Panasonic Grill,Home Appliances,Microwave Oven,Panasonic,Grill,19200,23700,19,4.4,682,In Stock,ShopWise Home,1 Year,Black,5 Star,190L,1500W,"Timer, Defrost, Auto Cook Menu","Panasonic Grill microwave oven with timer, defrost, auto cook menu. Reliable appliance for everyday home use.",Home & Kitchen,https://example.com/images/home/800157.jpg,https://example.com/products/800157
800158,Haier Double Door,Home Appliances,Refrigerator,Haier,Double Door,76000,79400,4,4.8,271,In Stock,ShopWise Home,1 Year,Grey,5 Star,330L,2000W,"Inverter Compressor, Energy Rating 3 Star, Convertible Mode","Haier Double Door refrigerator with inverter compressor, energy rating 3 star, convertible mode. Reliable appliance for everyday home use.",Home & Kitchen,https://example.com/images/home/800158.jpg,https://example.com/products/800158
800159,LG Solo,Home Appliances,Microwave Oven,LG,Solo,19200,22600,15,4.0,4563,In Stock,ShopWise Home,1 Year,Grey,3 Star,190L,500W,"Timer, Child Lock, Touch Control","LG Solo microwave oven with timer, child lock, touch control. Reliable appliance for everyday home use.",Home & Kitchen,https://example.com/images/home/800159.jpg,https://example.com/products/800159
800160,Bajaj 1000W,Home Appliances,Mixer Grinder,Bajaj,1000W,11400,15400,26,4.4,3930,In Stock,ShopWise Home,1 Year,Black,5 Star,1L,2000W,"Anti-Skid Feet, Stainless Steel Blades, 3 Jars","Bajaj 1000W mixer grinder with anti-skid feet, stainless steel blades, 3 jars. Reliable appliance for everyday home use.",Home & Kitchen,https://example.com/images/home/800160.jpg,https://example.com/products/800160
800161,Whirlpool Semi Automatic,Home Appliances,Washing Machine,Whirlpool,Semi Automatic,67400,70800,5,4.6,14899,In Stock,ShopWise Home,1 Year,Grey,4 Star,7kg,1000W,"Quick Wash, Smart Diagnosis, Child Lock","Whirlpool Semi Automatic washing machine with quick wash, smart diagnosis, child lock. Reliable appliance for everyday home use.",Home & Kitchen,https://example.com/images/home/800161.jpg,https://example.com/products/800161
800162,Bajaj 1000W,Home Appliances,Mixer Grinder,Bajaj,1000W,2700,6900,61,4.6,13261,In Stock,ShopWise Home,1 Year,Silver,3 Star,1.5L,2000W,"Overload Protection, Stainless Steel Blades, 3 Jars","Bajaj 1000W mixer grinder with overload protection, stainless steel blades, 3 jars. Reliable appliance for everyday home use.",Home & Kitchen,https://example.com/images/home/800162.jpg,https://example.com/products/800162
800163,Samsung Side by Side,Home Appliances,Refrigerator,Samsung,Side by Side,55900,57500,3,4.8,9979,In Stock,ShopWise Home,1 Year,Silver,4 Star,8kg,750W,"Energy Rating 3 Star, Frost Free, Inverter Compressor","Samsung Side by Side refrigerator with energy rating 3 star, frost free, inverter compressor. Reliable appliance for everyday home use.",Home & Kitchen,https://example.com/images/home/800163.jpg,https://example.com/products/800163
800164,Prestige 500W,Home Appliances,Mixer Grinder,Prestige,500W,9500,11000,14,4.9,14825,In Stock,ShopWise Home,1 Year,White,5 Star,7kg,1000W,"Copper Motor, Stainless Steel Blades, Overload Protection","Prestige 500W mixer grinder with copper motor, stainless steel blades, overload protection. Reliable appliance for everyday home use.",Home & Kitchen,https://example.com/images/home/800164.jpg,https://example.com/products/800164
800165,Kent RO,Home Appliances,Water Purifier,Kent,RO,19900,22900,13,4.0,11732,In Stock,ShopWise Home,1 Year,Grey,4 Star,8kg,750W,"TDS Controller, Mineral Booster, UV","Kent RO water purifier with tds controller, mineral booster, uv. Reliable appliance for everyday home use.",Home & Kitchen,https://example.com/images/home/800165.jpg,https://example.com/products/800165
800166,Samsung Grill,Home Appliances,Microwave Oven,Samsung,Grill,24600,29100,15,4.9,11200,In Stock,ShopWise Home,1 Year,Grey,4 Star,1L,500W,"Child Lock, Auto Cook Menu, Touch Control","Samsung Grill microwave oven with child lock, auto cook menu, touch control. Reliable appliance for everyday home use.",Home & Kitchen,https://example.com/images/home/800166.jpg,https://example.com/products/800166
800167,Pureit RO+UV,Home Appliances,Water Purifier,Pureit,RO+UV,15100,17100,12,4.1,8839,In Stock,ShopWise Home,1 Year,Grey,4 Star,1.5L,2000W,"UV, RO, Mineral Booster","Pureit RO+UV water purifier with uv, ro, mineral booster. Reliable appliance for everyday home use.",Home & Kitchen,https://example.com/images/home/800167.jpg,https://example.com/products/800167
800168,IFB Solo,Home Appliances,Microwave Oven,IFB,Solo,21600,24900,13,4.7,3171,In Stock,ShopWise Home,1 Year,Silver,5 Star,1L,500W,"Auto Cook Menu, Child Lock, Timer","IFB Solo microwave oven with auto cook menu, child lock, timer. Reliable appliance for everyday home use.",Home & Kitchen,https://example.com/images/home/800168.jpg,https://example.com/products/800168
800169,LG Top Load,Home Appliances,Washing Machine,LG,Top Load,50000,52100,4,4.9,3181,In Stock,ShopWise Home,1 Year,Silver,4 Star,7kg,500W,"Steam Wash, Inverter Motor, Smart Diagnosis","LG Top Load washing machine with steam wash, inverter motor, smart diagnosis. Reliable appliance for everyday home use.",Home & Kitchen,https://example.com/images/home/800169.jpg,https://example.com/products/800169
800170,Bajaj 500W,Home Appliances,Mixer Grinder,Bajaj,500W,6900,7500,8,4.1,3349,In Stock,ShopWise Home,1 Year,White,4 Star,240L,2000W,"Anti-Skid Feet, Copper Motor, 3 Jars","Bajaj 500W mixer grinder with anti-skid feet, copper motor, 3 jars. Reliable appliance for everyday home use.",Home & Kitchen,https://example.com/images/home/800170.jpg,https://example.com/products/800170
800171,Pureit RO+UV,Home Appliances,Water Purifier,Pureit,RO+UV,9400,11700,20,4.6,3474,In Stock,ShopWise Home,1 Year,White,5 Star,7kg,1500W,"TDS Controller, RO, Mineral Booster","Pureit RO+UV water purifier with tds controller, ro, mineral booster. Reliable appliance for everyday home use.",Home & Kitchen,https://example.com/images/home/800171.jpg,https://example.com/products/800171
800172,Samsung Solo,Home Appliances,Microwave Oven,Samsung,Solo,16500,17100,4,4.3,12187,In Stock,ShopWise Home,1 Year,Grey,3 Star,330L,500W,"Touch Control, Auto Cook Menu, Defrost","Samsung Solo microwave oven with touch control, auto cook menu, defrost. Reliable appliance for everyday home use.",Home & Kitchen,https://example.com/images/home/800172.jpg,https://example.com/products/800172
800173,Philips 1000W,Home Appliances,Mixer Grinder,Philips,1000W,11400,15300,25,4.4,3933,In Stock,ShopWise Home,1 Year,White,4 Star,1L,1000W,"Overload Protection, Anti-Skid Feet, Stainless Steel Blades","Philips 1000W mixer grinder with overload protection, anti-skid feet, stainless steel blades. Reliable appliance for everyday home use.",Home & Kitchen,https://example.com/images/home/800173.jpg,https://example.com/products/800173
800174,Bosch Top Load,Home Appliances,Washing Machine,Bosch,Top Load,18300,19500,6,4.5,7198,In Stock,ShopWise Home,1 Year,Grey,3 Star,10kg,2000W,"Quick Wash, Child Lock, Smart Diagnosis","Bosch Top Load washing machine with quick wash, child lock, smart diagnosis. Reliable appliance for everyday home use.",Home & Kitchen,https://example.com/images/home/800174.jpg,https://example.com/products/800174
800175,Livpure RO+UV+UF,Home Appliances,Water Purifier,Livpure,RO+UV+UF,14600,17400,16,4.4,1677,In Stock,ShopWise Home,1 Year,Silver,4 Star,7kg,500W,"TDS Controller, Mineral Booster, RO","Livpure RO+UV+UF water purifier with tds controller, mineral booster, ro. Reliable appliance for everyday home use.",Home & Kitchen,https://example.com/images/home/800175.jpg,https://example.com/products/800175
800176,LG Fully Automatic,Home Appliances,Washing Machine,LG,Fully Automatic,50000,50500,1,4.7,1240,In Stock,ShopWise Home,1 Year,Silver,5 Star,240L,1000W,"Steam Wash, Quick Wash, Child Lock","LG Fully Automatic washing machine with steam wash, quick wash, child lock. Reliable appliance for everyday home use.",Home & Kitchen,https://example.com/images/home/800176.jpg,https://example.com/products/800176
800177,AO Smith RO+UV+UF,Home Appliances,Water Purifier,AO Smith,RO+UV+UF,23100,27700,17,4.0,6556,In Stock,ShopWise Home,1 Year,Black,4 Star,28L,750W,"TDS Controller, UF, UV","AO Smith RO+UV+UF water purifier with tds controller, uf, uv. Reliable appliance for everyday home use.",Home & Kitchen,https://example.com/images/home/800177.jpg,https://example.com/products/800177
800178,Samsung Fully Automatic,Home Appliances,Washing Machine,Samsung,Fully Automatic,69000,72200,4,4.4,5100,In Stock,ShopWise Home,1 Year,Grey,3 Star,20L,500W,"Quick Wash, Child Lock, Steam Wash","Samsung Fully Automatic washing machine with quick wash, child lock, steam wash. Reliable appliance for everyday home use.",Home & Kitchen,https://example.com/images/home/800178.jpg,https://example.com/products/800178
800179,Whirlpool Top Load,Home Appliances,Washing Machine,Whirlpool,Top Load,26600,29400,10,4.4,12775,In Stock,ShopWise Home,1 Year,Black,4 Star,20L,2000W,"Smart Diagnosis, Inverter Motor, Child Lock","Whirlpool Top Load washing machine with smart diagnosis, inverter motor, child lock. Reliable appliance for everyday home use.",Home & Kitchen,https://example.com/images/home/800179.jpg,https://example.com/products/800179
800180,LG Double Door,Home Appliances,Refrigerator,LG,Double Door,55900,60000,7,4.5,6929,In Stock,ShopWise Home,1 Year,Grey,4 Star,7kg,1000W,"Inverter Compressor, Toughened Glass Shelves, Convertible Mode","LG Double Door refrigerator with inverter compressor, toughened glass shelves, convertible mode. Reliable appliance for everyday home use.",Home & Kitchen,https://example.com/images/home/800180.jpg,https://example.com/products/800180
800181,Whirlpool Semi Automatic,Home Appliances,Washing Machine,Whirlpool,Semi Automatic,25000,27000,7,4.2,11728,In Stock,ShopWise Home,1 Year,White,5 Star,20L,2000W,"Smart Diagnosis, Child Lock, Inverter Motor","Whirlpool Semi Automatic washing machine with smart diagnosis, child lock, inverter motor. Reliable appliance for everyday home use.",Home & Kitchen,https://example.com/images/home/800181.jpg,https://example.com/products/800181
800182,IFB Front Load,Home Appliances,Washing Machine,IFB,Front Load,30300,33300,9,4.8,3858,In Stock,ShopWise Home,1 Year,Black,4 Star,330L,500W,"Smart Diagnosis, Steam Wash, Quick Wash","IFB Front Load washing machine with smart diagnosis, steam wash, quick wash. Reliable appliance for everyday home use.",Home & Kitchen,https://example.com/images/home/800182.jpg,https://example.com/products/800182
800183,Haier Side by Side,Home Appliances,Refrigerator,Haier,Side by Side,58100,59500,2,4.9,7178,In Stock,ShopWise Home,1 Year,Black,3 Star,7kg,750W,"Frost Free, Inverter Compressor, Toughened Glass Shelves","Haier Side by Side refrigerator with frost free, inverter compressor, toughened glass shelves. Reliable appliance for everyday home use.",Home & Kitchen,https://example.com/images/home/800183.jpg,https://example.com/products/800183
800184,Whirlpool Semi Automatic,Home Appliances,Washing Machine,Whirlpool,Semi Automatic,68800,72900,6,4.1,1570,In Stock,ShopWise Home,1 Year,Silver,3 Star,330L,500W,"Inverter Motor, Steam Wash, Child Lock","Whirlpool Semi Automatic washing machine with inverter motor, steam wash, child lock. Reliable appliance for everyday home use.",Home & Kitchen,https://example.com/images/home/800184.jpg,https://example.com/products/800184
800185,Haier Convertible,Home Appliances,Refrigerator,Haier,Convertible,34100,35400,4,4.5,6291,In Stock,ShopWise Home,1 Year,Silver,4 Star,2L,1000W,"Frost Free, Toughened Glass Shelves, Inverter Compressor","Haier Convertible refrigerator with frost free, toughened glass shelves, inverter compressor. Reliable appliance for everyday home use.",Home & Kitchen,https://example.com/images/home/800185.jpg,https://example.com/products/800185
800186,Philips 1000W,Home Appliances,Mixer Grinder,Philips,1000W,11000,14900,26,4.4,14989,In Stock,ShopWise Home,1 Year,Black,4 Star,190L,1500W,"Copper Motor, Stainless Steel Blades, Overload Protection","Philips 1000W mixer grinder with copper motor, stainless steel blades, overload protection. Reliable appliance for everyday home use.",Home & Kitchen,https://example.com/images/home/800186.jpg,https://example.com/products/800186
800187,Pureit RO,Home Appliances,Water Purifier,Pureit,RO,20300,22400,9,4.4,7579,In Stock,ShopWise Home,1 Year,Black,5 Star,1.5L,2000W,"TDS Controller, RO, Mineral Booster","Pureit RO water purifier with tds controller, ro, mineral booster. Reliable appliance for everyday home use.",Home & Kitchen,https://example.com/images/home/800187.jpg,https://example.com/products/800187
800188,Kent RO+UV+UF,Home Appliances,Water Purifier,Kent,RO+UV+UF,24000,25700,7,4.7,8928,In Stock,ShopWise Home,1 Year,White,3 Star,20L,1500W,"TDS Controller, UF, UV","Kent RO+UV+UF water purifier with tds controller, uf, uv. Reliable appliance for everyday home use.",Home & Kitchen,https://example.com/images/home/800188.jpg,https://example.com/products/800188
800189,IFB Solo,Home Appliances,Microwave Oven,IFB,Solo,27700,31000,11,4.8,10275,In Stock,ShopWise Home,1 Year,Black,3 Star,330L,2000W,"Touch Control, Timer, Child Lock","IFB Solo microwave oven with touch control, timer, child lock. Reliable appliance for everyday home use.",Home & Kitchen,https://example.com/images/home/800189.jpg,https://example.com/products/800189
800190,Prestige 750W,Home Appliances,Mixer Grinder,Prestige,750W,6200,8000,22,4.6,10155,In Stock,ShopWise Home,1 Year,Grey,4 Star,330L,1000W,"Copper Motor, Anti-Skid Feet, 3 Jars","Prestige 750W mixer grinder with copper motor, anti-skid feet, 3 jars. Reliable appliance for everyday home use.",Home & Kitchen,https://example.com/images/home/800190.jpg,https://example.com/products/800190
800191,Aquaguard RO,Home Appliances,Water Purifier,Aquaguard,RO,25400,28900,12,4.6,1707,In Stock,ShopWise Home,1 Year,Silver,3 Star,1L,2000W,"Mineral Booster, TDS Controller, UF","Aquaguard RO water purifier with mineral booster, tds controller, uf. Reliable appliance for everyday home use.",Home & Kitchen,https://example.com/images/home/800191.jpg,https://example.com/products/800191
800192,Philips 1000W,Home Appliances,Mixer Grinder,Philips,1000W,4000,7200,44,4.7,3506,In Stock,ShopWise Home,1 Year,Silver,4 Star,1.5L,750W,"Overload Protection, 3 Jars, Copper Motor","Philips 1000W mixer grinder with overload protection, 3 jars, copper motor. Reliable appliance for everyday home use.",Home & Kitchen,https://example.com/images/home/800192.jpg,https://example.com/products/800192
800193,IFB Top Load,Home Appliances,Washing Machine,IFB,Top Load,46100,49500,7,4.4,8614,In Stock,ShopWise Home,1 Year,White,3 Star,330L,1000W,"Child Lock, Steam Wash, Quick Wash","IFB Top Load washing machine with child lock, steam wash, quick wash. Reliable appliance for everyday home use.",Home & Kitchen,https://example.com/images/home/800193.jpg,https://example.com/products/800193
800194,Livpure RO+UV+UF,Home Appliances,Water Purifier,Livpure,RO+UV+UF,20200,22100,9,4.0,1334,In Stock,ShopWise Home,1 Year,White,3 Star,8kg,1500W,"RO, Mineral Booster, UV","Livpure RO+UV+UF water purifier with ro, mineral booster, uv. Reliable appliance for everyday home use.",Home & Kitchen,https://example.com/images/home/800194.jpg,https://example.com/products/800194
800195,Bajaj 750W,Home Appliances,Mixer Grinder,Bajaj,750W,9200,11300,19,4.5,9734,In Stock,ShopWise Home,1 Year,Grey,3 Star,1L,1000W,"Anti-Skid Feet, Overload Protection, Copper Motor","Bajaj 750W mixer grinder with anti-skid feet, overload protection, copper motor. Reliable appliance for everyday home use.",Home & Kitchen,https://example.com/images/home/800195.jpg,https://example.com/products/800195
800196,Livpure RO+UV+UF,Home Appliances,Water Purifier,Livpure,RO+UV+UF,25000,28600,13,4.5,2151,In Stock,ShopWise Home,1 Year,White,4 Star,20L,1000W,"UV, RO, UF","Livpure RO+UV+UF water purifier with uv, ro, uf. Reliable appliance for everyday home use.",Home & Kitchen,https://example.com/images/home/800196.jpg,https://example.com/products/800196
800197,Haier Double Door,Home Appliances,Refrigerator,Haier,Double Door,60400,62200,3,4.2,4312,In Stock,ShopWise Home,1 Year,White,5 Star,28L,500W,"Convertible Mode, Inverter Compressor, Energy Rating 3 Star","Haier Double Door refrigerator with convertible mode, inverter compressor, energy rating 3 star. Reliable appliance for everyday home use.",Home & Kitchen,https://example.com/images/home/800197.jpg,https://example.com/products/800197
800198,LG Side by Side,Home Appliances,Refrigerator,LG,Side by Side,81300,83100,2,4.9,12916,In Stock,ShopWise Home,1 Year,White,4 Star,2L,750W,"Energy Rating 3 Star, Frost Free, Toughened Glass Shelves","LG Side by Side refrigerator with energy rating 3 star, frost free, toughened glass shelves. Reliable appliance for everyday home use.",Home & Kitchen,https://example.com/images/home/800198.jpg,https://example.com/products/800198
800199,Panasonic Convection,Home Appliances,Microwave Oven,Panasonic,Convection,23900,25600,7,4.5,6589,In Stock,ShopWise Home,1 Year,Silver,5 Star,20L,500W,"Touch Control, Defrost, Child Lock","Panasonic Convection microwave oven with touch control, defrost, child lock. Reliable appliance for everyday home use.",Home & Kitchen,https://example.com/images/home/800199.jpg,https://example.com/products/800199
800200,Livpure RO+UV+UF,Home Appliances,Water Purifier,Livpure,RO+UV+UF,12700,15100,16,4.9,10311,In Stock,ShopWise Home,1 Year,Silver,4 Star,190L,1500W,"UV, UF, TDS Controller","Livpure RO+UV+UF water purifier with uv, uf, tds controller. Reliable appliance for everyday home use.",Home & Kitchen,https://example.com/images/home/800200.jpg,https://example.com/products/800200
