product_id,product_name,category,sub_category,brand,price,original_price,discount_percentage,rating,review_count,stock_status,seller,warranty,color,size,fit,material,sleeve_type,neck_type,pattern,occasion,purpose,care_instructions,features,description,image_url,product_url
500001,Adidas Own The Run Tee,Fashion,T-Shirt,Adidas,1099,1699,35,4.4,804,In Stock,ShopWise Fashion,No Warranty,Blue,S,Relaxed Fit,Linen,Full Sleeve,Round Neck,Printed,Office,College,Machine Wash,"Linen, Relaxed Fit, Printed, Machine Wash",Adidas Own The Run Tee for men made from Linen. Suitable for office wear with a comfortable relaxed fit.,https://example.com/images/mens/500001.jpg,https://example.com/products/500001
500002,US Polo Oxford Shirt,Fashion,Shirt,US Polo,3299,3499,6,4.9,3948,In Stock,ShopWise Fashion,No Warranty,Green,L,Regular Fit,Dry-Fit Fabric,Full Sleeve,Collar Neck,Checked,Casual,Office,Machine Wash,"Dry-Fit Fabric, Regular Fit, Checked, Machine Wash",US Polo Oxford Shirt for men made from Dry-Fit Fabric. Suitable for casual wear with a comfortable regular fit.,https://example.com/images/mens/500002.jpg,https://example.com/products/500002
500003,Zara Linen Shirt,Fashion,Shirt,Zara,1499,1899,21,5.0,3134,In Stock,ShopWise Fashion,No Warranty,White,XL,Regular Fit,Cotton Blend,Full Sleeve,Collar Neck,Checked,Party,Workout,Machine Wash,"Cotton Blend, Regular Fit, Checked, Machine Wash",Zara Linen Shirt for men made from Cotton Blend. Suitable for party wear with a comfortable regular fit.,https://example.com/images/mens/500003.jpg,https://example.com/products/500003
500004,H&M Oversized Tee,Fashion,T-Shirt,H&M,1199,2099,43,4.6,4800,In Stock,ShopWise Fashion,No Warranty,Grey,XL,Regular Fit,Cotton Blend,Half Sleeve,Round Neck,Striped,Party,Daily Wear,Machine Wash,"Cotton Blend, Regular Fit, Striped, Machine Wash",H&M Oversized Tee for men made from Cotton Blend. Suitable for party wear with a comfortable regular fit.,https://example.com/images/mens/500004.jpg,https://example.com/products/500004
500005,Allen Solly Formal Shirt,Fashion,Shirt,Allen Solly,999,2099,52,4.6,6412,In Stock,ShopWise Fashion,No Warranty,Beige,M,Oversized Fit,Polyester,Full Sleeve,Collar Neck,Striped,Office,Travel,Machine Wash,"Polyester, Oversized Fit, Striped, Machine Wash",Allen Solly Formal Shirt for men made from Polyester. Suitable for office wear with a comfortable oversized fit.,https://example.com/images/mens/500005.jpg,https://example.com/products/500005
500006,Allen Solly Casual Shirt,Fashion,Shirt,Allen Solly,1699,2799,39,4.5,4383,In Stock,ShopWise Fashion,No Warranty,Grey,XL,Relaxed Fit,Linen,Half Sleeve,Collar Neck,Solid,Casual,Workout,Machine Wash,"Linen, Relaxed Fit, Solid, Machine Wash",Allen Solly Casual Shirt for men made from Linen. Suitable for casual wear with a comfortable relaxed fit.,https://example.com/images/mens/500006.jpg,https://example.com/products/500006
500007,US Polo Casual Shirt,Fashion,Shirt,US Polo,2499,3599,31,4.6,6830,In Stock,ShopWise Fashion,No Warranty,Olive,M,Relaxed Fit,Dry-Fit Fabric,Full Sleeve,Collar Neck,Solid,Office,Office,Machine Wash,"Dry-Fit Fabric, Relaxed Fit, Solid, Machine Wash",US Polo Casual Shirt for men made from Dry-Fit Fabric. Suitable for office wear with a comfortable relaxed fit.,https://example.com/images/mens/500007.jpg,https://example.com/products/500007
500008,US Polo Solid Polo,Fashion,Polo T-Shirt,US Polo,2899,3299,12,4.9,3864,In Stock,ShopWise Fashion,No Warranty,Green,L,Relaxed Fit,Dry-Fit Fabric,Half Sleeve,Round Neck,Striped,Party,Travel,Machine Wash,"Dry-Fit Fabric, Relaxed Fit, Striped, Machine Wash",US Polo Solid Polo for men made from Dry-Fit Fabric. Suitable for party wear with a comfortable relaxed fit.,https://example.com/images/mens/500008.jpg,https://example.com/products/500008
500009,US Polo Casual Shirt,Fashion,Shirt,US Polo,1999,2299,13,4.8,7150,In Stock,ShopWise Fashion,No Warranty,Blue,M,Oversized Fit,Cotton Blend,Half Sleeve,Collar Neck,Checked,Party,Workout,Machine Wash,"Cotton Blend, Oversized Fit, Checked, Machine Wash",US Polo Casual Shirt for men made from Cotton Blend. Suitable for party wear with a comfortable oversized fit.,https://example.com/images/mens/500009.jpg,https://example.com/products/500009
500010,Adidas Essentials Tee,Fashion,T-Shirt,Adidas,699,899,22,4.4,10886,In Stock,ShopWise Fashion,No Warranty,Black,XL,Oversized Fit,Linen,Half Sleeve,Round Neck,Printed,Casual,Workout,Machine Wash,"Linen, Oversized Fit, Printed, Machine Wash",Adidas Essentials Tee for men made from Linen. Suitable for casual wear with a comfortable oversized fit.,https://example.com/images/mens/500010.jpg,https://example.com/products/500010
500011,US Polo Oxford Shirt,Fashion,Shirt,US Polo,3699,4599,20,4.8,9468,In Stock,ShopWise Fashion,No Warranty,Olive,XL,Slim Fit,100% Cotton,Full Sleeve,Collar Neck,Checked,Casual,College,Machine Wash,"100% Cotton, Slim Fit, Checked, Machine Wash",US Polo Oxford Shirt for men made from 100% Cotton. Suitable for casual wear with a comfortable slim fit.,https://example.com/images/mens/500011.jpg,https://example.com/products/500011
500012,Peter England Casual Polo,Fashion,Polo T-Shirt,Peter England,799,1099,27,4.3,2579,In Stock,ShopWise Fashion,No Warranty,Beige,L,Oversized Fit,Linen,Full Sleeve,Round Neck,Checked,Party,Workout,Machine Wash,"Linen, Oversized Fit, Checked, Machine Wash",Peter England Casual Polo for men made from Linen. Suitable for party wear with a comfortable oversized fit.,https://example.com/images/mens/500012.jpg,https://example.com/products/500012
500013,H&M Basic Tee,Fashion,T-Shirt,H&M,599,1699,65,4.0,12342,In Stock,ShopWise Fashion,No Warranty,Green,S,Regular Fit,Polyester,Full Sleeve,Round Neck,Checked,Party,Travel,Machine Wash,"Polyester, Regular Fit, Checked, Machine Wash",H&M Basic Tee for men made from Polyester. Suitable for party wear with a comfortable regular fit.,https://example.com/images/mens/500013.jpg,https://example.com/products/500013
500014,US Polo Printed Shirt,Fashion,Shirt,US Polo,2799,3899,28,4.5,567,In Stock,ShopWise Fashion,No Warranty,Grey,M,Regular Fit,Dry-Fit Fabric,Full Sleeve,Collar Neck,Printed,Travel,Daily Wear,Machine Wash,"Dry-Fit Fabric, Regular Fit, Printed, Machine Wash",US Polo Printed Shirt for men made from Dry-Fit Fabric. Suitable for travel wear with a comfortable regular fit.,https://example.com/images/mens/500014.jpg,https://example.com/products/500014
500015,Van Heusen Formal Shirt,Fashion,Shirt,Van Heusen,1899,2799,32,4.6,13825,In Stock,ShopWise Fashion,No Warranty,Black,L,Slim Fit,Cotton Blend,Half Sleeve,Collar Neck,Printed,Party,College,Machine Wash,"Cotton Blend, Slim Fit, Printed, Machine Wash",Van Heusen Formal Shirt for men made from Cotton Blend. Suitable for party wear with a comfortable slim fit.,https://example.com/images/mens/500015.jpg,https://example.com/products/500015
500016,Allen Solly Polo T-Shirt,Fashion,Shirt,Allen Solly,2699,3799,29,4.5,1379,In Stock,ShopWise Fashion,No Warranty,Olive,L,Slim Fit,100% Cotton,Full Sleeve,Collar Neck,Striped,Travel,College,Machine Wash,"100% Cotton, Slim Fit, Striped, Machine Wash",Allen Solly Polo T-Shirt for men made from 100% Cotton. Suitable for travel wear with a comfortable slim fit.,https://example.com/images/mens/500016.jpg,https://example.com/products/500016
500017,US Polo Oxford Shirt,Fashion,Shirt,US Polo,1199,1799,33,4.7,5691,In Stock,ShopWise Fashion,No Warranty,Black,S,Regular Fit,Dry-Fit Fabric,Half Sleeve,Collar Neck,Printed,Travel,College,Machine Wash,"Dry-Fit Fabric, Regular Fit, Printed, Machine Wash",US Polo Oxford Shirt for men made from Dry-Fit Fabric. Suitable for travel wear with a comfortable regular fit.,https://example.com/images/mens/500017.jpg,https://example.com/products/500017
500018,Nike Dri-FIT Tee,Fashion,T-Shirt,Nike,499,1599,69,4.4,2383,In Stock,ShopWise Fashion,No Warranty,Maroon,XL,Slim Fit,Dry-Fit Fabric,Half Sleeve,Round Neck,Printed,Gym,Travel,Machine Wash,"Dry-Fit Fabric, Slim Fit, Printed, Machine Wash",Nike Dri-FIT Tee for men made from Dry-Fit Fabric. Suitable for gym wear with a comfortable slim fit.,https://example.com/images/mens/500018.jpg,https://example.com/products/500018
500019,Puma Graphic Tee,Fashion,T-Shirt,Puma,2399,3299,27,4.8,5957,In Stock,ShopWise Fashion,No Warranty,Olive,L,Regular Fit,100% Cotton,Full Sleeve,Round Neck,Striped,Party,Office,Machine Wash,"100% Cotton, Regular Fit, Striped, Machine Wash",Puma Graphic Tee for men made from 100% Cotton. Suitable for party wear with a comfortable regular fit.,https://example.com/images/mens/500019.jpg,https://example.com/products/500019
500020,Levi's Classic Crew,Fashion,T-Shirt,Levi's,2399,3499,31,4.5,5583,In Stock,ShopWise Fashion,No Warranty,Grey,L,Oversized Fit,Polyester,Half Sleeve,Round Neck,Striped,Party,Office,Machine Wash,"Polyester, Oversized Fit, Striped, Machine Wash",Levi's Classic Crew for men made from Polyester. Suitable for party wear with a comfortable oversized fit.,https://example.com/images/mens/500020.jpg,https://example.com/products/500020
500021,Allen Solly Polo T-Shirt,Fashion,Shirt,Allen Solly,1399,2199,36,4.6,12674,In Stock,ShopWise Fashion,No Warranty,White,M,Regular Fit,Dry-Fit Fabric,Half Sleeve,Collar Neck,Solid,Gym,Daily Wear,Machine Wash,"Dry-Fit Fabric, Regular Fit, Solid, Machine Wash",Allen Solly Polo T-Shirt for men made from Dry-Fit Fabric. Suitable for gym wear with a comfortable regular fit.,https://example.com/images/mens/500021.jpg,https://example.com/products/500021
500022,Allen Solly Casual Shirt,Fashion,Shirt,Allen Solly,2599,3599,28,4.2,1461,In Stock,ShopWise Fashion,No Warranty,Grey,L,Slim Fit,Polyester,Half Sleeve,Collar Neck,Checked,Travel,Workout,Machine Wash,"Polyester, Slim Fit, Checked, Machine Wash",Allen Solly Casual Shirt for men made from Polyester. Suitable for travel wear with a comfortable slim fit.,https://example.com/images/mens/500022.jpg,https://example.com/products/500022
500023,H&M Basic Tee,Fashion,T-Shirt,H&M,1499,1799,17,4.9,1007,In Stock,ShopWise Fashion,No Warranty,Green,XL,Slim Fit,Linen,Half Sleeve,Round Neck,Striped,Office,Office,Machine Wash,"Linen, Slim Fit, Striped, Machine Wash",H&M Basic Tee for men made from Linen. Suitable for office wear with a comfortable slim fit.,https://example.com/images/mens/500023.jpg,https://example.com/products/500023
500024,H&M Basic Tee,Fashion,T-Shirt,H&M,499,899,44,4.5,2980,In Stock,ShopWise Fashion,No Warranty,Black,XL,Oversized Fit,Polyester,Full Sleeve,Round Neck,Striped,Casual,Daily Wear,Machine Wash,"Polyester, Oversized Fit, Striped, Machine Wash",H&M Basic Tee for men made from Polyester. Suitable for casual wear with a comfortable oversized fit.,https://example.com/images/mens/500024.jpg,https://example.com/products/500024
500025,Puma Graphic Tee,Fashion,T-Shirt,Puma,1199,1799,33,4.6,12617,In Stock,ShopWise Fashion,No Warranty,Maroon,L,Regular Fit,100% Cotton,Full Sleeve,Round Neck,Printed,Office,Workout,Machine Wash,"100% Cotton, Regular Fit, Printed, Machine Wash",Puma Graphic Tee for men made from 100% Cotton. Suitable for office wear with a comfortable regular fit.,https://example.com/images/mens/500025.jpg,https://example.com/products/500025
500026,Adidas Own The Run Tee,Fashion,T-Shirt,Adidas,1899,2199,14,4.5,12928,In Stock,ShopWise Fashion,No Warranty,White,XL,Relaxed Fit,Polyester,Full Sleeve,Round Neck,Checked,Office,Office,Machine Wash,"Polyester, Relaxed Fit, Checked, Machine Wash",Adidas Own The Run Tee for men made from Polyester. Suitable for office wear with a comfortable relaxed fit.,https://example.com/images/mens/500026.jpg,https://example.com/products/500026
500027,Adidas Essentials Tee,Fashion,T-Shirt,Adidas,1599,2399,33,4.2,1842,In Stock,ShopWise Fashion,No Warranty,Blue,XL,Relaxed Fit,100% Cotton,Half Sleeve,Round Neck,Printed,Gym,College,Machine Wash,"100% Cotton, Relaxed Fit, Printed, Machine Wash",Adidas Essentials Tee for men made from 100% Cotton. Suitable for gym wear with a comfortable relaxed fit.,https://example.com/images/mens/500027.jpg,https://example.com/products/500027
500028,Allen Solly Polo T-Shirt,Fashion,Shirt,Allen Solly,1999,2799,29,4.6,9924,In Stock,ShopWise Fashion,No Warranty,Black,XXL,Oversized Fit,Cotton Blend,Full Sleeve,Collar Neck,Printed,Office,Workout,Machine Wash,"Cotton Blend, Oversized Fit, Printed, Machine Wash",Allen Solly Polo T-Shirt for men made from Cotton Blend. Suitable for office wear with a comfortable oversized fit.,https://example.com/images/mens/500028.jpg,https://example.com/products/500028
500029,US Polo Casual Shirt,Fashion,Shirt,US Polo,2899,3999,28,4.6,1628,In Stock,ShopWise Fashion,No Warranty,Maroon,XXL,Slim Fit,Polyester,Half Sleeve,Collar Neck,Printed,Gym,Workout,Machine Wash,"Polyester, Slim Fit, Printed, Machine Wash",US Polo Casual Shirt for men made from Polyester. Suitable for gym wear with a comfortable slim fit.,https://example.com/images/mens/500029.jpg,https://example.com/products/500029
500030,Levi's Slim Fit Shirt,Fashion,Shirt,Levi's,1299,1899,32,4.9,13435,In Stock,ShopWise Fashion,No Warranty,Navy,XXL,Slim Fit,Polyester,Full Sleeve,Collar Neck,Printed,Gym,Travel,Machine Wash,"Polyester, Slim Fit, Printed, Machine Wash",Levi's Slim Fit Shirt for men made from Polyester. Suitable for gym wear with a comfortable slim fit.,https://example.com/images/mens/500030.jpg,https://example.com/products/500030
500031,Nike Dri-FIT Tee,Fashion,T-Shirt,Nike,1399,1899,26,4.1,13766,In Stock,ShopWise Fashion,No Warranty,Maroon,S,Regular Fit,Dry-Fit Fabric,Half Sleeve,Round Neck,Checked,Party,Daily Wear,Machine Wash,"Dry-Fit Fabric, Regular Fit, Checked, Machine Wash",Nike Dri-FIT Tee for men made from Dry-Fit Fabric. Suitable for party wear with a comfortable regular fit.,https://example.com/images/mens/500031.jpg,https://example.com/products/500031
500032,Zara Linen Shirt,Fashion,Shirt,Zara,1099,2199,50,4.9,1486,In Stock,ShopWise Fashion,No Warranty,Olive,S,Regular Fit,Dry-Fit Fabric,Full Sleeve,Collar Neck,Checked,Party,Workout,Machine Wash,"Dry-Fit Fabric, Regular Fit, Checked, Machine Wash",Zara Linen Shirt for men made from Dry-Fit Fabric. Suitable for party wear with a comfortable regular fit.,https://example.com/images/mens/500032.jpg,https://example.com/products/500032
500033,US Polo Solid Polo,Fashion,Polo T-Shirt,US Polo,1399,2399,42,4.5,10912,In Stock,ShopWise Fashion,No Warranty,Maroon,XL,Oversized Fit,Dry-Fit Fabric,Full Sleeve,Round Neck,Printed,Party,Travel,Machine Wash,"Dry-Fit Fabric, Oversized Fit, Printed, Machine Wash",US Polo Solid Polo for men made from Dry-Fit Fabric. Suitable for party wear with a comfortable oversized fit.,https://example.com/images/mens/500033.jpg,https://example.com/products/500033
500034,Puma Graphic Tee,Fashion,T-Shirt,Puma,1499,2499,40,4.4,5120,In Stock,ShopWise Fashion,No Warranty,Navy,XXL,Slim Fit,100% Cotton,Full Sleeve,Round Neck,Striped,Gym,Office,Machine Wash,"100% Cotton, Slim Fit, Striped, Machine Wash",Puma Graphic Tee for men made from 100% Cotton. Suitable for gym wear with a comfortable slim fit.,https://example.com/images/mens/500034.jpg,https://example.com/products/500034
500035,US Polo Printed Shirt,Fashion,Shirt,US Polo,2199,2399,8,4.9,13247,In Stock,ShopWise Fashion,No Warranty,Green,XXL,Slim Fit,Linen,Half Sleeve,Collar Neck,Solid,Gym,Office,Machine Wash,"Linen, Slim Fit, Solid, Machine Wash",US Polo Printed Shirt for men made from Linen. Suitable for gym wear with a comfortable slim fit.,https://example.com/images/mens/500035.jpg,https://example.com/products/500035
500036,Zara Regular Tee,Fashion,T-Shirt,Zara,1799,2499,28,4.3,9627,In Stock,ShopWise Fashion,No Warranty,Grey,S,Slim Fit,100% Cotton,Half Sleeve,Round Neck,Checked,Office,Travel,Machine Wash,"100% Cotton, Slim Fit, Checked, Machine Wash",Zara Regular Tee for men made from 100% Cotton. Suitable for office wear with a comfortable slim fit.,https://example.com/images/mens/500036.jpg,https://example.com/products/500036
500037,Allen Solly Casual Shirt,Fashion,Shirt,Allen Solly,1599,2499,36,4.2,4208,In Stock,ShopWise Fashion,No Warranty,Grey,XL,Regular Fit,Dry-Fit Fabric,Full Sleeve,Collar Neck,Printed,Office,Daily Wear,Machine Wash,"Dry-Fit Fabric, Regular Fit, Printed, Machine Wash",Allen Solly Casual Shirt for men made from Dry-Fit Fabric. Suitable for office wear with a comfortable regular fit.,https://example.com/images/mens/500037.jpg,https://example.com/products/500037
500038,Van Heusen Formal Shirt,Fashion,Shirt,Van Heusen,2399,2799,14,5.0,9447,In Stock,ShopWise Fashion,No Warranty,Navy,XL,Oversized Fit,100% Cotton,Half Sleeve,Collar Neck,Printed,Office,College,Machine Wash,"100% Cotton, Oversized Fit, Printed, Machine Wash",Van Heusen Formal Shirt for men made from 100% Cotton. Suitable for office wear with a comfortable oversized fit.,https://example.com/images/mens/500038.jpg,https://example.com/products/500038
500039,Levi's Logo Tee,Fashion,T-Shirt,Levi's,2099,3199,34,4.2,7565,In Stock,ShopWise Fashion,No Warranty,Black,M,Slim Fit,100% Cotton,Half Sleeve,Round Neck,Checked,Casual,Office,Machine Wash,"100% Cotton, Slim Fit, Checked, Machine Wash",Levi's Logo Tee for men made from 100% Cotton. Suitable for casual wear with a comfortable slim fit.,https://example.com/images/mens/500039.jpg,https://example.com/products/500039
500040,Peter England Casual Polo,Fashion,Polo T-Shirt,Peter England,1199,1499,20,4.4,9737,In Stock,ShopWise Fashion,No Warranty,White,XXL,Oversized Fit,Linen,Full Sleeve,Round Neck,Checked,Office,College,Machine Wash,"Linen, Oversized Fit, Checked, Machine Wash",Peter England Casual Polo for men made from Linen. Suitable for office wear with a comfortable oversized fit.,https://example.com/images/mens/500040.jpg,https://example.com/products/500040
500041,Nike Sports Polo,Fashion,Polo T-Shirt,Nike,1399,1899,26,4.7,3323,In Stock,ShopWise Fashion,No Warranty,Green,L,Oversized Fit,Linen,Half Sleeve,Round Neck,Solid,Casual,Travel,Machine Wash,"Linen, Oversized Fit, Solid, Machine Wash",Nike Sports Polo for men made from Linen. Suitable for casual wear with a comfortable oversized fit.,https://example.com/images/mens/500041.jpg,https://example.com/products/500041
500042,Zara Premium Shirt,Fashion,Shirt,Zara,2999,3999,25,4.9,9569,In Stock,ShopWise Fashion,No Warranty,Black,L,Oversized Fit,Linen,Half Sleeve,Collar Neck,Printed,Travel,Daily Wear,Machine Wash,"Linen, Oversized Fit, Printed, Machine Wash",Zara Premium Shirt for men made from Linen. Suitable for travel wear with a comfortable oversized fit.,https://example.com/images/mens/500042.jpg,https://example.com/products/500042
500043,Nike Sports Polo,Fashion,Polo T-Shirt,Nike,799,1099,27,4.3,14719,In Stock,ShopWise Fashion,No Warranty,Green,S,Relaxed Fit,Polyester,Half Sleeve,Round Neck,Striped,Travel,College,Machine Wash,"Polyester, Relaxed Fit, Striped, Machine Wash",Nike Sports Polo for men made from Polyester. Suitable for travel wear with a comfortable relaxed fit.,https://example.com/images/mens/500043.jpg,https://example.com/products/500043
500044,Adidas Performance Tee,Fashion,T-Shirt,Adidas,1899,2699,30,4.8,5794,In Stock,ShopWise Fashion,No Warranty,Beige,S,Regular Fit,Polyester,Half Sleeve,Round Neck,Checked,Travel,College,Machine Wash,"Polyester, Regular Fit, Checked, Machine Wash",Adidas Performance Tee for men made from Polyester. Suitable for travel wear with a comfortable regular fit.,https://example.com/images/mens/500044.jpg,https://example.com/products/500044
500045,Peter England Casual Polo,Fashion,Polo T-Shirt,Peter England,1799,1999,10,4.8,12198,In Stock,ShopWise Fashion,No Warranty,Olive,S,Relaxed Fit,Cotton Blend,Full Sleeve,Round Neck,Checked,Gym,Daily Wear,Machine Wash,"Cotton Blend, Relaxed Fit, Checked, Machine Wash",Peter England Casual Polo for men made from Cotton Blend. Suitable for gym wear with a comfortable relaxed fit.,https://example.com/images/mens/500045.jpg,https://example.com/products/500045
500046,Allen Solly Polo T-Shirt,Fashion,Shirt,Allen Solly,3099,3799,18,4.3,1273,In Stock,ShopWise Fashion,No Warranty,Black,XXL,Slim Fit,Dry-Fit Fabric,Full Sleeve,Collar Neck,Solid,Party,Daily Wear,Machine Wash,"Dry-Fit Fabric, Slim Fit, Solid, Machine Wash",Allen Solly Polo T-Shirt for men made from Dry-Fit Fabric. Suitable for party wear with a comfortable slim fit.,https://example.com/images/mens/500046.jpg,https://example.com/products/500046
500047,Van Heusen Slim Fit Shirt,Fashion,Shirt,Van Heusen,1599,2699,41,4.5,9767,In Stock,ShopWise Fashion,No Warranty,Olive,M,Regular Fit,100% Cotton,Full Sleeve,Collar Neck,Striped,Travel,Office,Machine Wash,"100% Cotton, Regular Fit, Striped, Machine Wash",Van Heusen Slim Fit Shirt for men made from 100% Cotton. Suitable for travel wear with a comfortable regular fit.,https://example.com/images/mens/500047.jpg,https://example.com/products/500047
500048,US Polo Casual Shirt,Fashion,Shirt,US Polo,2099,2699,22,4.8,14226,In Stock,ShopWise Fashion,No Warranty,Black,S,Slim Fit,Cotton Blend,Half Sleeve,Collar Neck,Printed,Casual,College,Machine Wash,"Cotton Blend, Slim Fit, Printed, Machine Wash",US Polo Casual Shirt for men made from Cotton Blend. Suitable for casual wear with a comfortable slim fit.,https://example.com/images/mens/500048.jpg,https://example.com/products/500048
500049,H&M Oversized Tee,Fashion,T-Shirt,H&M,699,999,30,4.9,444,In Stock,ShopWise Fashion,No Warranty,Green,S,Relaxed Fit,Cotton Blend,Full Sleeve,Round Neck,Printed,Travel,Travel,Machine Wash,"Cotton Blend, Relaxed Fit, Printed, Machine Wash",H&M Oversized Tee for men made from Cotton Blend. Suitable for travel wear with a comfortable relaxed fit.,https://example.com/images/mens/500049.jpg,https://example.com/products/500049
500050,Allen Solly Casual Shirt,Fashion,Shirt,Allen Solly,3799,3999,5,4.7,5917,In Stock,ShopWise Fashion,No Warranty,Green,L,Relaxed Fit,100% Cotton,Full Sleeve,Collar Neck,Striped,Office,College,Machine Wash,"100% Cotton, Relaxed Fit, Striped, Machine Wash",Allen Solly Casual Shirt for men made from 100% Cotton. Suitable for office wear with a comfortable relaxed fit.,https://example.com/images/mens/500050.jpg,https://example.com/products/500050
500051,H&M Cotton Shirt,Fashion,Shirt,H&M,1499,2199,32,4.1,12688,In Stock,ShopWise Fashion,No Warranty,Beige,M,Slim Fit,Linen,Full Sleeve,Collar Neck,Solid,Travel,Daily Wear,Machine Wash,"Linen, Slim Fit, Solid, Machine Wash",H&M Cotton Shirt for men made from Linen. Suitable for travel wear with a comfortable slim fit.,https://example.com/images/mens/500051.jpg,https://example.com/products/500051
500052,Puma Active Polo,Fashion,Polo T-Shirt,Puma,1599,2399,33,4.3,2370,In Stock,ShopWise Fashion,No Warranty,White,XL,Oversized Fit,Cotton Blend,Half Sleeve,Round Neck,Solid,Casual,Workout,Machine Wash,"Cotton Blend, Oversized Fit, Solid, Machine Wash",Puma Active Polo for men made from Cotton Blend. Suitable for casual wear with a comfortable oversized fit.,https://example.com/images/mens/500052.jpg,https://example.com/products/500052
500053,Adidas Essentials Tee,Fashion,T-Shirt,Adidas,1099,1699,35,4.4,4561,In Stock,ShopWise Fashion,No Warranty,Green,XXL,Regular Fit,Linen,Full Sleeve,Round Neck,Checked,Office,Travel,Machine Wash,"Linen, Regular Fit, Checked, Machine Wash",Adidas Essentials Tee for men made from Linen. Suitable for office wear with a comfortable regular fit.,https://example.com/images/mens/500053.jpg,https://example.com/products/500053
500054,Allen Solly Formal Shirt,Fashion,Shirt,Allen Solly,1499,2599,42,4.2,14434,In Stock,ShopWise Fashion,No Warranty,Beige,L,Oversized Fit,100% Cotton,Half Sleeve,Collar Neck,Solid,Casual,Office,Machine Wash,"100% Cotton, Oversized Fit, Solid, Machine Wash",Allen Solly Formal Shirt for men made from 100% Cotton. Suitable for casual wear with a comfortable oversized fit.,https://example.com/images/mens/500054.jpg,https://example.com/products/500054
500055,Adidas Performance Tee,Fashion,T-Shirt,Adidas,599,1099,45,4.6,9260,In Stock,ShopWise Fashion,No Warranty,Olive,XL,Slim Fit,Polyester,Full Sleeve,Round Neck,Checked,Casual,Travel,Machine Wash,"Polyester, Slim Fit, Checked, Machine Wash",Adidas Performance Tee for men made from Polyester. Suitable for casual wear with a comfortable slim fit.,https://example.com/images/mens/500055.jpg,https://example.com/products/500055
500056,Allen Solly Formal Shirt,Fashion,Shirt,Allen Solly,3899,4399,11,5.0,11884,In Stock,ShopWise Fashion,No Warranty,Olive,M,Relaxed Fit,Polyester,Half Sleeve,Collar Neck,Checked,Travel,College,Machine Wash,"Polyester, Relaxed Fit, Checked, Machine Wash",Allen Solly Formal Shirt for men made from Polyester. Suitable for travel wear with a comfortable relaxed fit.,https://example.com/images/mens/500056.jpg,https://example.com/products/500056
500057,Nike Club T-Shirt,Fashion,Shirt,Nike,2499,2699,7,4.5,7825,In Stock,ShopWise Fashion,No Warranty,Green,L,Relaxed Fit,100% Cotton,Full Sleeve,Collar Neck,Striped,Travel,Travel,Machine Wash,"100% Cotton, Relaxed Fit, Striped, Machine Wash",Nike Club T-Shirt for men made from 100% Cotton. Suitable for travel wear with a comfortable relaxed fit.,https://example.com/images/mens/500057.jpg,https://example.com/products/500057
500058,Puma Ess Logo Tee,Fashion,T-Shirt,Puma,1399,1799,22,4.8,5974,In Stock,ShopWise Fashion,No Warranty,Beige,M,Regular Fit,Linen,Half Sleeve,Round Neck,Printed,Gym,Daily Wear,Machine Wash,"Linen, Regular Fit, Printed, Machine Wash",Puma Ess Logo Tee for men made from Linen. Suitable for gym wear with a comfortable regular fit.,https://example.com/images/mens/500058.jpg,https://example.com/products/500058
500059,Allen Solly Formal Shirt,Fashion,Shirt,Allen Solly,3599,4599,22,4.4,5854,In Stock,ShopWise Fashion,No Warranty,Blue,XXL,Relaxed Fit,100% Cotton,Full Sleeve,Collar Neck,Striped,Party,Workout,Machine Wash,"100% Cotton, Relaxed Fit, Striped, Machine Wash",Allen Solly Formal Shirt for men made from 100% Cotton. Suitable for party wear with a comfortable relaxed fit.,https://example.com/images/mens/500059.jpg,https://example.com/products/500059
500060,Allen Solly Formal Shirt,Fashion,Shirt,Allen Solly,3399,4299,21,4.6,7313,In Stock,ShopWise Fashion,No Warranty,Grey,L,Relaxed Fit,Linen,Half Sleeve,Collar Neck,Solid,Gym,College,Machine Wash,"Linen, Relaxed Fit, Solid, Machine Wash",Allen Solly Formal Shirt for men made from Linen. Suitable for gym wear with a comfortable relaxed fit.,https://example.com/images/mens/500060.jpg,https://example.com/products/500060
500061,Nike Training Tee,Fashion,T-Shirt,Nike,799,1499,47,4.7,14347,In Stock,ShopWise Fashion,No Warranty,White,XXL,Slim Fit,100% Cotton,Half Sleeve,Round Neck,Checked,Gym,Daily Wear,Machine Wash,"100% Cotton, Slim Fit, Checked, Machine Wash",Nike Training Tee for men made from 100% Cotton. Suitable for gym wear with a comfortable slim fit.,https://example.com/images/mens/500061.jpg,https://example.com/products/500061
500062,US Polo Solid Polo,Fashion,Polo T-Shirt,US Polo,2299,3199,28,4.7,3862,In Stock,ShopWise Fashion,No Warranty,Green,L,Regular Fit,Polyester,Half Sleeve,Round Neck,Striped,Travel,Workout,Machine Wash,"Polyester, Regular Fit, Striped, Machine Wash",US Polo Solid Polo for men made from Polyester. Suitable for travel wear with a comfortable regular fit.,https://example.com/images/mens/500062.jpg,https://example.com/products/500062
500063,Adidas Performance Tee,Fashion,T-Shirt,Adidas,499,699,29,4.4,850,In Stock,ShopWise Fashion,No Warranty,Navy,M,Slim Fit,Polyester,Full Sleeve,Round Neck,Striped,Casual,Office,Machine Wash,"Polyester, Slim Fit, Striped, Machine Wash",Adidas Performance Tee for men made from Polyester. Suitable for casual wear with a comfortable slim fit.,https://example.com/images/mens/500063.jpg,https://example.com/products/500063
500064,Van Heusen Formal Shirt,Fashion,Shirt,Van Heusen,1199,2099,43,4.5,6760,In Stock,ShopWise Fashion,No Warranty,Green,L,Regular Fit,100% Cotton,Full Sleeve,Collar Neck,Striped,Travel,Daily Wear,Machine Wash,"100% Cotton, Regular Fit, Striped, Machine Wash",Van Heusen Formal Shirt for men made from 100% Cotton. Suitable for travel wear with a comfortable regular fit.,https://example.com/images/mens/500064.jpg,https://example.com/products/500064
500065,H&M Cotton Shirt,Fashion,Shirt,H&M,3899,4999,22,4.9,13650,In Stock,ShopWise Fashion,No Warranty,Black,S,Slim Fit,Linen,Full Sleeve,Collar Neck,Checked,Party,Workout,Machine Wash,"Linen, Slim Fit, Checked, Machine Wash",H&M Cotton Shirt for men made from Linen. Suitable for party wear with a comfortable slim fit.,https://example.com/images/mens/500065.jpg,https://example.com/products/500065
500066,Allen Solly Formal Shirt,Fashion,Shirt,Allen Solly,2499,3599,31,4.1,2370,In Stock,ShopWise Fashion,No Warranty,Grey,XL,Relaxed Fit,Cotton Blend,Full Sleeve,Collar Neck,Checked,Party,College,Machine Wash,"Cotton Blend, Relaxed Fit, Checked, Machine Wash",Allen Solly Formal Shirt for men made from Cotton Blend. Suitable for party wear with a comfortable relaxed fit.,https://example.com/images/mens/500066.jpg,https://example.com/products/500066
500067,Van Heusen Formal Shirt,Fashion,Shirt,Van Heusen,1599,1799,11,4.9,14206,In Stock,ShopWise Fashion,No Warranty,Maroon,L,Slim Fit,100% Cotton,Full Sleeve,Collar Neck,Printed,Party,Workout,Machine Wash,"100% Cotton, Slim Fit, Printed, Machine Wash",Van Heusen Formal Shirt for men made from 100% Cotton. Suitable for party wear with a comfortable slim fit.,https://example.com/images/mens/500067.jpg,https://example.com/products/500067
500068,Allen Solly Polo T-Shirt,Fashion,Shirt,Allen Solly,999,1799,44,4.9,8203,In Stock,ShopWise Fashion,No Warranty,Navy,L,Slim Fit,Cotton Blend,Full Sleeve,Collar Neck,Solid,Travel,Daily Wear,Machine Wash,"Cotton Blend, Slim Fit, Solid, Machine Wash",Allen Solly Polo T-Shirt for men made from Cotton Blend. Suitable for travel wear with a comfortable slim fit.,https://example.com/images/mens/500068.jpg,https://example.com/products/500068
500069,H&M Cotton Shirt,Fashion,Shirt,H&M,3099,3499,11,4.9,1559,In Stock,ShopWise Fashion,No Warranty,Olive,XL,Relaxed Fit,Linen,Full Sleeve,Collar Neck,Checked,Travel,Workout,Machine Wash,"Linen, Relaxed Fit, Checked, Machine Wash",H&M Cotton Shirt for men made from Linen. Suitable for travel wear with a comfortable relaxed fit.,https://example.com/images/mens/500069.jpg,https://example.com/products/500069
500070,H&M Oversized Tee,Fashion,T-Shirt,H&M,499,799,38,4.0,8428,In Stock,ShopWise Fashion,No Warranty,Green,S,Regular Fit,Linen,Full Sleeve,Round Neck,Solid,Party,Travel,Machine Wash,"Linen, Regular Fit, Solid, Machine Wash",H&M Oversized Tee for men made from Linen. Suitable for party wear with a comfortable regular fit.,https://example.com/images/mens/500070.jpg,https://example.com/products/500070
500071,Allen Solly Casual Shirt,Fashion,Shirt,Allen Solly,3399,3799,11,4.6,14729,In Stock,ShopWise Fashion,No Warranty,Beige,XL,Regular Fit,Linen,Full Sleeve,Collar Neck,Printed,Office,Daily Wear,Machine Wash,"Linen, Regular Fit, Printed, Machine Wash",Allen Solly Casual Shirt for men made from Linen. Suitable for office wear with a comfortable regular fit.,https://example.com/images/mens/500071.jpg,https://example.com/products/500071
500072,H&M Oversized Tee,Fashion,T-Shirt,H&M,1299,2299,43,4.1,1621,In Stock,ShopWise Fashion,No Warranty,Navy,M,Oversized Fit,100% Cotton,Half Sleeve,Round Neck,Striped,Travel,Daily Wear,Machine Wash,"100% Cotton, Oversized Fit, Striped, Machine Wash",H&M Oversized Tee for men made from 100% Cotton. Suitable for travel wear with a comfortable oversized fit.,https://example.com/images/mens/500072.jpg,https://example.com/products/500072
500073,US Polo Casual Shirt,Fashion,Shirt,US Polo,2399,3499,31,4.9,2539,In Stock,ShopWise Fashion,No Warranty,Black,XL,Slim Fit,Polyester,Full Sleeve,Collar Neck,Printed,Travel,Office,Machine Wash,"Polyester, Slim Fit, Printed, Machine Wash",US Polo Casual Shirt for men made from Polyester. Suitable for travel wear with a comfortable slim fit.,https://example.com/images/mens/500073.jpg,https://example.com/products/500073
500074,Adidas Essentials Tee,Fashion,T-Shirt,Adidas,1099,1999,45,4.5,6074,In Stock,ShopWise Fashion,No Warranty,Olive,L,Relaxed Fit,100% Cotton,Full Sleeve,Round Neck,Striped,Travel,College,Machine Wash,"100% Cotton, Relaxed Fit, Striped, Machine Wash",Adidas Essentials Tee for men made from 100% Cotton. Suitable for travel wear with a comfortable relaxed fit.,https://example.com/images/mens/500074.jpg,https://example.com/products/500074
500075,Peter England Casual Polo,Fashion,Polo T-Shirt,Peter England,1999,2299,13,4.5,2763,In Stock,ShopWise Fashion,No Warranty,Maroon,S,Regular Fit,Dry-Fit Fabric,Full Sleeve,Round Neck,Checked,Office,Daily Wear,Machine Wash,"Dry-Fit Fabric, Regular Fit, Checked, Machine Wash",Peter England Casual Polo for men made from Dry-Fit Fabric. Suitable for office wear with a comfortable regular fit.,https://example.com/images/mens/500075.jpg,https://example.com/products/500075
500076,Puma Graphic Tee,Fashion,T-Shirt,Puma,1599,2399,33,4.6,2536,In Stock,ShopWise Fashion,No Warranty,Navy,XL,Regular Fit,Linen,Half Sleeve,Round Neck,Printed,Office,Daily Wear,Machine Wash,"Linen, Regular Fit, Printed, Machine Wash",Puma Graphic Tee for men made from Linen. Suitable for office wear with a comfortable regular fit.,https://example.com/images/mens/500076.jpg,https://example.com/products/500076
500077,Puma Run T-Shirt,Fashion,Shirt,Puma,1899,2199,14,4.7,4670,In Stock,ShopWise Fashion,No Warranty,Black,L,Oversized Fit,Linen,Half Sleeve,Collar Neck,Printed,Party,Daily Wear,Machine Wash,"Linen, Oversized Fit, Printed, Machine Wash",Puma Run T-Shirt for men made from Linen. Suitable for party wear with a comfortable oversized fit.,https://example.com/images/mens/500077.jpg,https://example.com/products/500077
500078,Allen Solly Polo T-Shirt,Fashion,Shirt,Allen Solly,3699,4099,10,4.5,14983,In Stock,ShopWise Fashion,No Warranty,Grey,L,Slim Fit,Polyester,Full Sleeve,Collar Neck,Solid,Party,Travel,Machine Wash,"Polyester, Slim Fit, Solid, Machine Wash",Allen Solly Polo T-Shirt for men made from Polyester. Suitable for party wear with a comfortable slim fit.,https://example.com/images/mens/500078.jpg,https://example.com/products/500078
500079,Peter England Casual Polo,Fashion,Polo T-Shirt,Peter England,799,1399,43,4.2,7850,In Stock,ShopWise Fashion,No Warranty,White,XL,Slim Fit,Dry-Fit Fabric,Half Sleeve,Round Neck,Solid,Party,Daily Wear,Machine Wash,"Dry-Fit Fabric, Slim Fit, Solid, Machine Wash",Peter England Casual Polo for men made from Dry-Fit Fabric. Suitable for party wear with a comfortable slim fit.,https://example.com/images/mens/500079.jpg,https://example.com/products/500079
500080,Levi's Classic Crew,Fashion,T-Shirt,Levi's,1099,2199,50,4.3,5889,In Stock,ShopWise Fashion,No Warranty,Beige,XXL,Regular Fit,Dry-Fit Fabric,Full Sleeve,Round Neck,Checked,Party,Daily Wear,Machine Wash,"Dry-Fit Fabric, Regular Fit, Checked, Machine Wash",Levi's Classic Crew for men made from Dry-Fit Fabric. Suitable for party wear with a comfortable regular fit.,https://example.com/images/mens/500080.jpg,https://example.com/products/500080
500081,Nike Club T-Shirt,Fashion,Shirt,Nike,3399,4499,24,4.2,7291,In Stock,ShopWise Fashion,No Warranty,Grey,XL,Relaxed Fit,100% Cotton,Half Sleeve,Collar Neck,Checked,Travel,Daily Wear,Machine Wash,"100% Cotton, Relaxed Fit, Checked, Machine Wash",Nike Club T-Shirt for men made from 100% Cotton. Suitable for travel wear with a comfortable relaxed fit.,https://example.com/images/mens/500081.jpg,https://example.com/products/500081
500082,H&M Basic Tee,Fashion,T-Shirt,H&M,999,1699,41,4.4,1050,In Stock,ShopWise Fashion,No Warranty,Beige,S,Oversized Fit,100% Cotton,Half Sleeve,Round Neck,Striped,Party,Workout,Machine Wash,"100% Cotton, Oversized Fit, Striped, Machine Wash",H&M Basic Tee for men made from 100% Cotton. Suitable for party wear with a comfortable oversized fit.,https://example.com/images/mens/500082.jpg,https://example.com/products/500082
500083,Puma Active Polo,Fashion,Polo T-Shirt,Puma,1199,2099,43,4.8,14931,In Stock,ShopWise Fashion,No Warranty,Grey,L,Oversized Fit,100% Cotton,Half Sleeve,Round Neck,Striped,Office,Travel,Machine Wash,"100% Cotton, Oversized Fit, Striped, Machine Wash",Puma Active Polo for men made from 100% Cotton. Suitable for office wear with a comfortable oversized fit.,https://example.com/images/mens/500083.jpg,https://example.com/products/500083
500084,H&M Oversized Tee,Fashion,T-Shirt,H&M,599,1599,63,4.5,4112,In Stock,ShopWise Fashion,No Warranty,Maroon,S,Relaxed Fit,Linen,Full Sleeve,Round Neck,Striped,Gym,Office,Machine Wash,"Linen, Relaxed Fit, Striped, Machine Wash",H&M Oversized Tee for men made from Linen. Suitable for gym wear with a comfortable relaxed fit.,https://example.com/images/mens/500084.jpg,https://example.com/products/500084
500085,Puma Run T-Shirt,Fashion,Shirt,Puma,2299,3099,26,5.0,13486,In Stock,ShopWise Fashion,No Warranty,White,XL,Regular Fit,Polyester,Half Sleeve,Collar Neck,Checked,Gym,College,Machine Wash,"Polyester, Regular Fit, Checked, Machine Wash",Puma Run T-Shirt for men made from Polyester. Suitable for gym wear with a comfortable regular fit.,https://example.com/images/mens/500085.jpg,https://example.com/products/500085
500086,Van Heusen Polo T-Shirt,Fashion,Shirt,Van Heusen,3299,4399,25,4.5,4737,In Stock,ShopWise Fashion,No Warranty,Green,L,Slim Fit,Linen,Full Sleeve,Collar Neck,Checked,Casual,Workout,Machine Wash,"Linen, Slim Fit, Checked, Machine Wash",Van Heusen Polo T-Shirt for men made from Linen. Suitable for casual wear with a comfortable slim fit.,https://example.com/images/mens/500086.jpg,https://example.com/products/500086
500087,Puma Run T-Shirt,Fashion,Shirt,Puma,1799,2099,14,4.7,13632,In Stock,ShopWise Fashion,No Warranty,Black,XL,Regular Fit,Linen,Full Sleeve,Collar Neck,Solid,Party,Daily Wear,Machine Wash,"Linen, Regular Fit, Solid, Machine Wash",Puma Run T-Shirt for men made from Linen. Suitable for party wear with a comfortable regular fit.,https://example.com/images/mens/500087.jpg,https://example.com/products/500087
500088,Allen Solly Casual Shirt,Fashion,Shirt,Allen Solly,2799,3499,20,4.6,12876,In Stock,ShopWise Fashion,No Warranty,Blue,M,Oversized Fit,100% Cotton,Half Sleeve,Collar Neck,Solid,Casual,Travel,Machine Wash,"100% Cotton, Oversized Fit, Solid, Machine Wash",Allen Solly Casual Shirt for men made from 100% Cotton. Suitable for casual wear with a comfortable oversized fit.,https://example.com/images/mens/500088.jpg,https://example.com/products/500088
500089,H&M Basic Tee,Fashion,T-Shirt,H&M,2399,2899,17,4.9,14919,In Stock,ShopWise Fashion,No Warranty,Navy,XL,Slim Fit,100% Cotton,Full Sleeve,Round Neck,Checked,Party,Daily Wear,Machine Wash,"100% Cotton, Slim Fit, Checked, Machine Wash",H&M Basic Tee for men made from 100% Cotton. Suitable for party wear with a comfortable slim fit.,https://example.com/images/mens/500089.jpg,https://example.com/products/500089
500090,Zara Linen Shirt,Fashion,Shirt,Zara,1999,2299,13,4.2,11907,In Stock,ShopWise Fashion,No Warranty,Maroon,XXL,Oversized Fit,Dry-Fit Fabric,Half Sleeve,Collar Neck,Printed,Office,Travel,Machine Wash,"Dry-Fit Fabric, Oversized Fit, Printed, Machine Wash",Zara Linen Shirt for men made from Dry-Fit Fabric. Suitable for office wear with a comfortable oversized fit.,https://example.com/images/mens/500090.jpg,https://example.com/products/500090
500091,Levi's Slim Fit Shirt,Fashion,Shirt,Levi's,1099,2199,50,4.5,163,In Stock,ShopWise Fashion,No Warranty,Green,XXL,Slim Fit,Dry-Fit Fabric,Half Sleeve,Collar Neck,Printed,Office,Office,Machine Wash,"Dry-Fit Fabric, Slim Fit, Printed, Machine Wash",Levi's Slim Fit Shirt for men made from Dry-Fit Fabric. Suitable for office wear with a comfortable slim fit.,https://example.com/images/mens/500091.jpg,https://example.com/products/500091
500092,Adidas Own The Run Tee,Fashion,T-Shirt,Adidas,2099,2799,25,4.7,11169,In Stock,ShopWise Fashion,No Warranty,Blue,XL,Oversized Fit,Cotton Blend,Full Sleeve,Round Neck,Striped,Travel,College,Machine Wash,"Cotton Blend, Oversized Fit, Striped, Machine Wash",Adidas Own The Run Tee for men made from Cotton Blend. Suitable for travel wear with a comfortable oversized fit.,https://example.com/images/mens/500092.jpg,https://example.com/products/500092
500093,Puma Active Polo,Fashion,Polo T-Shirt,Puma,1999,2899,31,4.8,12523,In Stock,ShopWise Fashion,No Warranty,Black,M,Slim Fit,100% Cotton,Half Sleeve,Round Neck,Solid,Travel,College,Machine Wash,"100% Cotton, Slim Fit, Solid, Machine Wash",Puma Active Polo for men made from 100% Cotton. Suitable for travel wear with a comfortable slim fit.,https://example.com/images/mens/500093.jpg,https://example.com/products/500093
500094,Zara Regular Tee,Fashion,T-Shirt,Zara,1199,2299,48,4.5,9036,In Stock,ShopWise Fashion,No Warranty,Blue,XXL,Relaxed Fit,100% Cotton,Half Sleeve,Round Neck,Striped,Gym,Travel,Machine Wash,"100% Cotton, Relaxed Fit, Striped, Machine Wash",Zara Regular Tee for men made from 100% Cotton. Suitable for gym wear with a comfortable relaxed fit.,https://example.com/images/mens/500094.jpg,https://example.com/products/500094
500095,Peter England Casual Polo,Fashion,Polo T-Shirt,Peter England,2499,3199,22,4.2,2467,In Stock,ShopWise Fashion,No Warranty,Olive,L,Slim Fit,Linen,Full Sleeve,Round Neck,Checked,Travel,Office,Machine Wash,"Linen, Slim Fit, Checked, Machine Wash",Peter England Casual Polo for men made from Linen. Suitable for travel wear with a comfortable slim fit.,https://example.com/images/mens/500095.jpg,https://example.com/products/500095
500096,Peter England Casual Polo,Fashion,Polo T-Shirt,Peter England,2599,3599,28,4.7,3357,In Stock,ShopWise Fashion,No Warranty,Beige,M,Oversized Fit,Linen,Full Sleeve,Round Neck,Checked,Travel,Workout,Machine Wash,"Linen, Oversized Fit, Checked, Machine Wash",Peter England Casual Polo for men made from Linen. Suitable for travel wear with a comfortable oversized fit.,https://example.com/images/mens/500096.jpg,https://example.com/products/500096
500097,Nike Dri-FIT Tee,Fashion,T-Shirt,Nike,1599,2299,30,4.8,1566,In Stock,ShopWise Fashion,No Warranty,Beige,XXL,Relaxed Fit,Linen,Half Sleeve,Round Neck,Solid,Office,Office,Machine Wash,"Linen, Relaxed Fit, Solid, Machine Wash",Nike Dri-FIT Tee for men made from Linen. Suitable for office wear with a comfortable relaxed fit.,https://example.com/images/mens/500097.jpg,https://example.com/products/500097
500098,Levi's Logo Tee,Fashion,T-Shirt,Levi's,1699,2799,39,4.1,6892,In Stock,ShopWise Fashion,No Warranty,White,L,Oversized Fit,100% Cotton,Full Sleeve,Round Neck,Checked,Gym,Office,Machine Wash,"100% Cotton, Oversized Fit, Checked, Machine Wash",Levi's Logo Tee for men made from 100% Cotton. Suitable for gym wear with a comfortable oversized fit.,https://example.com/images/mens/500098.jpg,https://example.com/products/500098
500099,Nike Dri-FIT Tee,Fashion,T-Shirt,Nike,1699,2799,39,4.6,1790,In Stock,ShopWise Fashion,No Warranty,White,XXL,Slim Fit,Linen,Half Sleeve,Round Neck,Striped,Casual,Travel,Machine Wash,"Linen, Slim Fit, Striped, Machine Wash",Nike Dri-FIT Tee for men made from Linen. Suitable for casual wear with a comfortable slim fit.,https://example.com/images/mens/500099.jpg,https://example.com/products/500099
500100,Peter England Cotton Shirt,Fashion,Shirt,Peter England,3699,3999,8,4.0,2399,In Stock,ShopWise Fashion,No Warranty,Blue,M,Regular Fit,Dry-Fit Fabric,Full Sleeve,Collar Neck,Striped,Party,Office,Machine Wash,"Dry-Fit Fabric, Regular Fit, Striped, Machine Wash",Peter England Cotton Shirt for men made from Dry-Fit Fabric. Suitable for party wear with a comfortable regular fit.,https://example.com/images/mens/500100.jpg,https://example.com/products/500100
500101,H&M Cotton Shirt,Fashion,Shirt,H&M,3299,4199,21,4.4,8272,In Stock,ShopWise Fashion,No Warranty,Olive,L,Relaxed Fit,100% Cotton,Half Sleeve,Collar Neck,Solid,Party,Workout,Machine Wash,"100% Cotton, Relaxed Fit, Solid, Machine Wash",H&M Cotton Shirt for men made from 100% Cotton. Suitable for party wear with a comfortable relaxed fit.,https://example.com/images/mens/500101.jpg,https://example.com/products/500101
500102,Levi's Classic Crew,Fashion,T-Shirt,Levi's,699,1399,50,4.6,4934,In Stock,ShopWise Fashion,No Warranty,Black,XL,Regular Fit,Dry-Fit Fabric,Half Sleeve,Round Neck,Printed,Office,College,Machine Wash,"Dry-Fit Fabric, Regular Fit, Printed, Machine Wash",Levi's Classic Crew for men made from Dry-Fit Fabric. Suitable for office wear with a comfortable regular fit.,https://example.com/images/mens/500102.jpg,https://example.com/products/500102
500103,Adidas 3-Stripes Polo,Fashion,Polo T-Shirt,Adidas,2099,3199,34,4.4,8995,In Stock,ShopWise Fashion,No Warranty,Blue,L,Relaxed Fit,Linen,Full Sleeve,Round Neck,Printed,Casual,Workout,Machine Wash,"Linen, Relaxed Fit, Printed, Machine Wash",Adidas 3-Stripes Polo for men made from Linen. Suitable for casual wear with a comfortable relaxed fit.,https://example.com/images/mens/500103.jpg,https://example.com/products/500103
500104,Puma Ess Logo Tee,Fashion,T-Shirt,Puma,599,1199,50,4.7,3432,In Stock,ShopWise Fashion,No Warranty,Beige,XL,Relaxed Fit,100% Cotton,Half Sleeve,Round Neck,Solid,Gym,Travel,Machine Wash,"100% Cotton, Relaxed Fit, Solid, Machine Wash",Puma Ess Logo Tee for men made from 100% Cotton. Suitable for gym wear with a comfortable relaxed fit.,https://example.com/images/mens/500104.jpg,https://example.com/products/500104
500105,Levi's Slim Fit Shirt,Fashion,Shirt,Levi's,2599,3699,30,4.5,7277,In Stock,ShopWise Fashion,No Warranty,Black,XXL,Slim Fit,100% Cotton,Half Sleeve,Collar Neck,Striped,Gym,Office,Machine Wash,"100% Cotton, Slim Fit, Striped, Machine Wash",Levi's Slim Fit Shirt for men made from 100% Cotton. Suitable for gym wear with a comfortable slim fit.,https://example.com/images/mens/500105.jpg,https://example.com/products/500105
500106,Levi's Casual Shirt,Fashion,Shirt,Levi's,1499,1899,21,5.0,10751,In Stock,ShopWise Fashion,No Warranty,Grey,M,Slim Fit,Cotton Blend,Full Sleeve,Collar Neck,Printed,Party,Workout,Machine Wash,"Cotton Blend, Slim Fit, Printed, Machine Wash",Levi's Casual Shirt for men made from Cotton Blend. Suitable for party wear with a comfortable slim fit.,https://example.com/images/mens/500106.jpg,https://example.com/products/500106
500107,Allen Solly Formal Shirt,Fashion,Shirt,Allen Solly,2199,3199,31,4.8,522,In Stock,ShopWise Fashion,No Warranty,Beige,M,Slim Fit,Polyester,Half Sleeve,Collar Neck,Striped,Casual,College,Machine Wash,"Polyester, Slim Fit, Striped, Machine Wash",Allen Solly Formal Shirt for men made from Polyester. Suitable for casual wear with a comfortable slim fit.,https://example.com/images/mens/500107.jpg,https://example.com/products/500107
500108,US Polo Printed Shirt,Fashion,Shirt,US Polo,3899,4499,13,4.6,11739,In Stock,ShopWise Fashion,No Warranty,White,S,Oversized Fit,Dry-Fit Fabric,Full Sleeve,Collar Neck,Checked,Office,Travel,Machine Wash,"Dry-Fit Fabric, Oversized Fit, Checked, Machine Wash",US Polo Printed Shirt for men made from Dry-Fit Fabric. Suitable for office wear with a comfortable oversized fit.,https://example.com/images/mens/500108.jpg,https://example.com/products/500108
500109,Van Heusen Slim Fit Shirt,Fashion,Shirt,Van Heusen,1699,2799,39,4.7,14830,In Stock,ShopWise Fashion,No Warranty,Maroon,L,Oversized Fit,Dry-Fit Fabric,Full Sleeve,Collar Neck,Checked,Party,Daily Wear,Machine Wash,"Dry-Fit Fabric, Oversized Fit, Checked, Machine Wash",Van Heusen Slim Fit Shirt for men made from Dry-Fit Fabric. Suitable for party wear with a comfortable oversized fit.,https://example.com/images/mens/500109.jpg,https://example.com/products/500109
500110,Puma Ess Logo Tee,Fashion,T-Shirt,Puma,599,999,40,4.4,3483,In Stock,ShopWise Fashion,No Warranty,Green,M,Slim Fit,Polyester,Half Sleeve,Round Neck,Striped,Casual,Workout,Machine Wash,"Polyester, Slim Fit, Striped, Machine Wash",Puma Ess Logo Tee for men made from Polyester. Suitable for casual wear with a comfortable slim fit.,https://example.com/images/mens/500110.jpg,https://example.com/products/500110
500111,Allen Solly Casual Shirt,Fashion,Shirt,Allen Solly,3399,4199,19,4.9,10464,In Stock,ShopWise Fashion,No Warranty,Blue,M,Oversized Fit,Dry-Fit Fabric,Full Sleeve,Collar Neck,Striped,Party,College,Machine Wash,"Dry-Fit Fabric, Oversized Fit, Striped, Machine Wash",Allen Solly Casual Shirt for men made from Dry-Fit Fabric. Suitable for party wear with a comfortable oversized fit.,https://example.com/images/mens/500111.jpg,https://example.com/products/500111
500112,Levi's Casual Shirt,Fashion,Shirt,Levi's,2299,2699,15,4.2,3793,In Stock,ShopWise Fashion,No Warranty,Navy,L,Slim Fit,Linen,Half Sleeve,Collar Neck,Checked,Casual,Workout,Machine Wash,"Linen, Slim Fit, Checked, Machine Wash",Levi's Casual Shirt for men made from Linen. Suitable for casual wear with a comfortable slim fit.,https://example.com/images/mens/500112.jpg,https://example.com/products/500112
500113,Nike Dri-FIT Tee,Fashion,T-Shirt,Nike,1299,1599,19,4.5,11661,In Stock,ShopWise Fashion,No Warranty,Black,XXL,Oversized Fit,100% Cotton,Full Sleeve,Round Neck,Solid,Casual,Office,Machine Wash,"100% Cotton, Oversized Fit, Solid, Machine Wash",Nike Dri-FIT Tee for men made from 100% Cotton. Suitable for casual wear with a comfortable oversized fit.,https://example.com/images/mens/500113.jpg,https://example.com/products/500113
500114,Nike Training Tee,Fashion,T-Shirt,Nike,1099,2099,48,4.7,8157,In Stock,ShopWise Fashion,No Warranty,Maroon,M,Oversized Fit,Polyester,Full Sleeve,Round Neck,Striped,Travel,Office,Machine Wash,"Polyester, Oversized Fit, Striped, Machine Wash",Nike Training Tee for men made from Polyester. Suitable for travel wear with a comfortable oversized fit.,https://example.com/images/mens/500114.jpg,https://example.com/products/500114
500115,Adidas Essentials Tee,Fashion,T-Shirt,Adidas,1999,2799,29,4.5,8592,In Stock,ShopWise Fashion,No Warranty,Grey,XXL,Oversized Fit,100% Cotton,Full Sleeve,Round Neck,Striped,Office,Office,Machine Wash,"100% Cotton, Oversized Fit, Striped, Machine Wash",Adidas Essentials Tee for men made from 100% Cotton. Suitable for office wear with a comfortable oversized fit.,https://example.com/images/mens/500115.jpg,https://example.com/products/500115
500116,Zara Premium Shirt,Fashion,Shirt,Zara,1299,1699,24,4.1,8831,In Stock,ShopWise Fashion,No Warranty,Maroon,XXL,Slim Fit,Cotton Blend,Half Sleeve,Collar Neck,Striped,Travel,Office,Machine Wash,"Cotton Blend, Slim Fit, Striped, Machine Wash",Zara Premium Shirt for men made from Cotton Blend. Suitable for travel wear with a comfortable slim fit.,https://example.com/images/mens/500116.jpg,https://example.com/products/500116
500117,Adidas Essentials Tee,Fashion,T-Shirt,Adidas,1299,1599,19,4.4,5274,In Stock,ShopWise Fashion,No Warranty,Navy,M,Regular Fit,Linen,Full Sleeve,Round Neck,Printed,Gym,College,Machine Wash,"Linen, Regular Fit, Printed, Machine Wash",Adidas Essentials Tee for men made from Linen. Suitable for gym wear with a comfortable regular fit.,https://example.com/images/mens/500117.jpg,https://example.com/products/500117
500118,US Polo Solid Polo,Fashion,Polo T-Shirt,US Polo,1199,1999,40,4.4,5025,In Stock,ShopWise Fashion,No Warranty,Navy,M,Regular Fit,Cotton Blend,Full Sleeve,Round Neck,Checked,Gym,College,Machine Wash,"Cotton Blend, Regular Fit, Checked, Machine Wash",US Polo Solid Polo for men made from Cotton Blend. Suitable for gym wear with a comfortable regular fit.,https://example.com/images/mens/500118.jpg,https://example.com/products/500118
500119,Van Heusen Polo T-Shirt,Fashion,Shirt,Van Heusen,3099,3799,18,4.7,6861,In Stock,ShopWise Fashion,No Warranty,Maroon,S,Oversized Fit,Polyester,Half Sleeve,Collar Neck,Solid,Office,Daily Wear,Machine Wash,"Polyester, Oversized Fit, Solid, Machine Wash",Van Heusen Polo T-Shirt for men made from Polyester. Suitable for office wear with a comfortable oversized fit.,https://example.com/images/mens/500119.jpg,https://example.com/products/500119
500120,H&M Basic Tee,Fashion,T-Shirt,H&M,2199,2599,15,4.4,6458,In Stock,ShopWise Fashion,No Warranty,Navy,XL,Regular Fit,100% Cotton,Full Sleeve,Round Neck,Striped,Travel,Office,Machine Wash,"100% Cotton, Regular Fit, Striped, Machine Wash",H&M Basic Tee for men made from 100% Cotton. Suitable for travel wear with a comfortable regular fit.,https://example.com/images/mens/500120.jpg,https://example.com/products/500120
500121,Adidas Essentials Tee,Fashion,T-Shirt,Adidas,1499,2099,29,4.2,3118,In Stock,ShopWise Fashion,No Warranty,Blue,XL,Relaxed Fit,Polyester,Half Sleeve,Round Neck,Printed,Travel,Travel,Machine Wash,"Polyester, Relaxed Fit, Printed, Machine Wash",Adidas Essentials Tee for men made from Polyester. Suitable for travel wear with a comfortable relaxed fit.,https://example.com/images/mens/500121.jpg,https://example.com/products/500121
500122,Puma Graphic Tee,Fashion,T-Shirt,Puma,1499,1999,25,4.5,12825,In Stock,ShopWise Fashion,No Warranty,Maroon,XXL,Slim Fit,Cotton Blend,Half Sleeve,Round Neck,Checked,Office,Office,Machine Wash,"Cotton Blend, Slim Fit, Checked, Machine Wash",Puma Graphic Tee for men made from Cotton Blend. Suitable for office wear with a comfortable slim fit.,https://example.com/images/mens/500122.jpg,https://example.com/products/500122
500123,Nike Sports Polo,Fashion,Polo T-Shirt,Nike,1099,1799,39,4.9,13460,In Stock,ShopWise Fashion,No Warranty,Olive,S,Slim Fit,Dry-Fit Fabric,Full Sleeve,Round Neck,Printed,Travel,Office,Machine Wash,"Dry-Fit Fabric, Slim Fit, Printed, Machine Wash",Nike Sports Polo for men made from Dry-Fit Fabric. Suitable for travel wear with a comfortable slim fit.,https://example.com/images/mens/500123.jpg,https://example.com/products/500123
500124,US Polo Solid Polo,Fashion,Polo T-Shirt,US Polo,1099,1299,15,4.8,13945,In Stock,ShopWise Fashion,No Warranty,Black,S,Regular Fit,Cotton Blend,Half Sleeve,Round Neck,Checked,Casual,College,Machine Wash,"Cotton Blend, Regular Fit, Checked, Machine Wash",US Polo Solid Polo for men made from Cotton Blend. Suitable for casual wear with a comfortable regular fit.,https://example.com/images/mens/500124.jpg,https://example.com/products/500124
500125,Puma Ess Logo Tee,Fashion,T-Shirt,Puma,1099,1399,21,4.3,6308,In Stock,ShopWise Fashion,No Warranty,White,XL,Regular Fit,100% Cotton,Half Sleeve,Round Neck,Checked,Gym,Office,Machine Wash,"100% Cotton, Regular Fit, Checked, Machine Wash",Puma Ess Logo Tee for men made from 100% Cotton. Suitable for gym wear with a comfortable regular fit.,https://example.com/images/mens/500125.jpg,https://example.com/products/500125
500126,Zara Regular Tee,Fashion,T-Shirt,Zara,2399,2799,14,4.8,10969,In Stock,ShopWise Fashion,No Warranty,Olive,XXL,Regular Fit,Cotton Blend,Full Sleeve,Round Neck,Solid,Office,Workout,Machine Wash,"Cotton Blend, Regular Fit, Solid, Machine Wash",Zara Regular Tee for men made from Cotton Blend. Suitable for office wear with a comfortable regular fit.,https://example.com/images/mens/500126.jpg,https://example.com/products/500126
500127,Nike Dri-FIT Tee,Fashion,T-Shirt,Nike,1199,1499,20,4.5,58,In Stock,ShopWise Fashion,No Warranty,White,M,Regular Fit,Polyester,Half Sleeve,Round Neck,Solid,Party,Office,Machine Wash,"Polyester, Regular Fit, Solid, Machine Wash",Nike Dri-FIT Tee for men made from Polyester. Suitable for party wear with a comfortable regular fit.,https://example.com/images/mens/500127.jpg,https://example.com/products/500127
500128,US Polo Printed Shirt,Fashion,Shirt,US Polo,2299,3099,26,4.6,1124,In Stock,ShopWise Fashion,No Warranty,Navy,XL,Regular Fit,Dry-Fit Fabric,Full Sleeve,Collar Neck,Printed,Office,Travel,Machine Wash,"Dry-Fit Fabric, Regular Fit, Printed, Machine Wash",US Polo Printed Shirt for men made from Dry-Fit Fabric. Suitable for office wear with a comfortable regular fit.,https://example.com/images/mens/500128.jpg,https://example.com/products/500128
500129,Puma Ess Logo Tee,Fashion,T-Shirt,Puma,1299,2299,43,4.9,327,In Stock,ShopWise Fashion,No Warranty,Beige,S,Slim Fit,Polyester,Full Sleeve,Round Neck,Solid,Party,Office,Machine Wash,"Polyester, Slim Fit, Solid, Machine Wash",Puma Ess Logo Tee for men made from Polyester. Suitable for party wear with a comfortable slim fit.,https://example.com/images/mens/500129.jpg,https://example.com/products/500129
500130,H&M Oversized Tee,Fashion,T-Shirt,H&M,1999,2999,33,4.1,8385,In Stock,ShopWise Fashion,No Warranty,Beige,XXL,Relaxed Fit,Linen,Half Sleeve,Round Neck,Checked,Party,Travel,Machine Wash,"Linen, Relaxed Fit, Checked, Machine Wash",H&M Oversized Tee for men made from Linen. Suitable for party wear with a comfortable relaxed fit.,https://example.com/images/mens/500130.jpg,https://example.com/products/500130
500131,Nike Dri-FIT Tee,Fashion,T-Shirt,Nike,1499,1799,17,4.5,8704,In Stock,ShopWise Fashion,No Warranty,White,L,Relaxed Fit,Cotton Blend,Full Sleeve,Round Neck,Solid,Office,Travel,Machine Wash,"Cotton Blend, Relaxed Fit, Solid, Machine Wash",Nike Dri-FIT Tee for men made from Cotton Blend. Suitable for office wear with a comfortable relaxed fit.,https://example.com/images/mens/500131.jpg,https://example.com/products/500131
500132,Allen Solly Casual Shirt,Fashion,Shirt,Allen Solly,1299,2299,43,4.4,12191,In Stock,ShopWise Fashion,No Warranty,Grey,M,Regular Fit,Cotton Blend,Full Sleeve,Collar Neck,Solid,Travel,Workout,Machine Wash,"Cotton Blend, Regular Fit, Solid, Machine Wash",Allen Solly Casual Shirt for men made from Cotton Blend. Suitable for travel wear with a comfortable regular fit.,https://example.com/images/mens/500132.jpg,https://example.com/products/500132
500133,Puma Active Polo,Fashion,Polo T-Shirt,Puma,2399,3499,31,4.6,5515,In Stock,ShopWise Fashion,No Warranty,Green,S,Slim Fit,100% Cotton,Half Sleeve,Round Neck,Printed,Office,Office,Machine Wash,"100% Cotton, Slim Fit, Printed, Machine Wash",Puma Active Polo for men made from 100% Cotton. Suitable for office wear with a comfortable slim fit.,https://example.com/images/mens/500133.jpg,https://example.com/products/500133
500134,Allen Solly Polo T-Shirt,Fashion,Shirt,Allen Solly,999,2099,52,4.1,13963,In Stock,ShopWise Fashion,No Warranty,Maroon,XL,Regular Fit,Polyester,Half Sleeve,Collar Neck,Striped,Office,Daily Wear,Machine Wash,"Polyester, Regular Fit, Striped, Machine Wash",Allen Solly Polo T-Shirt for men made from Polyester. Suitable for office wear with a comfortable regular fit.,https://example.com/images/mens/500134.jpg,https://example.com/products/500134
500135,Van Heusen Slim Fit Shirt,Fashion,Shirt,Van Heusen,3899,4099,5,4.8,2277,In Stock,ShopWise Fashion,No Warranty,Grey,S,Slim Fit,Polyester,Half Sleeve,Collar Neck,Printed,Travel,Office,Machine Wash,"Polyester, Slim Fit, Printed, Machine Wash",Van Heusen Slim Fit Shirt for men made from Polyester. Suitable for travel wear with a comfortable slim fit.,https://example.com/images/mens/500135.jpg,https://example.com/products/500135
500136,H&M Basic Tee,Fashion,T-Shirt,H&M,599,899,33,4.1,4565,In Stock,ShopWise Fashion,No Warranty,Beige,M,Oversized Fit,100% Cotton,Half Sleeve,Round Neck,Striped,Casual,Travel,Machine Wash,"100% Cotton, Oversized Fit, Striped, Machine Wash",H&M Basic Tee for men made from 100% Cotton. Suitable for casual wear with a comfortable oversized fit.,https://example.com/images/mens/500136.jpg,https://example.com/products/500136
500137,H&M Oversized Tee,Fashion,T-Shirt,H&M,1999,2799,29,5.0,1161,In Stock,ShopWise Fashion,No Warranty,Navy,S,Slim Fit,100% Cotton,Half Sleeve,Round Neck,Printed,Casual,Workout,Machine Wash,"100% Cotton, Slim Fit, Printed, Machine Wash",H&M Oversized Tee for men made from 100% Cotton. Suitable for casual wear with a comfortable slim fit.,https://example.com/images/mens/500137.jpg,https://example.com/products/500137
500138,US Polo Solid Polo,Fashion,Polo T-Shirt,US Polo,1199,1699,29,4.7,14820,In Stock,ShopWise Fashion,No Warranty,Maroon,L,Regular Fit,Cotton Blend,Half Sleeve,Round Neck,Striped,Travel,Office,Machine Wash,"Cotton Blend, Regular Fit, Striped, Machine Wash",US Polo Solid Polo for men made from Cotton Blend. Suitable for travel wear with a comfortable regular fit.,https://example.com/images/mens/500138.jpg,https://example.com/products/500138
500139,Van Heusen Polo T-Shirt,Fashion,Shirt,Van Heusen,3299,4199,21,4.8,6301,In Stock,ShopWise Fashion,No Warranty,Maroon,M,Oversized Fit,Polyester,Half Sleeve,Collar Neck,Solid,Casual,Travel,Machine Wash,"Polyester, Oversized Fit, Solid, Machine Wash",Van Heusen Polo T-Shirt for men made from Polyester. Suitable for casual wear with a comfortable oversized fit.,https://example.com/images/mens/500139.jpg,https://example.com/products/500139
500140,Adidas Own The Run Tee,Fashion,T-Shirt,Adidas,799,1299,38,4.9,7567,In Stock,ShopWise Fashion,No Warranty,Grey,XL,Oversized Fit,Cotton Blend,Full Sleeve,Round Neck,Checked,Travel,Office,Machine Wash,"Cotton Blend, Oversized Fit, Checked, Machine Wash",Adidas Own The Run Tee for men made from Cotton Blend. Suitable for travel wear with a comfortable oversized fit.,https://example.com/images/mens/500140.jpg,https://example.com/products/500140
500141,Zara Regular Tee,Fashion,T-Shirt,Zara,2199,2799,21,4.7,12134,In Stock,ShopWise Fashion,No Warranty,Navy,M,Regular Fit,100% Cotton,Half Sleeve,Round Neck,Solid,Office,Daily Wear,Machine Wash,"100% Cotton, Regular Fit, Solid, Machine Wash",Zara Regular Tee for men made from 100% Cotton. Suitable for office wear with a comfortable regular fit.,https://example.com/images/mens/500141.jpg,https://example.com/products/500141
500142,Allen Solly Polo T-Shirt,Fashion,Shirt,Allen Solly,2999,3399,12,4.3,13915,In Stock,ShopWise Fashion,No Warranty,Black,L,Oversized Fit,Dry-Fit Fabric,Full Sleeve,Collar Neck,Striped,Gym,Daily Wear,Machine Wash,"Dry-Fit Fabric, Oversized Fit, Striped, Machine Wash",Allen Solly Polo T-Shirt for men made from Dry-Fit Fabric. Suitable for gym wear with a comfortable oversized fit.,https://example.com/images/mens/500142.jpg,https://example.com/products/500142
500143,Zara Linen Shirt,Fashion,Shirt,Zara,3399,4499,24,4.4,2594,In Stock,ShopWise Fashion,No Warranty,White,XL,Relaxed Fit,Cotton Blend,Half Sleeve,Collar Neck,Printed,Casual,Travel,Machine Wash,"Cotton Blend, Relaxed Fit, Printed, Machine Wash",Zara Linen Shirt for men made from Cotton Blend. Suitable for casual wear with a comfortable relaxed fit.,https://example.com/images/mens/500143.jpg,https://example.com/products/500143
500144,Levi's Slim Fit Shirt,Fashion,Shirt,Levi's,1499,1999,25,4.1,14745,In Stock,ShopWise Fashion,No Warranty,Green,XXL,Oversized Fit,100% Cotton,Full Sleeve,Collar Neck,Checked,Gym,Daily Wear,Machine Wash,"100% Cotton, Oversized Fit, Checked, Machine Wash",Levi's Slim Fit Shirt for men made from 100% Cotton. Suitable for gym wear with a comfortable oversized fit.,https://example.com/images/mens/500144.jpg,https://example.com/products/500144
500145,Van Heusen Formal Shirt,Fashion,Shirt,Van Heusen,1999,3099,35,4.3,10448,In Stock,ShopWise Fashion,No Warranty,Olive,M,Oversized Fit,100% Cotton,Full Sleeve,Collar Neck,Printed,Gym,College,Machine Wash,"100% Cotton, Oversized Fit, Printed, Machine Wash",Van Heusen Formal Shirt for men made from 100% Cotton. Suitable for gym wear with a comfortable oversized fit.,https://example.com/images/mens/500145.jpg,https://example.com/products/500145
500146,Allen Solly Polo T-Shirt,Fashion,Shirt,Allen Solly,1199,1399,14,4.2,13685,In Stock,ShopWise Fashion,No Warranty,Grey,XXL,Oversized Fit,Dry-Fit Fabric,Half Sleeve,Collar Neck,Checked,Travel,Travel,Machine Wash,"Dry-Fit Fabric, Oversized Fit, Checked, Machine Wash",Allen Solly Polo T-Shirt for men made from Dry-Fit Fabric. Suitable for travel wear with a comfortable oversized fit.,https://example.com/images/mens/500146.jpg,https://example.com/products/500146
500147,Allen Solly Formal Shirt,Fashion,Shirt,Allen Solly,2799,2999,7,4.2,10250,In Stock,ShopWise Fashion,No Warranty,Blue,M,Regular Fit,Cotton Blend,Full Sleeve,Collar Neck,Striped,Travel,College,Machine Wash,"Cotton Blend, Regular Fit, Striped, Machine Wash",Allen Solly Formal Shirt for men made from Cotton Blend. Suitable for travel wear with a comfortable regular fit.,https://example.com/images/mens/500147.jpg,https://example.com/products/500147
500148,US Polo Oxford Shirt,Fashion,Shirt,US Polo,1299,1499,13,4.5,3583,In Stock,ShopWise Fashion,No Warranty,Maroon,XL,Slim Fit,Polyester,Full Sleeve,Collar Neck,Striped,Office,Office,Machine Wash,"Polyester, Slim Fit, Striped, Machine Wash",US Polo Oxford Shirt for men made from Polyester. Suitable for office wear with a comfortable slim fit.,https://example.com/images/mens/500148.jpg,https://example.com/products/500148
500149,Van Heusen Polo T-Shirt,Fashion,Shirt,Van Heusen,3399,3999,15,4.5,10035,In Stock,ShopWise Fashion,No Warranty,Green,S,Regular Fit,Cotton Blend,Half Sleeve,Collar Neck,Striped,Office,Travel,Machine Wash,"Cotton Blend, Regular Fit, Striped, Machine Wash",Van Heusen Polo T-Shirt for men made from Cotton Blend. Suitable for office wear with a comfortable regular fit.,https://example.com/images/mens/500149.jpg,https://example.com/products/500149
500150,Puma Ess Logo Tee,Fashion,T-Shirt,Puma,1799,2699,33,4.5,10674,In Stock,ShopWise Fashion,No Warranty,Beige,XL,Regular Fit,Cotton Blend,Half Sleeve,Round Neck,Printed,Party,Workout,Machine Wash,"Cotton Blend, Regular Fit, Printed, Machine Wash",Puma Ess Logo Tee for men made from Cotton Blend. Suitable for party wear with a comfortable regular fit.,https://example.com/images/mens/500150.jpg,https://example.com/products/500150
500151,H&M Basic Tee,Fashion,T-Shirt,H&M,599,1199,50,4.2,676,In Stock,ShopWise Fashion,No Warranty,Navy,L,Relaxed Fit,Cotton Blend,Full Sleeve,Round Neck,Checked,Party,Office,Machine Wash,"Cotton Blend, Relaxed Fit, Checked, Machine Wash",H&M Basic Tee for men made from Cotton Blend. Suitable for party wear with a comfortable relaxed fit.,https://example.com/images/mens/500151.jpg,https://example.com/products/500151
500152,Van Heusen Slim Fit Shirt,Fashion,Shirt,Van Heusen,3899,4799,19,4.1,2940,In Stock,ShopWise Fashion,No Warranty,Beige,S,Relaxed Fit,Dry-Fit Fabric,Full Sleeve,Collar Neck,Printed,Office,Office,Machine Wash,"Dry-Fit Fabric, Relaxed Fit, Printed, Machine Wash",Van Heusen Slim Fit Shirt for men made from Dry-Fit Fabric. Suitable for office wear with a comfortable relaxed fit.,https://example.com/images/mens/500152.jpg,https://example.com/products/500152
500153,Zara Premium Shirt,Fashion,Shirt,Zara,2399,3399,29,4.7,5828,In Stock,ShopWise Fashion,No Warranty,Beige,S,Oversized Fit,Dry-Fit Fabric,Half Sleeve,Collar Neck,Printed,Office,Office,Machine Wash,"Dry-Fit Fabric, Oversized Fit, Printed, Machine Wash",Zara Premium Shirt for men made from Dry-Fit Fabric. Suitable for office wear with a comfortable oversized fit.,https://example.com/images/mens/500153.jpg,https://example.com/products/500153
500154,Nike Dri-FIT Tee,Fashion,T-Shirt,Nike,599,1699,65,4.3,11494,In Stock,ShopWise Fashion,No Warranty,Beige,XXL,Relaxed Fit,Linen,Full Sleeve,Round Neck,Checked,Casual,Daily Wear,Machine Wash,"Linen, Relaxed Fit, Checked, Machine Wash",Nike Dri-FIT Tee for men made from Linen. Suitable for casual wear with a comfortable relaxed fit.,https://example.com/images/mens/500154.jpg,https://example.com/products/500154
500155,Allen Solly Polo T-Shirt,Fashion,Shirt,Allen Solly,3399,3999,15,4.0,4208,In Stock,ShopWise Fashion,No Warranty,Beige,M,Slim Fit,Polyester,Full Sleeve,Collar Neck,Solid,Gym,Travel,Machine Wash,"Polyester, Slim Fit, Solid, Machine Wash",Allen Solly Polo T-Shirt for men made from Polyester. Suitable for gym wear with a comfortable slim fit.,https://example.com/images/mens/500155.jpg,https://example.com/products/500155
500156,Peter England Checked Shirt,Fashion,Shirt,Peter England,2399,3099,23,4.2,4323,In Stock,ShopWise Fashion,No Warranty,Green,XL,Slim Fit,Dry-Fit Fabric,Half Sleeve,Collar Neck,Printed,Gym,Office,Machine Wash,"Dry-Fit Fabric, Slim Fit, Printed, Machine Wash",Peter England Checked Shirt for men made from Dry-Fit Fabric. Suitable for gym wear with a comfortable slim fit.,https://example.com/images/mens/500156.jpg,https://example.com/products/500156
500157,Zara Regular Tee,Fashion,T-Shirt,Zara,2199,2899,24,4.4,11719,In Stock,ShopWise Fashion,No Warranty,Maroon,L,Slim Fit,Polyester,Full Sleeve,Round Neck,Checked,Gym,Office,Machine Wash,"Polyester, Slim Fit, Checked, Machine Wash",Zara Regular Tee for men made from Polyester. Suitable for gym wear with a comfortable slim fit.,https://example.com/images/mens/500157.jpg,https://example.com/products/500157
500158,Zara Premium Shirt,Fashion,Shirt,Zara,2699,3199,16,4.2,3856,In Stock,ShopWise Fashion,No Warranty,Navy,L,Oversized Fit,Cotton Blend,Half Sleeve,Collar Neck,Striped,Travel,Office,Machine Wash,"Cotton Blend, Oversized Fit, Striped, Machine Wash",Zara Premium Shirt for men made from Cotton Blend. Suitable for travel wear with a comfortable oversized fit.,https://example.com/images/mens/500158.jpg,https://example.com/products/500158
500159,Allen Solly Casual Shirt,Fashion,Shirt,Allen Solly,3499,4599,24,4.9,1472,In Stock,ShopWise Fashion,No Warranty,Navy,XL,Oversized Fit,Cotton Blend,Half Sleeve,Collar Neck,Checked,Office,Daily Wear,Machine Wash,"Cotton Blend, Oversized Fit, Checked, Machine Wash",Allen Solly Casual Shirt for men made from Cotton Blend. Suitable for office wear with a comfortable oversized fit.,https://example.com/images/mens/500159.jpg,https://example.com/products/500159
500160,Nike Club T-Shirt,Fashion,Shirt,Nike,1099,1799,39,4.8,6612,In Stock,ShopWise Fashion,No Warranty,Navy,XXL,Slim Fit,Dry-Fit Fabric,Half Sleeve,Collar Neck,Printed,Casual,Daily Wear,Machine Wash,"Dry-Fit Fabric, Slim Fit, Printed, Machine Wash",Nike Club T-Shirt for men made from Dry-Fit Fabric. Suitable for casual wear with a comfortable slim fit.,https://example.com/images/mens/500160.jpg,https://example.com/products/500160
500161,Puma Graphic Tee,Fashion,T-Shirt,Puma,1599,2599,38,4.4,6221,In Stock,ShopWise Fashion,No Warranty,Grey,XL,Relaxed Fit,Cotton Blend,Half Sleeve,Round Neck,Checked,Casual,Office,Machine Wash,"Cotton Blend, Relaxed Fit, Checked, Machine Wash",Puma Graphic Tee for men made from Cotton Blend. Suitable for casual wear with a comfortable relaxed fit.,https://example.com/images/mens/500161.jpg,https://example.com/products/500161
500162,Zara Linen Shirt,Fashion,Shirt,Zara,999,1799,44,4.6,3958,In Stock,ShopWise Fashion,No Warranty,White,M,Oversized Fit,Polyester,Full Sleeve,Collar Neck,Solid,Travel,College,Machine Wash,"Polyester, Oversized Fit, Solid, Machine Wash",Zara Linen Shirt for men made from Polyester. Suitable for travel wear with a comfortable oversized fit.,https://example.com/images/mens/500162.jpg,https://example.com/products/500162
500163,Van Heusen Formal Shirt,Fashion,Shirt,Van Heusen,3599,3799,5,4.2,6296,In Stock,ShopWise Fashion,No Warranty,Green,XL,Relaxed Fit,100% Cotton,Half Sleeve,Collar Neck,Solid,Office,College,Machine Wash,"100% Cotton, Relaxed Fit, Solid, Machine Wash",Van Heusen Formal Shirt for men made from 100% Cotton. Suitable for office wear with a comfortable relaxed fit.,https://example.com/images/mens/500163.jpg,https://example.com/products/500163
500164,Adidas 3-Stripes Polo,Fashion,Polo T-Shirt,Adidas,2099,2799,25,4.5,13871,In Stock,ShopWise Fashion,No Warranty,Blue,S,Oversized Fit,100% Cotton,Half Sleeve,Round Neck,Solid,Gym,Daily Wear,Machine Wash,"100% Cotton, Oversized Fit, Solid, Machine Wash",Adidas 3-Stripes Polo for men made from 100% Cotton. Suitable for gym wear with a comfortable oversized fit.,https://example.com/images/mens/500164.jpg,https://example.com/products/500164
500165,Adidas Essentials Tee,Fashion,T-Shirt,Adidas,1599,1999,20,4.4,972,In Stock,ShopWise Fashion,No Warranty,Beige,XXL,Slim Fit,Dry-Fit Fabric,Full Sleeve,Round Neck,Solid,Party,Daily Wear,Machine Wash,"Dry-Fit Fabric, Slim Fit, Solid, Machine Wash",Adidas Essentials Tee for men made from Dry-Fit Fabric. Suitable for party wear with a comfortable slim fit.,https://example.com/images/mens/500165.jpg,https://example.com/products/500165
500166,Van Heusen Slim Fit Shirt,Fashion,Shirt,Van Heusen,1799,2799,36,4.9,180,In Stock,ShopWise Fashion,No Warranty,Beige,XL,Regular Fit,Polyester,Full Sleeve,Collar Neck,Printed,Casual,College,Machine Wash,"Polyester, Regular Fit, Printed, Machine Wash",Van Heusen Slim Fit Shirt for men made from Polyester. Suitable for casual wear with a comfortable regular fit.,https://example.com/images/mens/500166.jpg,https://example.com/products/500166
500167,Nike Training Tee,Fashion,T-Shirt,Nike,1599,2299,30,4.5,3428,In Stock,ShopWise Fashion,No Warranty,Maroon,S,Regular Fit,Polyester,Full Sleeve,Round Neck,Solid,Party,Daily Wear,Machine Wash,"Polyester, Regular Fit, Solid, Machine Wash",Nike Training Tee for men made from Polyester. Suitable for party wear with a comfortable regular fit.,https://example.com/images/mens/500167.jpg,https://example.com/products/500167
500168,Allen Solly Casual Shirt,Fashion,Shirt,Allen Solly,1299,1699,24,4.2,6975,In Stock,ShopWise Fashion,No Warranty,Black,XXL,Oversized Fit,Linen,Half Sleeve,Collar Neck,Printed,Gym,College,Machine Wash,"Linen, Oversized Fit, Printed, Machine Wash",Allen Solly Casual Shirt for men made from Linen. Suitable for gym wear with a comfortable oversized fit.,https://example.com/images/mens/500168.jpg,https://example.com/products/500168
500169,US Polo Solid Polo,Fashion,Polo T-Shirt,US Polo,999,1899,47,4.6,13184,In Stock,ShopWise Fashion,No Warranty,Blue,XXL,Oversized Fit,100% Cotton,Half Sleeve,Round Neck,Solid,Party,Travel,Machine Wash,"100% Cotton, Oversized Fit, Solid, Machine Wash",US Polo Solid Polo for men made from 100% Cotton. Suitable for party wear with a comfortable oversized fit.,https://example.com/images/mens/500169.jpg,https://example.com/products/500169
500170,Puma Graphic Tee,Fashion,T-Shirt,Puma,899,1799,50,4.5,10833,In Stock,ShopWise Fashion,No Warranty,White,M,Relaxed Fit,Dry-Fit Fabric,Full Sleeve,Round Neck,Solid,Office,Travel,Machine Wash,"Dry-Fit Fabric, Relaxed Fit, Solid, Machine Wash",Puma Graphic Tee for men made from Dry-Fit Fabric. Suitable for office wear with a comfortable relaxed fit.,https://example.com/images/mens/500170.jpg,https://example.com/products/500170
500171,Zara Premium Shirt,Fashion,Shirt,Zara,2999,3299,9,4.7,7980,In Stock,ShopWise Fashion,No Warranty,Grey,L,Relaxed Fit,Polyester,Full Sleeve,Collar Neck,Checked,Gym,College,Machine Wash,"Polyester, Relaxed Fit, Checked, Machine Wash",Zara Premium Shirt for men made from Polyester. Suitable for gym wear with a comfortable relaxed fit.,https://example.com/images/mens/500171.jpg,https://example.com/products/500171
500172,Nike Training Tee,Fashion,T-Shirt,Nike,1899,2999,37,4.3,7560,In Stock,ShopWise Fashion,No Warranty,Blue,S,Regular Fit,Cotton Blend,Half Sleeve,Round Neck,Printed,Casual,College,Machine Wash,"Cotton Blend, Regular Fit, Printed, Machine Wash",Nike Training Tee for men made from Cotton Blend. Suitable for casual wear with a comfortable regular fit.,https://example.com/images/mens/500172.jpg,https://example.com/products/500172
500173,Puma Active Polo,Fashion,Polo T-Shirt,Puma,1199,2299,48,4.2,1691,In Stock,ShopWise Fashion,No Warranty,White,S,Relaxed Fit,Polyester,Full Sleeve,Round Neck,Striped,Casual,Workout,Machine Wash,"Polyester, Relaxed Fit, Striped, Machine Wash",Puma Active Polo for men made from Polyester. Suitable for casual wear with a comfortable relaxed fit.,https://example.com/images/mens/500173.jpg,https://example.com/products/500173
500174,Adidas Essentials Tee,Fashion,T-Shirt,Adidas,999,1199,17,4.4,4781,In Stock,ShopWise Fashion,No Warranty,Blue,XL,Relaxed Fit,Polyester,Half Sleeve,Round Neck,Solid,Travel,Office,Machine Wash,"Polyester, Relaxed Fit, Solid, Machine Wash",Adidas Essentials Tee for men made from Polyester. Suitable for travel wear with a comfortable relaxed fit.,https://example.com/images/mens/500174.jpg,https://example.com/products/500174
500175,Van Heusen Formal Shirt,Fashion,Shirt,Van Heusen,1799,1999,10,4.5,14093,In Stock,ShopWise Fashion,No Warranty,Green,M,Slim Fit,Cotton Blend,Half Sleeve,Collar Neck,Printed,Gym,Daily Wear,Machine Wash,"Cotton Blend, Slim Fit, Printed, Machine Wash",Van Heusen Formal Shirt for men made from Cotton Blend. Suitable for gym wear with a comfortable slim fit.,https://example.com/images/mens/500175.jpg,https://example.com/products/500175
500176,H&M Basic Tee,Fashion,T-Shirt,H&M,899,1799,50,4.3,12351,In Stock,ShopWise Fashion,No Warranty,Green,M,Oversized Fit,Polyester,Full Sleeve,Round Neck,Solid,Office,Travel,Machine Wash,"Polyester, Oversized Fit, Solid, Machine Wash",H&M Basic Tee for men made from Polyester. Suitable for office wear with a comfortable oversized fit.,https://example.com/images/mens/500176.jpg,https://example.com/products/500176
500177,Zara Regular Tee,Fashion,T-Shirt,Zara,2299,2699,15,4.8,4726,In Stock,ShopWise Fashion,No Warranty,Navy,XL,Slim Fit,Polyester,Full Sleeve,Round Neck,Checked,Gym,Travel,Machine Wash,"Polyester, Slim Fit, Checked, Machine Wash",Zara Regular Tee for men made from Polyester. Suitable for gym wear with a comfortable slim fit.,https://example.com/images/mens/500177.jpg,https://example.com/products/500177
500178,Levi's Logo Tee,Fashion,T-Shirt,Levi's,1599,1899,16,4.3,10745,In Stock,ShopWise Fashion,No Warranty,Olive,S,Regular Fit,Linen,Half Sleeve,Round Neck,Checked,Casual,Travel,Machine Wash,"Linen, Regular Fit, Checked, Machine Wash",Levi's Logo Tee for men made from Linen. Suitable for casual wear with a comfortable regular fit.,https://example.com/images/mens/500178.jpg,https://example.com/products/500178
500179,Zara Regular Tee,Fashion,T-Shirt,Zara,1499,1999,25,4.5,14341,In Stock,ShopWise Fashion,No Warranty,Navy,S,Regular Fit,Dry-Fit Fabric,Full Sleeve,Round Neck,Checked,Office,Workout,Machine Wash,"Dry-Fit Fabric, Regular Fit, Checked, Machine Wash",Zara Regular Tee for men made from Dry-Fit Fabric. Suitable for office wear with a comfortable regular fit.,https://example.com/images/mens/500179.jpg,https://example.com/products/500179
500180,Van Heusen Polo T-Shirt,Fashion,Shirt,Van Heusen,2199,3299,33,4.8,1536,In Stock,ShopWise Fashion,No Warranty,Black,M,Slim Fit,Dry-Fit Fabric,Half Sleeve,Collar Neck,Striped,Party,Office,Machine Wash,"Dry-Fit Fabric, Slim Fit, Striped, Machine Wash",Van Heusen Polo T-Shirt for men made from Dry-Fit Fabric. Suitable for party wear with a comfortable slim fit.,https://example.com/images/mens/500180.jpg,https://example.com/products/500180
500181,Nike Training Tee,Fashion,T-Shirt,Nike,699,1499,53,4.5,12960,In Stock,ShopWise Fashion,No Warranty,Blue,XXL,Relaxed Fit,Polyester,Full Sleeve,Round Neck,Solid,Gym,Travel,Machine Wash,"Polyester, Relaxed Fit, Solid, Machine Wash",Nike Training Tee for men made from Polyester. Suitable for gym wear with a comfortable relaxed fit.,https://example.com/images/mens/500181.jpg,https://example.com/products/500181
500182,H&M Basic Tee,Fashion,T-Shirt,H&M,1599,2399,33,4.4,12132,In Stock,ShopWise Fashion,No Warranty,Grey,XL,Relaxed Fit,100% Cotton,Half Sleeve,Round Neck,Printed,Office,Workout,Machine Wash,"100% Cotton, Relaxed Fit, Printed, Machine Wash",H&M Basic Tee for men made from 100% Cotton. Suitable for office wear with a comfortable relaxed fit.,https://example.com/images/mens/500182.jpg,https://example.com/products/500182
500183,Nike Training Tee,Fashion,T-Shirt,Nike,1399,2299,39,4.2,10132,In Stock,ShopWise Fashion,No Warranty,Green,L,Regular Fit,Dry-Fit Fabric,Full Sleeve,Round Neck,Solid,Office,Travel,Machine Wash,"Dry-Fit Fabric, Regular Fit, Solid, Machine Wash",Nike Training Tee for men made from Dry-Fit Fabric. Suitable for office wear with a comfortable regular fit.,https://example.com/images/mens/500183.jpg,https://example.com/products/500183
500184,Allen Solly Polo T-Shirt,Fashion,Shirt,Allen Solly,2499,3199,22,4.7,7618,In Stock,ShopWise Fashion,No Warranty,Blue,XXL,Relaxed Fit,Linen,Half Sleeve,Collar Neck,Printed,Party,Office,Machine Wash,"Linen, Relaxed Fit, Printed, Machine Wash",Allen Solly Polo T-Shirt for men made from Linen. Suitable for party wear with a comfortable relaxed fit.,https://example.com/images/mens/500184.jpg,https://example.com/products/500184
500185,Allen Solly Polo T-Shirt,Fashion,Shirt,Allen Solly,3199,3699,14,4.2,468,In Stock,ShopWise Fashion,No Warranty,Grey,XXL,Oversized Fit,100% Cotton,Full Sleeve,Collar Neck,Printed,Party,College,Machine Wash,"100% Cotton, Oversized Fit, Printed, Machine Wash",Allen Solly Polo T-Shirt for men made from 100% Cotton. Suitable for party wear with a comfortable oversized fit.,https://example.com/images/mens/500185.jpg,https://example.com/products/500185
500186,Nike Training Tee,Fashion,T-Shirt,Nike,899,1199,25,4.6,11099,In Stock,ShopWise Fashion,No Warranty,Grey,XL,Slim Fit,Cotton Blend,Half Sleeve,Round Neck,Solid,Party,Office,Machine Wash,"Cotton Blend, Slim Fit, Solid, Machine Wash",Nike Training Tee for men made from Cotton Blend. Suitable for party wear with a comfortable slim fit.,https://example.com/images/mens/500186.jpg,https://example.com/products/500186
500187,Van Heusen Formal Shirt,Fashion,Shirt,Van Heusen,1899,2199,14,4.5,8404,In Stock,ShopWise Fashion,No Warranty,Maroon,XXL,Relaxed Fit,Cotton Blend,Full Sleeve,Collar Neck,Solid,Travel,Daily Wear,Machine Wash,"Cotton Blend, Relaxed Fit, Solid, Machine Wash",Van Heusen Formal Shirt for men made from Cotton Blend. Suitable for travel wear with a comfortable relaxed fit.,https://example.com/images/mens/500187.jpg,https://example.com/products/500187
500188,Adidas 3-Stripes Polo,Fashion,Polo T-Shirt,Adidas,1399,2199,36,4.1,9144,In Stock,ShopWise Fashion,No Warranty,Navy,XXL,Relaxed Fit,Polyester,Full Sleeve,Round Neck,Printed,Party,Workout,Machine Wash,"Polyester, Relaxed Fit, Printed, Machine Wash",Adidas 3-Stripes Polo for men made from Polyester. Suitable for party wear with a comfortable relaxed fit.,https://example.com/images/mens/500188.jpg,https://example.com/products/500188
500189,Peter England Cotton Shirt,Fashion,Shirt,Peter England,3599,4399,18,4.3,5072,In Stock,ShopWise Fashion,No Warranty,Navy,L,Regular Fit,Polyester,Half Sleeve,Collar Neck,Striped,Gym,College,Machine Wash,"Polyester, Regular Fit, Striped, Machine Wash",Peter England Cotton Shirt for men made from Polyester. Suitable for gym wear with a comfortable regular fit.,https://example.com/images/mens/500189.jpg,https://example.com/products/500189
500190,Peter England Checked Shirt,Fashion,Shirt,Peter England,2099,2899,28,4.6,1904,In Stock,ShopWise Fashion,No Warranty,Blue,XXL,Oversized Fit,Polyester,Half Sleeve,Collar Neck,Striped,Casual,College,Machine Wash,"Polyester, Oversized Fit, Striped, Machine Wash",Peter England Checked Shirt for men made from Polyester. Suitable for casual wear with a comfortable oversized fit.,https://example.com/images/mens/500190.jpg,https://example.com/products/500190
500191,Nike Sports Polo,Fashion,Polo T-Shirt,Nike,1099,1499,27,4.7,11293,In Stock,ShopWise Fashion,No Warranty,White,M,Oversized Fit,Linen,Full Sleeve,Round Neck,Printed,Gym,Travel,Machine Wash,"Linen, Oversized Fit, Printed, Machine Wash",Nike Sports Polo for men made from Linen. Suitable for gym wear with a comfortable oversized fit.,https://example.com/images/mens/500191.jpg,https://example.com/products/500191
500192,Puma Active Polo,Fashion,Polo T-Shirt,Puma,2499,3499,29,4.1,5314,In Stock,ShopWise Fashion,No Warranty,Grey,L,Relaxed Fit,Dry-Fit Fabric,Half Sleeve,Round Neck,Striped,Office,Travel,Machine Wash,"Dry-Fit Fabric, Relaxed Fit, Striped, Machine Wash",Puma Active Polo for men made from Dry-Fit Fabric. Suitable for office wear with a comfortable relaxed fit.,https://example.com/images/mens/500192.jpg,https://example.com/products/500192
500193,Zara Linen Shirt,Fashion,Shirt,Zara,3699,4199,12,4.3,6127,In Stock,ShopWise Fashion,No Warranty,Blue,S,Slim Fit,Dry-Fit Fabric,Half Sleeve,Collar Neck,Striped,Casual,College,Machine Wash,"Dry-Fit Fabric, Slim Fit, Striped, Machine Wash",Zara Linen Shirt for men made from Dry-Fit Fabric. Suitable for casual wear with a comfortable slim fit.,https://example.com/images/mens/500193.jpg,https://example.com/products/500193
500194,H&M Oversized Tee,Fashion,T-Shirt,H&M,1299,2299,43,4.0,14660,In Stock,ShopWise Fashion,No Warranty,Olive,XXL,Relaxed Fit,Dry-Fit Fabric,Half Sleeve,Round Neck,Solid,Party,Workout,Machine Wash,"Dry-Fit Fabric, Relaxed Fit, Solid, Machine Wash",H&M Oversized Tee for men made from Dry-Fit Fabric. Suitable for party wear with a comfortable relaxed fit.,https://example.com/images/mens/500194.jpg,https://example.com/products/500194
500195,H&M Cotton Shirt,Fashion,Shirt,H&M,2199,2499,12,4.6,10074,In Stock,ShopWise Fashion,No Warranty,Green,M,Oversized Fit,Linen,Half Sleeve,Collar Neck,Striped,Party,Travel,Machine Wash,"Linen, Oversized Fit, Striped, Machine Wash",H&M Cotton Shirt for men made from Linen. Suitable for party wear with a comfortable oversized fit.,https://example.com/images/mens/500195.jpg,https://example.com/products/500195
500196,H&M Cotton Shirt,Fashion,Shirt,H&M,1399,2399,42,4.2,12967,In Stock,ShopWise Fashion,No Warranty,Beige,XL,Oversized Fit,Cotton Blend,Full Sleeve,Collar Neck,Striped,Office,Workout,Machine Wash,"Cotton Blend, Oversized Fit, Striped, Machine Wash",H&M Cotton Shirt for men made from Cotton Blend. Suitable for office wear with a comfortable oversized fit.,https://example.com/images/mens/500196.jpg,https://example.com/products/500196
500197,Van Heusen Formal Shirt,Fashion,Shirt,Van Heusen,2499,3499,29,4.3,8210,In Stock,ShopWise Fashion,No Warranty,Olive,XXL,Oversized Fit,Dry-Fit Fabric,Full Sleeve,Collar Neck,Solid,Travel,Workout,Machine Wash,"Dry-Fit Fabric, Oversized Fit, Solid, Machine Wash",Van Heusen Formal Shirt for men made from Dry-Fit Fabric. Suitable for travel wear with a comfortable oversized fit.,https://example.com/images/mens/500197.jpg,https://example.com/products/500197
500198,US Polo Solid Polo,Fashion,Polo T-Shirt,US Polo,1799,2699,33,4.1,8732,In Stock,ShopWise Fashion,No Warranty,Beige,XL,Oversized Fit,Polyester,Full Sleeve,Round Neck,Printed,Office,Office,Machine Wash,"Polyester, Oversized Fit, Printed, Machine Wash",US Polo Solid Polo for men made from Polyester. Suitable for office wear with a comfortable oversized fit.,https://example.com/images/mens/500198.jpg,https://example.com/products/500198
500199,Levi's Logo Tee,Fashion,T-Shirt,Levi's,999,1199,17,4.7,3268,In Stock,ShopWise Fashion,No Warranty,Beige,XL,Slim Fit,Polyester,Half Sleeve,Round Neck,Solid,Party,Daily Wear,Machine Wash,"Polyester, Slim Fit, Solid, Machine Wash",Levi's Logo Tee for men made from Polyester. Suitable for party wear with a comfortable slim fit.,https://example.com/images/mens/500199.jpg,https://example.com/products/500199
500200,Zara Regular Tee,Fashion,T-Shirt,Zara,2099,3099,32,4.8,3077,In Stock,ShopWise Fashion,No Warranty,Olive,M,Oversized Fit,Linen,Half Sleeve,Round Neck,Printed,Travel,Workout,Machine Wash,"Linen, Oversized Fit, Printed, Machine Wash",Zara Regular Tee for men made from Linen. Suitable for travel wear with a comfortable oversized fit.,https://example.com/images/mens/500200.jpg,https://example.com/products/500200
