product_id,product_name,category,sub_category,brand,price,original_price,discount_percentage,rating,review_count,stock_status,seller,warranty,color,material,weight,features,description,purpose,image_url,product_url
1000001,USI Weight Plate,Sports & Fitness,Strength,USI,4049,4399,8,4.1,14408,In Stock,ShopWise Sports,6 Months,Red,Steel,2 kg,"Premium Material, Lightweight, Professional Grade","USI Weight Plate made from Polyester with premium material, lightweight, professional grade. Suitable for fitness training and daily workouts.","Fitness, Gym, Sports",https://example.com/images/sports/1000001.jpg,https://example.com/products/1000001
1000002,Boldfit Shaker Bottle,Sports & Fitness,Accessories,Boldfit,1499,2399,38,4.7,17255,In Stock,ShopWise Sports,6 Months,Red,Steel,5 kg,"Professional Grade, Beginner Friendly, Anti-Slip","Boldfit Shaker Bottle made from Steel with professional grade, beginner friendly, anti-slip. Suitable for fitness training and daily workouts.","Fitness, Gym, Sports",https://example.com/images/sports/1000002.jpg,https://example.com/products/1000002
1000003,Nivia Shin Guard,Sports & Fitness,Sports,Nivia,5799,6499,11,4.6,6199,In Stock,ShopWise Sports,6 Months,Grey,Cotton,10 kg,"Anti-Slip, Portable, Eco-Friendly","Nivia Shin Guard made from EVA Foam with anti-slip, portable, eco-friendly. Suitable for fitness training and daily workouts.","Fitness, Gym, Sports",https://example.com/images/sports/1000003.jpg,https://example.com/products/1000003
1000004,Decathlon Dumbbell Set,Sports & Fitness,Dumbbells,Decathlon,1949,2849,32,4.2,12743,In Stock,ShopWise Sports,6 Months,Green,Rubber,2 kg,"Premium Material, High Durability, Beginner Friendly","Decathlon Dumbbell Set made from PVC with premium material, high durability, beginner friendly. Suitable for fitness training and daily workouts.","Fitness, Gym, Sports",https://example.com/images/sports/1000004.jpg,https://example.com/products/1000004
1000005,Boldfit Shaker Bottle,Sports & Fitness,Accessories,Boldfit,1199,1599,25,4.3,6572,In Stock,ShopWise Sports,6 Months,Red,Polyester,1 kg,"Sweat Resistant, Lightweight, High Durability","Boldfit Shaker Bottle made from Polyester with sweat resistant, lightweight, high durability. Suitable for fitness training and daily workouts.","Fitness, Gym, Sports",https://example.com/images/sports/1000005.jpg,https://example.com/products/1000005
1000006,Cosco Basketball,Sports & Fitness,Sports,Cosco,3999,4499,11,4.5,2942,In Stock,ShopWise Sports,6 Months,Green,Rubber,5 kg,"Premium Material, Professional Grade, Lightweight","Cosco Basketball made from EVA Foam with premium material, professional grade, lightweight. Suitable for fitness training and daily workouts.","Fitness, Gym, Sports",https://example.com/images/sports/1000006.jpg,https://example.com/products/1000006
1000007,Cosco Cricket Bat,Sports & Fitness,Sports,Cosco,1599,2549,37,4.5,4836,In Stock,ShopWise Sports,6 Months,Black,Cotton,0.5 kg,"High Durability, Beginner Friendly, Lightweight","Cosco Cricket Bat made from Polyester with high durability, beginner friendly, lightweight. Suitable for fitness training and daily workouts.","Fitness, Gym, Sports",https://example.com/images/sports/1000007.jpg,https://example.com/products/1000007
1000008,Decathlon Skipping Rope,Sports & Fitness,Cardio,Decathlon,899,1799,50,4.5,11352,In Stock,ShopWise Sports,6 Months,Green,Rubber,5 kg,"High Durability, Portable, Professional Grade","Decathlon Skipping Rope made from Steel with high durability, portable, professional grade. Suitable for fitness training and daily workouts.","Fitness, Gym, Sports",https://example.com/images/sports/1000008.jpg,https://example.com/products/1000008
1000009,Boldfit Pull-up Band,Sports & Fitness,Resistance Bands,Boldfit,899,1549,42,4.2,5853,In Stock,ShopWise Sports,6 Months,Grey,Steel,0.5 kg,"Portable, High Durability, Premium Material","Boldfit Pull-up Band made from Steel with portable, high durability, premium material. Suitable for fitness training and daily workouts.","Fitness, Gym, Sports",https://example.com/images/sports/1000009.jpg,https://example.com/products/1000009
1000010,Puma Training Bag,Sports & Fitness,Gym Accessories,Puma,2099,2799,25,4.3,2991,In Stock,ShopWise Sports,6 Months,Red,Steel,0.5 kg,"Professional Grade, Eco-Friendly, Beginner Friendly","Puma Training Bag made from Rubber with professional grade, eco-friendly, beginner friendly. Suitable for fitness training and daily workouts.","Fitness, Gym, Sports",https://example.com/images/sports/1000010.jpg,https://example.com/products/1000010
1000011,USI Weight Plate,Sports & Fitness,Strength,USI,5799,5999,3,4.8,6038,In Stock,ShopWise Sports,6 Months,Black,Rubber,0.5 kg,"Sweat Resistant, Professional Grade, Eco-Friendly","USI Weight Plate made from Rubber with sweat resistant, professional grade, eco-friendly. Suitable for fitness training and daily workouts.","Fitness, Gym, Sports",https://example.com/images/sports/1000011.jpg,https://example.com/products/1000011
1000012,Nivia Shin Guard,Sports & Fitness,Sports,Nivia,2999,3499,14,4.3,1859,In Stock,ShopWise Sports,6 Months,Green,Cotton,1 kg,"Lightweight, Eco-Friendly, Premium Material","Nivia Shin Guard made from Cotton with lightweight, eco-friendly, premium material. Suitable for fitness training and daily workouts.","Fitness, Gym, Sports",https://example.com/images/sports/1000012.jpg,https://example.com/products/1000012
1000013,Puma Training Bag,Sports & Fitness,Gym Accessories,Puma,2349,2999,22,4.9,621,In Stock,ShopWise Sports,6 Months,Black,Cotton,5 kg,"Portable, Lightweight, Sweat Resistant","Puma Training Bag made from Cotton with portable, lightweight, sweat resistant. Suitable for fitness training and daily workouts.","Fitness, Gym, Sports",https://example.com/images/sports/1000013.jpg,https://example.com/products/1000013
1000014,Boldfit Pull-up Band,Sports & Fitness,Resistance Bands,Boldfit,1049,1999,48,4.7,6320,In Stock,ShopWise Sports,6 Months,Blue,Polyester,2 kg,"Lightweight, Professional Grade, High Durability","Boldfit Pull-up Band made from Polyester with lightweight, professional grade, high durability. Suitable for fitness training and daily workouts.","Fitness, Gym, Sports",https://example.com/images/sports/1000014.jpg,https://example.com/products/1000014
1000015,Adidas Training Gloves,Sports & Fitness,Gym Accessories,Adidas,999,1449,31,4.3,18319,In Stock,ShopWise Sports,6 Months,Grey,PVC,1 kg,"Anti-Slip, Sweat Resistant, High Durability","Adidas Training Gloves made from Steel with anti-slip, sweat resistant, high durability. Suitable for fitness training and daily workouts.","Fitness, Gym, Sports",https://example.com/images/sports/1000015.jpg,https://example.com/products/1000015
1000016,Nivia Volleyball,Sports & Fitness,Sports,Nivia,2699,3599,25,5.0,15857,In Stock,ShopWise Sports,6 Months,Green,Rubber,10 kg,"Lightweight, Beginner Friendly, Sweat Resistant","Nivia Volleyball made from Rubber with lightweight, beginner friendly, sweat resistant. Suitable for fitness training and daily workouts.","Fitness, Gym, Sports",https://example.com/images/sports/1000016.jpg,https://example.com/products/1000016
1000017,USI Barbell,Sports & Fitness,Strength,USI,6049,6249,3,4.3,6039,In Stock,ShopWise Sports,6 Months,Grey,Polyester,2 kg,"Lightweight, Eco-Friendly, Professional Grade","USI Barbell made from Rubber with lightweight, eco-friendly, professional grade. Suitable for fitness training and daily workouts.","Fitness, Gym, Sports",https://example.com/images/sports/1000017.jpg,https://example.com/products/1000017
1000018,Puma Sports Bottle,Sports & Fitness,Accessories,Puma,699,1399,50,4.5,14769,In Stock,ShopWise Sports,6 Months,Grey,PVC,2 kg,"Sweat Resistant, Lightweight, Premium Material","Puma Sports Bottle made from Polyester with sweat resistant, lightweight, premium material. Suitable for fitness training and daily workouts.","Fitness, Gym, Sports",https://example.com/images/sports/1000018.jpg,https://example.com/products/1000018
1000019,Nivia Shin Guard,Sports & Fitness,Sports,Nivia,4699,4799,2,4.9,18613,In Stock,ShopWise Sports,6 Months,Black,Polyester,5 kg,"Beginner Friendly, Anti-Slip, High Durability","Nivia Shin Guard made from Cotton with beginner friendly, anti-slip, high durability. Suitable for fitness training and daily workouts.","Fitness, Gym, Sports",https://example.com/images/sports/1000019.jpg,https://example.com/products/1000019
1000020,Puma Yoga Mat,Sports & Fitness,Yoga,Puma,949,1899,50,4.1,2299,In Stock,ShopWise Sports,6 Months,Grey,Steel,1 kg,"Lightweight, Anti-Slip, Sweat Resistant","Puma Yoga Mat made from Cotton with lightweight, anti-slip, sweat resistant. Suitable for fitness training and daily workouts.","Fitness, Gym, Sports",https://example.com/images/sports/1000020.jpg,https://example.com/products/1000020
1000021,Puma Yoga Mat,Sports & Fitness,Yoga,Puma,2349,3049,23,4.8,16312,In Stock,ShopWise Sports,6 Months,Green,PVC,2 kg,"Portable, High Durability, Lightweight","Puma Yoga Mat made from Cotton with portable, high durability, lightweight. Suitable for fitness training and daily workouts.","Fitness, Gym, Sports",https://example.com/images/sports/1000021.jpg,https://example.com/products/1000021
1000022,Nike Training Gloves,Sports & Fitness,Gym Accessories,Nike,2199,2899,24,4.6,19451,In Stock,ShopWise Sports,6 Months,Black,Cotton,2 kg,"Sweat Resistant, High Durability, Lightweight","Nike Training Gloves made from Rubber with sweat resistant, high durability, lightweight. Suitable for fitness training and daily workouts.","Fitness, Gym, Sports",https://example.com/images/sports/1000022.jpg,https://example.com/products/1000022
1000023,Adidas Gym Bag,Sports & Fitness,Gym Accessories,Adidas,2849,3199,11,4.9,10472,In Stock,ShopWise Sports,6 Months,Blue,Cotton,1 kg,"Lightweight, Anti-Slip, Portable","Adidas Gym Bag made from PVC with lightweight, anti-slip, portable. Suitable for fitness training and daily workouts.","Fitness, Gym, Sports",https://example.com/images/sports/1000023.jpg,https://example.com/products/1000023
1000024,Adidas Football,Sports & Fitness,Sports,Adidas,5449,6349,14,4.5,14125,In Stock,ShopWise Sports,6 Months,Red,EVA Foam,1 kg,"Portable, Premium Material, Eco-Friendly","Adidas Football made from Cotton with portable, premium material, eco-friendly. Suitable for fitness training and daily workouts.","Fitness, Gym, Sports",https://example.com/images/sports/1000024.jpg,https://example.com/products/1000024
1000025,Decathlon Foam Roller,Sports & Fitness,Recovery,Decathlon,949,1549,39,4.3,5709,In Stock,ShopWise Sports,6 Months,Black,PVC,5 kg,"Beginner Friendly, Lightweight, Portable","Decathlon Foam Roller made from Cotton with beginner friendly, lightweight, portable. Suitable for fitness training and daily workouts.","Fitness, Gym, Sports",https://example.com/images/sports/1000025.jpg,https://example.com/products/1000025
1000026,Puma Yoga Mat,Sports & Fitness,Yoga,Puma,1599,1899,16,4.1,18942,In Stock,ShopWise Sports,6 Months,Grey,EVA Foam,2 kg,"Premium Material, Anti-Slip, Professional Grade","Puma Yoga Mat made from Cotton with premium material, anti-slip, professional grade. Suitable for fitness training and daily workouts.","Fitness, Gym, Sports",https://example.com/images/sports/1000026.jpg,https://example.com/products/1000026
1000027,USI Barbell,Sports & Fitness,Strength,USI,7649,8549,11,4.1,19786,In Stock,ShopWise Sports,6 Months,Black,Cotton,5 kg,"Beginner Friendly, Anti-Slip, Sweat Resistant","USI Barbell made from Polyester with beginner friendly, anti-slip, sweat resistant. Suitable for fitness training and daily workouts.","Fitness, Gym, Sports",https://example.com/images/sports/1000027.jpg,https://example.com/products/1000027
1000028,Nike Training Mat,Sports & Fitness,Yoga,Nike,1949,2899,33,4.2,12497,In Stock,ShopWise Sports,6 Months,Red,Steel,0.5 kg,"Lightweight, Sweat Resistant, Portable","Nike Training Mat made from Cotton with lightweight, sweat resistant, portable. Suitable for fitness training and daily workouts.","Fitness, Gym, Sports",https://example.com/images/sports/1000028.jpg,https://example.com/products/1000028
1000029,Adidas Resistance Band,Sports & Fitness,Resistance Bands,Adidas,999,1349,26,4.3,2314,In Stock,ShopWise Sports,6 Months,Green,EVA Foam,1 kg,"Anti-Slip, Sweat Resistant, Professional Grade","Adidas Resistance Band made from Rubber with anti-slip, sweat resistant, professional grade. Suitable for fitness training and daily workouts.","Fitness, Gym, Sports",https://example.com/images/sports/1000029.jpg,https://example.com/products/1000029
1000030,USI Kettlebell,Sports & Fitness,Strength,USI,8549,9499,10,4.0,14301,In Stock,ShopWise Sports,6 Months,Grey,Steel,10 kg,"High Durability, Lightweight, Eco-Friendly","USI Kettlebell made from Rubber with high durability, lightweight, eco-friendly. Suitable for fitness training and daily workouts.","Fitness, Gym, Sports",https://example.com/images/sports/1000030.jpg,https://example.com/products/1000030
1000031,USI Barbell,Sports & Fitness,Strength,USI,3249,3399,4,4.6,4156,In Stock,ShopWise Sports,6 Months,Blue,Steel,2 kg,"Beginner Friendly, Portable, Premium Material","USI Barbell made from PVC with beginner friendly, portable, premium material. Suitable for fitness training and daily workouts.","Fitness, Gym, Sports",https://example.com/images/sports/1000031.jpg,https://example.com/products/1000031
1000032,Nike Running Bottle,Sports & Fitness,Accessories,Nike,1149,1999,43,4.5,7515,In Stock,ShopWise Sports,6 Months,Grey,PVC,10 kg,"High Durability, Professional Grade, Lightweight","Nike Running Bottle made from Rubber with high durability, professional grade, lightweight. Suitable for fitness training and daily workouts.","Fitness, Gym, Sports",https://example.com/images/sports/1000032.jpg,https://example.com/products/1000032
1000033,USI Barbell,Sports & Fitness,Strength,USI,8349,8749,5,4.5,14097,In Stock,ShopWise Sports,6 Months,Black,Rubber,10 kg,"Portable, Professional Grade, High Durability","USI Barbell made from Rubber with portable, professional grade, high durability. Suitable for fitness training and daily workouts.","Fitness, Gym, Sports",https://example.com/images/sports/1000033.jpg,https://example.com/products/1000033
1000034,Nivia Goalkeeper Gloves,Sports & Fitness,Sports,Nivia,4649,4899,5,4.4,3228,In Stock,ShopWise Sports,6 Months,Red,PVC,1 kg,"Lightweight, Portable, Beginner Friendly","Nivia Goalkeeper Gloves made from EVA Foam with lightweight, portable, beginner friendly. Suitable for fitness training and daily workouts.","Fitness, Gym, Sports",https://example.com/images/sports/1000034.jpg,https://example.com/products/1000034
1000035,Boldfit Pull-up Band,Sports & Fitness,Resistance Bands,Boldfit,1349,1749,23,4.3,14290,In Stock,ShopWise Sports,6 Months,Blue,EVA Foam,1 kg,"Portable, Anti-Slip, Sweat Resistant","Boldfit Pull-up Band made from Steel with portable, anti-slip, sweat resistant. Suitable for fitness training and daily workouts.","Fitness, Gym, Sports",https://example.com/images/sports/1000035.jpg,https://example.com/products/1000035
1000036,Nivia Goalkeeper Gloves,Sports & Fitness,Sports,Nivia,4799,5299,9,4.7,17175,In Stock,ShopWise Sports,6 Months,Red,Cotton,10 kg,"Anti-Slip, Eco-Friendly, Premium Material","Nivia Goalkeeper Gloves made from Rubber with anti-slip, eco-friendly, premium material. Suitable for fitness training and daily workouts.","Fitness, Gym, Sports",https://example.com/images/sports/1000036.jpg,https://example.com/products/1000036
1000037,USI Kettlebell,Sports & Fitness,Strength,USI,8099,8449,4,4.2,11652,In Stock,ShopWise Sports,6 Months,Red,Polyester,10 kg,"High Durability, Portable, Lightweight","USI Kettlebell made from Rubber with high durability, portable, lightweight. Suitable for fitness training and daily workouts.","Fitness, Gym, Sports",https://example.com/images/sports/1000037.jpg,https://example.com/products/1000037
1000038,Boldfit Pull-up Band,Sports & Fitness,Resistance Bands,Boldfit,349,1099,68,4.3,7350,In Stock,ShopWise Sports,6 Months,Grey,Rubber,2 kg,"Professional Grade, Sweat Resistant, Lightweight","Boldfit Pull-up Band made from Rubber with professional grade, sweat resistant, lightweight. Suitable for fitness training and daily workouts.","Fitness, Gym, Sports",https://example.com/images/sports/1000038.jpg,https://example.com/products/1000038
1000039,Nivia Goalkeeper Gloves,Sports & Fitness,Sports,Nivia,2049,2699,24,4.2,12405,In Stock,ShopWise Sports,6 Months,Blue,PVC,2 kg,"Portable, Anti-Slip, Eco-Friendly","Nivia Goalkeeper Gloves made from Rubber with portable, anti-slip, eco-friendly. Suitable for fitness training and daily workouts.","Fitness, Gym, Sports",https://example.com/images/sports/1000039.jpg,https://example.com/products/1000039
1000040,USI Kettlebell,Sports & Fitness,Strength,USI,2299,2699,15,4.9,17068,In Stock,ShopWise Sports,6 Months,Black,Steel,2 kg,"Sweat Resistant, Professional Grade, Beginner Friendly","USI Kettlebell made from Steel with sweat resistant, professional grade, beginner friendly. Suitable for fitness training and daily workouts.","Fitness, Gym, Sports",https://example.com/images/sports/1000040.jpg,https://example.com/products/1000040
1000041,Nivia Volleyball,Sports & Fitness,Sports,Nivia,2649,3149,16,4.9,1177,In Stock,ShopWise Sports,6 Months,Red,Steel,0.5 kg,"Anti-Slip, Eco-Friendly, Sweat Resistant","Nivia Volleyball made from EVA Foam with anti-slip, eco-friendly, sweat resistant. Suitable for fitness training and daily workouts.","Fitness, Gym, Sports",https://example.com/images/sports/1000041.jpg,https://example.com/products/1000041
1000042,Puma Sports Bottle,Sports & Fitness,Accessories,Puma,899,1199,25,4.3,9721,In Stock,ShopWise Sports,6 Months,Grey,EVA Foam,5 kg,"Portable, Beginner Friendly, Anti-Slip","Puma Sports Bottle made from PVC with portable, beginner friendly, anti-slip. Suitable for fitness training and daily workouts.","Fitness, Gym, Sports",https://example.com/images/sports/1000042.jpg,https://example.com/products/1000042
1000043,Cosco Basketball,Sports & Fitness,Sports,Cosco,4599,4749,3,4.6,8353,In Stock,ShopWise Sports,6 Months,Blue,Polyester,2 kg,"Sweat Resistant, Professional Grade, Lightweight","Cosco Basketball made from PVC with sweat resistant, professional grade, lightweight. Suitable for fitness training and daily workouts.","Fitness, Gym, Sports",https://example.com/images/sports/1000043.jpg,https://example.com/products/1000043
1000044,USI Barbell,Sports & Fitness,Strength,USI,8149,8899,8,4.8,14799,In Stock,ShopWise Sports,6 Months,Blue,Polyester,1 kg,"Beginner Friendly, Anti-Slip, Premium Material","USI Barbell made from PVC with beginner friendly, anti-slip, premium material. Suitable for fitness training and daily workouts.","Fitness, Gym, Sports",https://example.com/images/sports/1000044.jpg,https://example.com/products/1000044
1000045,Puma Yoga Mat,Sports & Fitness,Yoga,Puma,2049,2199,7,4.4,4599,In Stock,ShopWise Sports,6 Months,Red,PVC,2 kg,"Beginner Friendly, High Durability, Eco-Friendly","Puma Yoga Mat made from Polyester with beginner friendly, high durability, eco-friendly. Suitable for fitness training and daily workouts.","Fitness, Gym, Sports",https://example.com/images/sports/1000045.jpg,https://example.com/products/1000045
1000046,Nivia Volleyball,Sports & Fitness,Sports,Nivia,4399,4649,5,4.7,4014,In Stock,ShopWise Sports,6 Months,Blue,Steel,10 kg,"Professional Grade, Eco-Friendly, Beginner Friendly","Nivia Volleyball made from Cotton with professional grade, eco-friendly, beginner friendly. Suitable for fitness training and daily workouts.","Fitness, Gym, Sports",https://example.com/images/sports/1000046.jpg,https://example.com/products/1000046
1000047,Boldfit Foam Roller,Sports & Fitness,Recovery,Boldfit,1299,2199,41,4.6,10183,In Stock,ShopWise Sports,6 Months,Green,PVC,10 kg,"Professional Grade, High Durability, Portable","Boldfit Foam Roller made from Rubber with professional grade, high durability, portable. Suitable for fitness training and daily workouts.","Fitness, Gym, Sports",https://example.com/images/sports/1000047.jpg,https://example.com/products/1000047
1000048,USI Barbell,Sports & Fitness,Strength,USI,4299,4549,5,4.9,19545,In Stock,ShopWise Sports,6 Months,Black,EVA Foam,10 kg,"Eco-Friendly, Lightweight, Professional Grade","USI Barbell made from EVA Foam with eco-friendly, lightweight, professional grade. Suitable for fitness training and daily workouts.","Fitness, Gym, Sports",https://example.com/images/sports/1000048.jpg,https://example.com/products/1000048
1000049,Boldfit Foam Roller,Sports & Fitness,Recovery,Boldfit,1099,1349,19,4.3,7611,In Stock,ShopWise Sports,6 Months,Grey,Rubber,2 kg,"Sweat Resistant, Portable, Lightweight","Boldfit Foam Roller made from EVA Foam with sweat resistant, portable, lightweight. Suitable for fitness training and daily workouts.","Fitness, Gym, Sports",https://example.com/images/sports/1000049.jpg,https://example.com/products/1000049
1000050,Cosco Football,Sports & Fitness,Sports,Cosco,5299,5799,9,4.1,14032,In Stock,ShopWise Sports,6 Months,Red,Rubber,2 kg,"Lightweight, Premium Material, Professional Grade","Cosco Football made from PVC with lightweight, premium material, professional grade. Suitable for fitness training and daily workouts.","Fitness, Gym, Sports",https://example.com/images/sports/1000050.jpg,https://example.com/products/1000050
1000051,USI Kettlebell,Sports & Fitness,Strength,USI,7349,7599,3,4.1,19542,In Stock,ShopWise Sports,6 Months,Green,Polyester,10 kg,"Premium Material, Portable, Eco-Friendly","USI Kettlebell made from Rubber with premium material, portable, eco-friendly. Suitable for fitness training and daily workouts.","Fitness, Gym, Sports",https://example.com/images/sports/1000051.jpg,https://example.com/products/1000051
1000052,Nike Gym Bag,Sports & Fitness,Gym Accessories,Nike,649,1249,48,4.7,6421,In Stock,ShopWise Sports,6 Months,Green,Cotton,5 kg,"Anti-Slip, Professional Grade, Beginner Friendly","Nike Gym Bag made from Rubber with anti-slip, professional grade, beginner friendly. Suitable for fitness training and daily workouts.","Fitness, Gym, Sports",https://example.com/images/sports/1000052.jpg,https://example.com/products/1000052
1000053,Puma Sports Bottle,Sports & Fitness,Accessories,Puma,1099,1499,27,4.8,11532,In Stock,ShopWise Sports,6 Months,Black,EVA Foam,2 kg,"Beginner Friendly, High Durability, Anti-Slip","Puma Sports Bottle made from Steel with beginner friendly, high durability, anti-slip. Suitable for fitness training and daily workouts.","Fitness, Gym, Sports",https://example.com/images/sports/1000053.jpg,https://example.com/products/1000053
1000054,Cosco Football,Sports & Fitness,Sports,Cosco,2699,3449,22,4.9,19797,In Stock,ShopWise Sports,6 Months,Red,EVA Foam,1 kg,"Beginner Friendly, Professional Grade, Anti-Slip","Cosco Football made from PVC with beginner friendly, professional grade, anti-slip. Suitable for fitness training and daily workouts.","Fitness, Gym, Sports",https://example.com/images/sports/1000054.jpg,https://example.com/products/1000054
1000055,Nike Training Gloves,Sports & Fitness,Gym Accessories,Nike,1849,2249,18,4.9,4887,In Stock,ShopWise Sports,6 Months,Red,Steel,1 kg,"High Durability, Premium Material, Professional Grade","Nike Training Gloves made from Steel with high durability, premium material, professional grade. Suitable for fitness training and daily workouts.","Fitness, Gym, Sports",https://example.com/images/sports/1000055.jpg,https://example.com/products/1000055
1000056,Adidas Football,Sports & Fitness,Sports,Adidas,599,1149,48,5.0,8182,In Stock,ShopWise Sports,6 Months,Blue,Rubber,2 kg,"Lightweight, Professional Grade, Eco-Friendly","Adidas Football made from Polyester with lightweight, professional grade, eco-friendly. Suitable for fitness training and daily workouts.","Fitness, Gym, Sports",https://example.com/images/sports/1000056.jpg,https://example.com/products/1000056
1000057,Puma Sports Bottle,Sports & Fitness,Accessories,Puma,699,1349,48,4.6,17395,In Stock,ShopWise Sports,6 Months,Black,Polyester,0.5 kg,"Professional Grade, Beginner Friendly, Premium Material","Puma Sports Bottle made from Cotton with professional grade, beginner friendly, premium material. Suitable for fitness training and daily workouts.","Fitness, Gym, Sports",https://example.com/images/sports/1000057.jpg,https://example.com/products/1000057
1000058,Cosco Football,Sports & Fitness,Sports,Cosco,1199,1949,38,4.8,19480,In Stock,ShopWise Sports,6 Months,Red,Cotton,2 kg,"Sweat Resistant, Anti-Slip, Lightweight","Cosco Football made from Steel with sweat resistant, anti-slip, lightweight. Suitable for fitness training and daily workouts.","Fitness, Gym, Sports",https://example.com/images/sports/1000058.jpg,https://example.com/products/1000058
1000059,Boldfit Yoga Mat,Sports & Fitness,Yoga,Boldfit,1599,2149,26,4.0,11760,In Stock,ShopWise Sports,6 Months,Green,PVC,10 kg,"Professional Grade, Lightweight, Anti-Slip","Boldfit Yoga Mat made from Rubber with professional grade, lightweight, anti-slip. Suitable for fitness training and daily workouts.","Fitness, Gym, Sports",https://example.com/images/sports/1000059.jpg,https://example.com/products/1000059
1000060,Puma Sports Bottle,Sports & Fitness,Accessories,Puma,749,1199,38,4.2,6125,In Stock,ShopWise Sports,6 Months,Red,Rubber,2 kg,"Lightweight, Professional Grade, Sweat Resistant","Puma Sports Bottle made from PVC with lightweight, professional grade, sweat resistant. Suitable for fitness training and daily workouts.","Fitness, Gym, Sports",https://example.com/images/sports/1000060.jpg,https://example.com/products/1000060
1000061,Cosco Cricket Bat,Sports & Fitness,Sports,Cosco,2799,3499,20,4.5,7965,In Stock,ShopWise Sports,6 Months,Green,PVC,2 kg,"Premium Material, Lightweight, Beginner Friendly","Cosco Cricket Bat made from EVA Foam with premium material, lightweight, beginner friendly. Suitable for fitness training and daily workouts.","Fitness, Gym, Sports",https://example.com/images/sports/1000061.jpg,https://example.com/products/1000061
1000062,Cosco Football,Sports & Fitness,Sports,Cosco,2499,3099,19,4.5,10891,In Stock,ShopWise Sports,6 Months,Grey,PVC,5 kg,"Professional Grade, Premium Material, Sweat Resistant","Cosco Football made from Rubber with professional grade, premium material, sweat resistant. Suitable for fitness training and daily workouts.","Fitness, Gym, Sports",https://example.com/images/sports/1000062.jpg,https://example.com/products/1000062
1000063,Boldfit Yoga Mat,Sports & Fitness,Yoga,Boldfit,549,1099,50,4.7,17203,In Stock,ShopWise Sports,6 Months,Blue,Steel,1 kg,"Portable, High Durability, Beginner Friendly","Boldfit Yoga Mat made from Polyester with portable, high durability, beginner friendly. Suitable for fitness training and daily workouts.","Fitness, Gym, Sports",https://example.com/images/sports/1000063.jpg,https://example.com/products/1000063
1000064,Nike Running Bottle,Sports & Fitness,Accessories,Nike,199,1099,82,4.8,19059,In Stock,ShopWise Sports,6 Months,Grey,Steel,2 kg,"Anti-Slip, High Durability, Beginner Friendly","Nike Running Bottle made from PVC with anti-slip, high durability, beginner friendly. Suitable for fitness training and daily workouts.","Fitness, Gym, Sports",https://example.com/images/sports/1000064.jpg,https://example.com/products/1000064
1000065,Puma Sports Bottle,Sports & Fitness,Accessories,Puma,649,899,28,4.7,2830,In Stock,ShopWise Sports,6 Months,Blue,Cotton,10 kg,"Premium Material, Sweat Resistant, Beginner Friendly","Puma Sports Bottle made from Polyester with premium material, sweat resistant, beginner friendly. Suitable for fitness training and daily workouts.","Fitness, Gym, Sports",https://example.com/images/sports/1000065.jpg,https://example.com/products/1000065
1000066,Decathlon Skipping Rope,Sports & Fitness,Cardio,Decathlon,1699,2449,31,4.9,11978,In Stock,ShopWise Sports,6 Months,Red,EVA Foam,1 kg,"Sweat Resistant, Professional Grade, High Durability","Decathlon Skipping Rope made from PVC with sweat resistant, professional grade, high durability. Suitable for fitness training and daily workouts.","Fitness, Gym, Sports",https://example.com/images/sports/1000066.jpg,https://example.com/products/1000066
1000067,Puma Sports Bottle,Sports & Fitness,Accessories,Puma,999,1399,29,4.4,5568,In Stock,ShopWise Sports,6 Months,Grey,Polyester,2 kg,"High Durability, Beginner Friendly, Premium Material","Puma Sports Bottle made from Rubber with high durability, beginner friendly, premium material. Suitable for fitness training and daily workouts.","Fitness, Gym, Sports",https://example.com/images/sports/1000067.jpg,https://example.com/products/1000067
1000068,Boldfit Foam Roller,Sports & Fitness,Recovery,Boldfit,1649,2549,35,4.7,10095,In Stock,ShopWise Sports,6 Months,Green,EVA Foam,10 kg,"Anti-Slip, Portable, Eco-Friendly","Boldfit Foam Roller made from Steel with anti-slip, portable, eco-friendly. Suitable for fitness training and daily workouts.","Fitness, Gym, Sports",https://example.com/images/sports/1000068.jpg,https://example.com/products/1000068
1000069,USI Kettlebell,Sports & Fitness,Strength,USI,2899,3249,11,4.0,3568,In Stock,ShopWise Sports,6 Months,Blue,Steel,5 kg,"Premium Material, Eco-Friendly, Anti-Slip","USI Kettlebell made from Rubber with premium material, eco-friendly, anti-slip. Suitable for fitness training and daily workouts.","Fitness, Gym, Sports",https://example.com/images/sports/1000069.jpg,https://example.com/products/1000069
1000070,Adidas Training Gloves,Sports & Fitness,Gym Accessories,Adidas,749,999,25,4.2,19760,In Stock,ShopWise Sports,6 Months,Blue,Polyester,5 kg,"Sweat Resistant, Beginner Friendly, Premium Material","Adidas Training Gloves made from Polyester with sweat resistant, beginner friendly, premium material. Suitable for fitness training and daily workouts.","Fitness, Gym, Sports",https://example.com/images/sports/1000070.jpg,https://example.com/products/1000070
1000071,Adidas Gym Bag,Sports & Fitness,Gym Accessories,Adidas,1699,2549,33,4.5,18858,In Stock,ShopWise Sports,6 Months,Blue,Polyester,2 kg,"Portable, Lightweight, Professional Grade","Adidas Gym Bag made from Polyester with portable, lightweight, professional grade. Suitable for fitness training and daily workouts.","Fitness, Gym, Sports",https://example.com/images/sports/1000071.jpg,https://example.com/products/1000071
1000072,Cosco Badminton Racket,Sports & Fitness,Sports,Cosco,2849,3599,21,4.3,15032,In Stock,ShopWise Sports,6 Months,Red,PVC,0.5 kg,"Professional Grade, Premium Material, Eco-Friendly","Cosco Badminton Racket made from Steel with professional grade, premium material, eco-friendly. Suitable for fitness training and daily workouts.","Fitness, Gym, Sports",https://example.com/images/sports/1000072.jpg,https://example.com/products/1000072
1000073,Nivia Volleyball,Sports & Fitness,Sports,Nivia,1249,2199,43,4.0,8556,In Stock,ShopWise Sports,6 Months,Green,Steel,10 kg,"Beginner Friendly, Premium Material, Lightweight","Nivia Volleyball made from Rubber with beginner friendly, premium material, lightweight. Suitable for fitness training and daily workouts.","Fitness, Gym, Sports",https://example.com/images/sports/1000073.jpg,https://example.com/products/1000073
1000074,Boldfit Foam Roller,Sports & Fitness,Recovery,Boldfit,2149,2649,19,4.1,8259,In Stock,ShopWise Sports,6 Months,Black,Rubber,1 kg,"Sweat Resistant, High Durability, Portable","Boldfit Foam Roller made from Cotton with sweat resistant, high durability, portable. Suitable for fitness training and daily workouts.","Fitness, Gym, Sports",https://example.com/images/sports/1000074.jpg,https://example.com/products/1000074
1000075,Nike Running Bottle,Sports & Fitness,Accessories,Nike,599,1249,52,4.9,7976,In Stock,ShopWise Sports,6 Months,Red,Polyester,10 kg,"Beginner Friendly, Anti-Slip, Premium Material","Nike Running Bottle made from EVA Foam with beginner friendly, anti-slip, premium material. Suitable for fitness training and daily workouts.","Fitness, Gym, Sports",https://example.com/images/sports/1000075.jpg,https://example.com/products/1000075
1000076,Cosco Football,Sports & Fitness,Sports,Cosco,3049,3749,19,4.2,17883,In Stock,ShopWise Sports,6 Months,Green,Cotton,2 kg,"Beginner Friendly, Premium Material, Portable","Cosco Football made from PVC with beginner friendly, premium material, portable. Suitable for fitness training and daily workouts.","Fitness, Gym, Sports",https://example.com/images/sports/1000076.jpg,https://example.com/products/1000076
1000077,Nivia Football,Sports & Fitness,Sports,Nivia,499,799,38,4.8,6745,In Stock,ShopWise Sports,6 Months,Red,Polyester,5 kg,"Lightweight, Portable, Eco-Friendly","Nivia Football made from PVC with lightweight, portable, eco-friendly. Suitable for fitness training and daily workouts.","Fitness, Gym, Sports",https://example.com/images/sports/1000077.jpg,https://example.com/products/1000077
1000078,Nivia Volleyball,Sports & Fitness,Sports,Nivia,2299,3249,29,4.4,17050,In Stock,ShopWise Sports,6 Months,Black,Rubber,0.5 kg,"Beginner Friendly, High Durability, Anti-Slip","Nivia Volleyball made from Polyester with beginner friendly, high durability, anti-slip. Suitable for fitness training and daily workouts.","Fitness, Gym, Sports",https://example.com/images/sports/1000078.jpg,https://example.com/products/1000078
1000079,Puma Training Bag,Sports & Fitness,Gym Accessories,Puma,2749,3399,19,4.6,1784,In Stock,ShopWise Sports,6 Months,Red,Rubber,2 kg,"Professional Grade, Anti-Slip, Sweat Resistant","Puma Training Bag made from Steel with professional grade, anti-slip, sweat resistant. Suitable for fitness training and daily workouts.","Fitness, Gym, Sports",https://example.com/images/sports/1000079.jpg,https://example.com/products/1000079
1000080,Puma Yoga Mat,Sports & Fitness,Yoga,Puma,549,649,15,4.6,809,In Stock,ShopWise Sports,6 Months,Grey,Polyester,0.5 kg,"Beginner Friendly, Professional Grade, Eco-Friendly","Puma Yoga Mat made from Rubber with beginner friendly, professional grade, eco-friendly. Suitable for fitness training and daily workouts.","Fitness, Gym, Sports",https://example.com/images/sports/1000080.jpg,https://example.com/products/1000080
1000081,Nike Training Mat,Sports & Fitness,Yoga,Nike,749,1599,53,4.2,3199,In Stock,ShopWise Sports,6 Months,Green,PVC,0.5 kg,"Sweat Resistant, Eco-Friendly, Lightweight","Nike Training Mat made from PVC with sweat resistant, eco-friendly, lightweight. Suitable for fitness training and daily workouts.","Fitness, Gym, Sports",https://example.com/images/sports/1000081.jpg,https://example.com/products/1000081
1000082,USI Kettlebell,Sports & Fitness,Strength,USI,5849,6199,6,5.0,16862,In Stock,ShopWise Sports,6 Months,Blue,Steel,10 kg,"Lightweight, Eco-Friendly, Beginner Friendly","USI Kettlebell made from Cotton with lightweight, eco-friendly, beginner friendly. Suitable for fitness training and daily workouts.","Fitness, Gym, Sports",https://example.com/images/sports/1000082.jpg,https://example.com/products/1000082
1000083,Decathlon Foam Roller,Sports & Fitness,Recovery,Decathlon,849,1449,41,4.1,4399,In Stock,ShopWise Sports,6 Months,Red,EVA Foam,5 kg,"High Durability, Eco-Friendly, Premium Material","Decathlon Foam Roller made from PVC with high durability, eco-friendly, premium material. Suitable for fitness training and daily workouts.","Fitness, Gym, Sports",https://example.com/images/sports/1000083.jpg,https://example.com/products/1000083
1000084,Puma Yoga Mat,Sports & Fitness,Yoga,Puma,799,1499,47,5.0,2768,In Stock,ShopWise Sports,6 Months,Grey,Steel,0.5 kg,"Anti-Slip, High Durability, Lightweight","Puma Yoga Mat made from Cotton with anti-slip, high durability, lightweight. Suitable for fitness training and daily workouts.","Fitness, Gym, Sports",https://example.com/images/sports/1000084.jpg,https://example.com/products/1000084
1000085,Decathlon Yoga Mat,Sports & Fitness,Yoga,Decathlon,1249,1649,24,4.8,3596,In Stock,ShopWise Sports,6 Months,Green,Steel,0.5 kg,"Portable, Eco-Friendly, High Durability","Decathlon Yoga Mat made from Rubber with portable, eco-friendly, high durability. Suitable for fitness training and daily workouts.","Fitness, Gym, Sports",https://example.com/images/sports/1000085.jpg,https://example.com/products/1000085
1000086,Nike Gym Bag,Sports & Fitness,Gym Accessories,Nike,2649,2849,7,4.3,2006,In Stock,ShopWise Sports,6 Months,Blue,PVC,10 kg,"High Durability, Premium Material, Professional Grade","Nike Gym Bag made from Rubber with high durability, premium material, professional grade. Suitable for fitness training and daily workouts.","Fitness, Gym, Sports",https://example.com/images/sports/1000086.jpg,https://example.com/products/1000086
1000087,Nivia Goalkeeper Gloves,Sports & Fitness,Sports,Nivia,3249,3549,8,5.0,14256,In Stock,ShopWise Sports,6 Months,Black,PVC,5 kg,"Portable, Professional Grade, Premium Material","Nivia Goalkeeper Gloves made from Rubber with portable, professional grade, premium material. Suitable for fitness training and daily workouts.","Fitness, Gym, Sports",https://example.com/images/sports/1000087.jpg,https://example.com/products/1000087
1000088,Adidas Training Gloves,Sports & Fitness,Gym Accessories,Adidas,2949,3049,3,4.5,4362,In Stock,ShopWise Sports,6 Months,Blue,Cotton,2 kg,"Sweat Resistant, Professional Grade, Beginner Friendly","Adidas Training Gloves made from PVC with sweat resistant, professional grade, beginner friendly. Suitable for fitness training and daily workouts.","Fitness, Gym, Sports",https://example.com/images/sports/1000088.jpg,https://example.com/products/1000088
1000089,Adidas Resistance Band,Sports & Fitness,Resistance Bands,Adidas,749,1699,56,4.8,6125,In Stock,ShopWise Sports,6 Months,Grey,PVC,10 kg,"Eco-Friendly, Beginner Friendly, Sweat Resistant","Adidas Resistance Band made from Polyester with eco-friendly, beginner friendly, sweat resistant. Suitable for fitness training and daily workouts.","Fitness, Gym, Sports",https://example.com/images/sports/1000089.jpg,https://example.com/products/1000089
1000090,USI Barbell,Sports & Fitness,Strength,USI,4149,4249,2,4.4,3316,In Stock,ShopWise Sports,6 Months,Grey,Polyester,5 kg,"High Durability, Eco-Friendly, Anti-Slip","USI Barbell made from Steel with high durability, eco-friendly, anti-slip. Suitable for fitness training and daily workouts.","Fitness, Gym, Sports",https://example.com/images/sports/1000090.jpg,https://example.com/products/1000090
1000091,Decathlon Foam Roller,Sports & Fitness,Recovery,Decathlon,849,1549,45,4.3,893,In Stock,ShopWise Sports,6 Months,Green,Cotton,2 kg,"Portable, Lightweight, Professional Grade","Decathlon Foam Roller made from Cotton with portable, lightweight, professional grade. Suitable for fitness training and daily workouts.","Fitness, Gym, Sports",https://example.com/images/sports/1000091.jpg,https://example.com/products/1000091
1000092,Nike Training Gloves,Sports & Fitness,Gym Accessories,Nike,1599,2199,27,4.4,653,In Stock,ShopWise Sports,6 Months,Green,EVA Foam,10 kg,"Sweat Resistant, Anti-Slip, Eco-Friendly","Nike Training Gloves made from EVA Foam with sweat resistant, anti-slip, eco-friendly. Suitable for fitness training and daily workouts.","Fitness, Gym, Sports",https://example.com/images/sports/1000092.jpg,https://example.com/products/1000092
1000093,Boldfit Foam Roller,Sports & Fitness,Recovery,Boldfit,1149,1799,36,4.1,7000,In Stock,ShopWise Sports,6 Months,Grey,Polyester,0.5 kg,"Portable, Lightweight, Eco-Friendly","Boldfit Foam Roller made from Polyester with portable, lightweight, eco-friendly. Suitable for fitness training and daily workouts.","Fitness, Gym, Sports",https://example.com/images/sports/1000093.jpg,https://example.com/products/1000093
1000094,USI Barbell,Sports & Fitness,Strength,USI,2799,3499,20,4.1,6436,In Stock,ShopWise Sports,6 Months,Red,EVA Foam,2 kg,"Professional Grade, Premium Material, Eco-Friendly","USI Barbell made from Polyester with professional grade, premium material, eco-friendly. Suitable for fitness training and daily workouts.","Fitness, Gym, Sports",https://example.com/images/sports/1000094.jpg,https://example.com/products/1000094
1000095,Adidas Gym Bag,Sports & Fitness,Gym Accessories,Adidas,1199,1599,25,4.4,12976,In Stock,ShopWise Sports,6 Months,Grey,Polyester,0.5 kg,"Anti-Slip, Portable, Beginner Friendly","Adidas Gym Bag made from EVA Foam with anti-slip, portable, beginner friendly. Suitable for fitness training and daily workouts.","Fitness, Gym, Sports",https://example.com/images/sports/1000095.jpg,https://example.com/products/1000095
1000096,Adidas Resistance Band,Sports & Fitness,Resistance Bands,Adidas,549,1299,58,4.5,14240,In Stock,ShopWise Sports,6 Months,Green,EVA Foam,5 kg,"Beginner Friendly, Lightweight, Portable","Adidas Resistance Band made from Steel with beginner friendly, lightweight, portable. Suitable for fitness training and daily workouts.","Fitness, Gym, Sports",https://example.com/images/sports/1000096.jpg,https://example.com/products/1000096
1000097,Puma Sports Bottle,Sports & Fitness,Accessories,Puma,249,749,67,4.9,16610,In Stock,ShopWise Sports,6 Months,Red,Steel,10 kg,"Professional Grade, Beginner Friendly, Portable","Puma Sports Bottle made from Steel with professional grade, beginner friendly, portable. Suitable for fitness training and daily workouts.","Fitness, Gym, Sports",https://example.com/images/sports/1000097.jpg,https://example.com/products/1000097
1000098,Nivia Shin Guard,Sports & Fitness,Sports,Nivia,5799,6399,9,4.1,14722,In Stock,ShopWise Sports,6 Months,Blue,Cotton,2 kg,"Professional Grade, Sweat Resistant, Portable","Nivia Shin Guard made from Steel with professional grade, sweat resistant, portable. Suitable for fitness training and daily workouts.","Fitness, Gym, Sports",https://example.com/images/sports/1000098.jpg,https://example.com/products/1000098
1000099,Nivia Shin Guard,Sports & Fitness,Sports,Nivia,849,1449,41,4.7,14193,In Stock,ShopWise Sports,6 Months,Black,EVA Foam,2 kg,"Sweat Resistant, Professional Grade, Beginner Friendly","Nivia Shin Guard made from EVA Foam with sweat resistant, professional grade, beginner friendly. Suitable for fitness training and daily workouts.","Fitness, Gym, Sports",https://example.com/images/sports/1000099.jpg,https://example.com/products/1000099
1000100,Boldfit Foam Roller,Sports & Fitness,Recovery,Boldfit,1999,2099,5,4.1,19745,In Stock,ShopWise Sports,6 Months,Red,Steel,1 kg,"Beginner Friendly, Anti-Slip, Lightweight","Boldfit Foam Roller made from Steel with beginner friendly, anti-slip, lightweight. Suitable for fitness training and daily workouts.","Fitness, Gym, Sports",https://example.com/images/sports/1000100.jpg,https://example.com/products/1000100
1000101,Nike Gym Bag,Sports & Fitness,Gym Accessories,Nike,1799,2499,28,4.1,18864,In Stock,ShopWise Sports,6 Months,Green,Steel,1 kg,"Eco-Friendly, Professional Grade, Beginner Friendly","Nike Gym Bag made from EVA Foam with eco-friendly, professional grade, beginner friendly. Suitable for fitness training and daily workouts.","Fitness, Gym, Sports",https://example.com/images/sports/1000101.jpg,https://example.com/products/1000101
1000102,Nike Training Gloves,Sports & Fitness,Gym Accessories,Nike,1249,1649,24,4.5,16311,In Stock,ShopWise Sports,6 Months,Black,Polyester,10 kg,"Sweat Resistant, Eco-Friendly, Professional Grade","Nike Training Gloves made from Rubber with sweat resistant, eco-friendly, professional grade. Suitable for fitness training and daily workouts.","Fitness, Gym, Sports",https://example.com/images/sports/1000102.jpg,https://example.com/products/1000102
1000103,Adidas Gym Bag,Sports & Fitness,Gym Accessories,Adidas,1699,1849,8,4.6,5829,In Stock,ShopWise Sports,6 Months,Blue,EVA Foam,0.5 kg,"High Durability, Beginner Friendly, Premium Material","Adidas Gym Bag made from PVC with high durability, beginner friendly, premium material. Suitable for fitness training and daily workouts.","Fitness, Gym, Sports",https://example.com/images/sports/1000103.jpg,https://example.com/products/1000103
1000104,Cosco Cricket Bat,Sports & Fitness,Sports,Cosco,1049,1849,43,4.4,5597,In Stock,ShopWise Sports,6 Months,Green,EVA Foam,1 kg,"Sweat Resistant, Beginner Friendly, Anti-Slip","Cosco Cricket Bat made from Cotton with sweat resistant, beginner friendly, anti-slip. Suitable for fitness training and daily workouts.","Fitness, Gym, Sports",https://example.com/images/sports/1000104.jpg,https://example.com/products/1000104
1000105,Nike Training Mat,Sports & Fitness,Yoga,Nike,1349,1549,13,4.0,18351,In Stock,ShopWise Sports,6 Months,Green,PVC,10 kg,"Lightweight, High Durability, Anti-Slip","Nike Training Mat made from EVA Foam with lightweight, high durability, anti-slip. Suitable for fitness training and daily workouts.","Fitness, Gym, Sports",https://example.com/images/sports/1000105.jpg,https://example.com/products/1000105
1000106,Nivia Shin Guard,Sports & Fitness,Sports,Nivia,5649,6049,7,4.7,18607,In Stock,ShopWise Sports,6 Months,Blue,Polyester,2 kg,"Beginner Friendly, Sweat Resistant, Professional Grade","Nivia Shin Guard made from EVA Foam with beginner friendly, sweat resistant, professional grade. Suitable for fitness training and daily workouts.","Fitness, Gym, Sports",https://example.com/images/sports/1000106.jpg,https://example.com/products/1000106
1000107,Nivia Volleyball,Sports & Fitness,Sports,Nivia,649,849,24,4.4,11360,In Stock,ShopWise Sports,6 Months,Black,Steel,10 kg,"Portable, Sweat Resistant, Premium Material","Nivia Volleyball made from Polyester with portable, sweat resistant, premium material. Suitable for fitness training and daily workouts.","Fitness, Gym, Sports",https://example.com/images/sports/1000107.jpg,https://example.com/products/1000107
1000108,Cosco Badminton Racket,Sports & Fitness,Sports,Cosco,4349,5249,17,4.2,6621,In Stock,ShopWise Sports,6 Months,Red,EVA Foam,1 kg,"Professional Grade, Anti-Slip, Premium Material","Cosco Badminton Racket made from Polyester with professional grade, anti-slip, premium material. Suitable for fitness training and daily workouts.","Fitness, Gym, Sports",https://example.com/images/sports/1000108.jpg,https://example.com/products/1000108
1000109,Nivia Volleyball,Sports & Fitness,Sports,Nivia,1749,2699,35,4.5,388,In Stock,ShopWise Sports,6 Months,Red,Rubber,2 kg,"Sweat Resistant, Beginner Friendly, Professional Grade","Nivia Volleyball made from PVC with sweat resistant, beginner friendly, professional grade. Suitable for fitness training and daily workouts.","Fitness, Gym, Sports",https://example.com/images/sports/1000109.jpg,https://example.com/products/1000109
1000110,Decathlon Foam Roller,Sports & Fitness,Recovery,Decathlon,2499,2699,7,4.9,17394,In Stock,ShopWise Sports,6 Months,Green,Steel,10 kg,"High Durability, Professional Grade, Beginner Friendly","Decathlon Foam Roller made from Polyester with high durability, professional grade, beginner friendly. Suitable for fitness training and daily workouts.","Fitness, Gym, Sports",https://example.com/images/sports/1000110.jpg,https://example.com/products/1000110
1000111,USI Barbell,Sports & Fitness,Strength,USI,8649,9099,5,4.8,87,In Stock,ShopWise Sports,6 Months,Green,Rubber,10 kg,"Beginner Friendly, Professional Grade, Sweat Resistant","USI Barbell made from Polyester with beginner friendly, professional grade, sweat resistant. Suitable for fitness training and daily workouts.","Fitness, Gym, Sports",https://example.com/images/sports/1000111.jpg,https://example.com/products/1000111
1000112,Cosco Football,Sports & Fitness,Sports,Cosco,4799,5499,13,4.2,4210,In Stock,ShopWise Sports,6 Months,Red,Polyester,10 kg,"Eco-Friendly, Sweat Resistant, Beginner Friendly","Cosco Football made from Steel with eco-friendly, sweat resistant, beginner friendly. Suitable for fitness training and daily workouts.","Fitness, Gym, Sports",https://example.com/images/sports/1000112.jpg,https://example.com/products/1000112
1000113,Cosco Cricket Bat,Sports & Fitness,Sports,Cosco,2749,3099,11,4.5,15912,In Stock,ShopWise Sports,6 Months,Black,Cotton,0.5 kg,"High Durability, Beginner Friendly, Eco-Friendly","Cosco Cricket Bat made from PVC with high durability, beginner friendly, eco-friendly. Suitable for fitness training and daily workouts.","Fitness, Gym, Sports",https://example.com/images/sports/1000113.jpg,https://example.com/products/1000113
1000114,Adidas Gym Bag,Sports & Fitness,Gym Accessories,Adidas,2449,2649,8,4.7,7355,In Stock,ShopWise Sports,6 Months,Green,Polyester,0.5 kg,"Portable, Sweat Resistant, Professional Grade","Adidas Gym Bag made from PVC with portable, sweat resistant, professional grade. Suitable for fitness training and daily workouts.","Fitness, Gym, Sports",https://example.com/images/sports/1000114.jpg,https://example.com/products/1000114
1000115,Nike Gym Bag,Sports & Fitness,Gym Accessories,Nike,1499,2099,29,4.9,7489,In Stock,ShopWise Sports,6 Months,Red,Polyester,1 kg,"Beginner Friendly, Lightweight, Professional Grade","Nike Gym Bag made from Rubber with beginner friendly, lightweight, professional grade. Suitable for fitness training and daily workouts.","Fitness, Gym, Sports",https://example.com/images/sports/1000115.jpg,https://example.com/products/1000115
1000116,Adidas Training Gloves,Sports & Fitness,Gym Accessories,Adidas,999,1299,23,4.2,8884,In Stock,ShopWise Sports,6 Months,Blue,PVC,1 kg,"Anti-Slip, Eco-Friendly, Beginner Friendly","Adidas Training Gloves made from PVC with anti-slip, eco-friendly, beginner friendly. Suitable for fitness training and daily workouts.","Fitness, Gym, Sports",https://example.com/images/sports/1000116.jpg,https://example.com/products/1000116
1000117,Puma Sports Bottle,Sports & Fitness,Accessories,Puma,1049,1799,42,4.3,7076,In Stock,ShopWise Sports,6 Months,Red,Steel,10 kg,"Lightweight, Anti-Slip, High Durability","Puma Sports Bottle made from Steel with lightweight, anti-slip, high durability. Suitable for fitness training and daily workouts.","Fitness, Gym, Sports",https://example.com/images/sports/1000117.jpg,https://example.com/products/1000117
1000118,Puma Sports Bottle,Sports & Fitness,Accessories,Puma,799,1299,38,4.0,2384,In Stock,ShopWise Sports,6 Months,Blue,Cotton,2 kg,"Sweat Resistant, Premium Material, Lightweight","Puma Sports Bottle made from EVA Foam with sweat resistant, premium material, lightweight. Suitable for fitness training and daily workouts.","Fitness, Gym, Sports",https://example.com/images/sports/1000118.jpg,https://example.com/products/1000118
1000119,Cosco Football,Sports & Fitness,Sports,Cosco,649,1499,57,4.6,10827,In Stock,ShopWise Sports,6 Months,Blue,Rubber,5 kg,"Anti-Slip, Professional Grade, Lightweight","Cosco Football made from Polyester with anti-slip, professional grade, lightweight. Suitable for fitness training and daily workouts.","Fitness, Gym, Sports",https://example.com/images/sports/1000119.jpg,https://example.com/products/1000119
1000120,Cosco Cricket Bat,Sports & Fitness,Sports,Cosco,5699,6299,10,4.7,19543,In Stock,ShopWise Sports,6 Months,Blue,Cotton,2 kg,"Sweat Resistant, Anti-Slip, Beginner Friendly","Cosco Cricket Bat made from Rubber with sweat resistant, anti-slip, beginner friendly. Suitable for fitness training and daily workouts.","Fitness, Gym, Sports",https://example.com/images/sports/1000120.jpg,https://example.com/products/1000120
1000121,USI Kettlebell,Sports & Fitness,Strength,USI,6999,7799,10,4.0,19149,In Stock,ShopWise Sports,6 Months,Green,Steel,5 kg,"Sweat Resistant, Lightweight, Beginner Friendly","USI Kettlebell made from Polyester with sweat resistant, lightweight, beginner friendly. Suitable for fitness training and daily workouts.","Fitness, Gym, Sports",https://example.com/images/sports/1000121.jpg,https://example.com/products/1000121
1000122,USI Kettlebell,Sports & Fitness,Strength,USI,5749,6299,9,4.9,16036,In Stock,ShopWise Sports,6 Months,Blue,Rubber,2 kg,"High Durability, Sweat Resistant, Portable","USI Kettlebell made from Rubber with high durability, sweat resistant, portable. Suitable for fitness training and daily workouts.","Fitness, Gym, Sports",https://example.com/images/sports/1000122.jpg,https://example.com/products/1000122
1000123,USI Kettlebell,Sports & Fitness,Strength,USI,5049,5899,14,4.8,11318,In Stock,ShopWise Sports,6 Months,Green,Rubber,1 kg,"Eco-Friendly, Sweat Resistant, Lightweight","USI Kettlebell made from Steel with eco-friendly, sweat resistant, lightweight. Suitable for fitness training and daily workouts.","Fitness, Gym, Sports",https://example.com/images/sports/1000123.jpg,https://example.com/products/1000123
1000124,Boldfit Pull-up Band,Sports & Fitness,Resistance Bands,Boldfit,1099,1249,12,4.6,10889,In Stock,ShopWise Sports,6 Months,Black,PVC,10 kg,"Beginner Friendly, Professional Grade, Anti-Slip","Boldfit Pull-up Band made from Cotton with beginner friendly, professional grade, anti-slip. Suitable for fitness training and daily workouts.","Fitness, Gym, Sports",https://example.com/images/sports/1000124.jpg,https://example.com/products/1000124
1000125,Cosco Football,Sports & Fitness,Sports,Cosco,1149,1599,28,4.2,14871,In Stock,ShopWise Sports,6 Months,Blue,EVA Foam,10 kg,"Sweat Resistant, High Durability, Eco-Friendly","Cosco Football made from PVC with sweat resistant, high durability, eco-friendly. Suitable for fitness training and daily workouts.","Fitness, Gym, Sports",https://example.com/images/sports/1000125.jpg,https://example.com/products/1000125
1000126,USI Barbell,Sports & Fitness,Strength,USI,2899,3399,15,4.1,10056,In Stock,ShopWise Sports,6 Months,Green,Polyester,1 kg,"Sweat Resistant, High Durability, Professional Grade","USI Barbell made from Cotton with sweat resistant, high durability, professional grade. Suitable for fitness training and daily workouts.","Fitness, Gym, Sports",https://example.com/images/sports/1000126.jpg,https://example.com/products/1000126
1000127,Adidas Training Gloves,Sports & Fitness,Gym Accessories,Adidas,2649,2999,12,4.1,15187,In Stock,ShopWise Sports,6 Months,Black,Cotton,1 kg,"Portable, High Durability, Professional Grade","Adidas Training Gloves made from Steel with portable, high durability, professional grade. Suitable for fitness training and daily workouts.","Fitness, Gym, Sports",https://example.com/images/sports/1000127.jpg,https://example.com/products/1000127
1000128,USI Barbell,Sports & Fitness,Strength,USI,8099,8849,8,4.9,1100,In Stock,ShopWise Sports,6 Months,Blue,Polyester,5 kg,"Eco-Friendly, Sweat Resistant, Premium Material","USI Barbell made from Cotton with eco-friendly, sweat resistant, premium material. Suitable for fitness training and daily workouts.","Fitness, Gym, Sports",https://example.com/images/sports/1000128.jpg,https://example.com/products/1000128
1000129,Cosco Badminton Racket,Sports & Fitness,Sports,Cosco,4499,5149,13,4.1,10249,In Stock,ShopWise Sports,6 Months,Black,PVC,0.5 kg,"Sweat Resistant, Eco-Friendly, High Durability","Cosco Badminton Racket made from EVA Foam with sweat resistant, eco-friendly, high durability. Suitable for fitness training and daily workouts.","Fitness, Gym, Sports",https://example.com/images/sports/1000129.jpg,https://example.com/products/1000129
1000130,USI Kettlebell,Sports & Fitness,Strength,USI,1249,1399,11,4.4,13550,In Stock,ShopWise Sports,6 Months,Blue,EVA Foam,10 kg,"Premium Material, High Durability, Beginner Friendly","USI Kettlebell made from Steel with premium material, high durability, beginner friendly. Suitable for fitness training and daily workouts.","Fitness, Gym, Sports",https://example.com/images/sports/1000130.jpg,https://example.com/products/1000130
1000131,Cosco Football,Sports & Fitness,Sports,Cosco,4999,5849,15,4.7,15277,In Stock,ShopWise Sports,6 Months,Black,Polyester,10 kg,"High Durability, Lightweight, Anti-Slip","Cosco Football made from EVA Foam with high durability, lightweight, anti-slip. Suitable for fitness training and daily workouts.","Fitness, Gym, Sports",https://example.com/images/sports/1000131.jpg,https://example.com/products/1000131
1000132,Boldfit Shaker Bottle,Sports & Fitness,Accessories,Boldfit,849,1299,35,4.4,10837,In Stock,ShopWise Sports,6 Months,Green,Cotton,0.5 kg,"Premium Material, Eco-Friendly, Anti-Slip","Boldfit Shaker Bottle made from Cotton with premium material, eco-friendly, anti-slip. Suitable for fitness training and daily workouts.","Fitness, Gym, Sports",https://example.com/images/sports/1000132.jpg,https://example.com/products/1000132
1000133,Nivia Volleyball,Sports & Fitness,Sports,Nivia,3299,3999,18,4.1,8392,In Stock,ShopWise Sports,6 Months,Blue,PVC,10 kg,"Sweat Resistant, Premium Material, Professional Grade","Nivia Volleyball made from Steel with sweat resistant, premium material, professional grade. Suitable for fitness training and daily workouts.","Fitness, Gym, Sports",https://example.com/images/sports/1000133.jpg,https://example.com/products/1000133
1000134,Cosco Basketball,Sports & Fitness,Sports,Cosco,4049,4399,8,4.9,17926,In Stock,ShopWise Sports,6 Months,Red,Polyester,5 kg,"Portable, Sweat Resistant, Lightweight","Cosco Basketball made from Steel with portable, sweat resistant, lightweight. Suitable for fitness training and daily workouts.","Fitness, Gym, Sports",https://example.com/images/sports/1000134.jpg,https://example.com/products/1000134
1000135,Nike Training Mat,Sports & Fitness,Yoga,Nike,1249,1449,14,4.8,4658,In Stock,ShopWise Sports,6 Months,Blue,EVA Foam,10 kg,"Beginner Friendly, Eco-Friendly, Sweat Resistant","Nike Training Mat made from Polyester with beginner friendly, eco-friendly, sweat resistant. Suitable for fitness training and daily workouts.","Fitness, Gym, Sports",https://example.com/images/sports/1000135.jpg,https://example.com/products/1000135
1000136,Nivia Volleyball,Sports & Fitness,Sports,Nivia,849,1149,26,4.6,9887,In Stock,ShopWise Sports,6 Months,Blue,Steel,0.5 kg,"Professional Grade, Beginner Friendly, Portable","Nivia Volleyball made from Rubber with professional grade, beginner friendly, portable. Suitable for fitness training and daily workouts.","Fitness, Gym, Sports",https://example.com/images/sports/1000136.jpg,https://example.com/products/1000136
1000137,Nivia Volleyball,Sports & Fitness,Sports,Nivia,2599,2899,10,5.0,2109,In Stock,ShopWise Sports,6 Months,Green,EVA Foam,10 kg,"Anti-Slip, Portable, Lightweight","Nivia Volleyball made from PVC with anti-slip, portable, lightweight. Suitable for fitness training and daily workouts.","Fitness, Gym, Sports",https://example.com/images/sports/1000137.jpg,https://example.com/products/1000137
1000138,Nivia Football,Sports & Fitness,Sports,Nivia,3799,4099,7,4.1,14566,In Stock,ShopWise Sports,6 Months,Blue,Cotton,10 kg,"Professional Grade, Lightweight, Premium Material","Nivia Football made from EVA Foam with professional grade, lightweight, premium material. Suitable for fitness training and daily workouts.","Fitness, Gym, Sports",https://example.com/images/sports/1000138.jpg,https://example.com/products/1000138
1000139,Puma Training Bag,Sports & Fitness,Gym Accessories,Puma,2899,3649,21,4.2,12782,In Stock,ShopWise Sports,6 Months,Blue,Rubber,10 kg,"Anti-Slip, High Durability, Beginner Friendly","Puma Training Bag made from Steel with anti-slip, high durability, beginner friendly. Suitable for fitness training and daily workouts.","Fitness, Gym, Sports",https://example.com/images/sports/1000139.jpg,https://example.com/products/1000139
1000140,Nike Gym Bag,Sports & Fitness,Gym Accessories,Nike,1149,1249,8,4.2,12789,In Stock,ShopWise Sports,6 Months,Blue,Steel,2 kg,"Lightweight, Sweat Resistant, Premium Material","Nike Gym Bag made from Steel with lightweight, sweat resistant, premium material. Suitable for fitness training and daily workouts.","Fitness, Gym, Sports",https://example.com/images/sports/1000140.jpg,https://example.com/products/1000140
1000141,Boldfit Pull-up Band,Sports & Fitness,Resistance Bands,Boldfit,849,1449,41,4.0,6491,In Stock,ShopWise Sports,6 Months,Grey,EVA Foam,5 kg,"Portable, Premium Material, Professional Grade","Boldfit Pull-up Band made from Cotton with portable, premium material, professional grade. Suitable for fitness training and daily workouts.","Fitness, Gym, Sports",https://example.com/images/sports/1000141.jpg,https://example.com/products/1000141
1000142,Cosco Cricket Bat,Sports & Fitness,Sports,Cosco,4599,5299,13,4.7,5061,In Stock,ShopWise Sports,6 Months,Grey,EVA Foam,10 kg,"High Durability, Lightweight, Beginner Friendly","Cosco Cricket Bat made from Steel with high durability, lightweight, beginner friendly. Suitable for fitness training and daily workouts.","Fitness, Gym, Sports",https://example.com/images/sports/1000142.jpg,https://example.com/products/1000142
1000143,Cosco Badminton Racket,Sports & Fitness,Sports,Cosco,5749,6649,14,4.4,12926,In Stock,ShopWise Sports,6 Months,Black,PVC,5 kg,"High Durability, Premium Material, Professional Grade","Cosco Badminton Racket made from Polyester with high durability, premium material, professional grade. Suitable for fitness training and daily workouts.","Fitness, Gym, Sports",https://example.com/images/sports/1000143.jpg,https://example.com/products/1000143
1000144,Nike Training Gloves,Sports & Fitness,Gym Accessories,Nike,2599,3199,19,4.9,13132,In Stock,ShopWise Sports,6 Months,Green,Steel,5 kg,"High Durability, Portable, Professional Grade","Nike Training Gloves made from Polyester with high durability, portable, professional grade. Suitable for fitness training and daily workouts.","Fitness, Gym, Sports",https://example.com/images/sports/1000144.jpg,https://example.com/products/1000144
1000145,Puma Training Bag,Sports & Fitness,Gym Accessories,Puma,2549,3099,18,4.2,501,In Stock,ShopWise Sports,6 Months,Green,Rubber,5 kg,"Lightweight, High Durability, Sweat Resistant","Puma Training Bag made from Steel with lightweight, high durability, sweat resistant. Suitable for fitness training and daily workouts.","Fitness, Gym, Sports",https://example.com/images/sports/1000145.jpg,https://example.com/products/1000145
1000146,Decathlon Resistance Band,Sports & Fitness,Resistance Bands,Decathlon,799,1149,30,4.4,1926,In Stock,ShopWise Sports,6 Months,Red,Polyester,2 kg,"Portable, Professional Grade, Eco-Friendly","Decathlon Resistance Band made from Cotton with portable, professional grade, eco-friendly. Suitable for fitness training and daily workouts.","Fitness, Gym, Sports",https://example.com/images/sports/1000146.jpg,https://example.com/products/1000146
1000147,Cosco Cricket Bat,Sports & Fitness,Sports,Cosco,4499,4649,3,4.5,11068,In Stock,ShopWise Sports,6 Months,Grey,EVA Foam,2 kg,"Lightweight, Professional Grade, Premium Material","Cosco Cricket Bat made from PVC with lightweight, professional grade, premium material. Suitable for fitness training and daily workouts.","Fitness, Gym, Sports",https://example.com/images/sports/1000147.jpg,https://example.com/products/1000147
1000148,Cosco Football,Sports & Fitness,Sports,Cosco,5599,6499,14,4.7,4055,In Stock,ShopWise Sports,6 Months,Red,Polyester,5 kg,"Sweat Resistant, Eco-Friendly, Premium Material","Cosco Football made from Cotton with sweat resistant, eco-friendly, premium material. Suitable for fitness training and daily workouts.","Fitness, Gym, Sports",https://example.com/images/sports/1000148.jpg,https://example.com/products/1000148
1000149,Adidas Training Gloves,Sports & Fitness,Gym Accessories,Adidas,1249,2149,42,4.3,559,In Stock,ShopWise Sports,6 Months,Grey,Steel,2 kg,"Lightweight, Eco-Friendly, Professional Grade","Adidas Training Gloves made from Cotton with lightweight, eco-friendly, professional grade. Suitable for fitness training and daily workouts.","Fitness, Gym, Sports",https://example.com/images/sports/1000149.jpg,https://example.com/products/1000149
1000150,Boldfit Shaker Bottle,Sports & Fitness,Accessories,Boldfit,999,1249,20,4.4,12777,In Stock,ShopWise Sports,6 Months,Green,PVC,1 kg,"Anti-Slip, Portable, Premium Material","Boldfit Shaker Bottle made from Polyester with anti-slip, portable, premium material. Suitable for fitness training and daily workouts.","Fitness, Gym, Sports",https://example.com/images/sports/1000150.jpg,https://example.com/products/1000150
1000151,Cosco Cricket Bat,Sports & Fitness,Sports,Cosco,549,849,35,4.6,18884,In Stock,ShopWise Sports,6 Months,Grey,Steel,0.5 kg,"Eco-Friendly, Portable, Beginner Friendly","Cosco Cricket Bat made from Polyester with eco-friendly, portable, beginner friendly. Suitable for fitness training and daily workouts.","Fitness, Gym, Sports",https://example.com/images/sports/1000151.jpg,https://example.com/products/1000151
1000152,Adidas Gym Bag,Sports & Fitness,Gym Accessories,Adidas,2049,2899,29,4.5,6150,In Stock,ShopWise Sports,6 Months,Green,PVC,2 kg,"Eco-Friendly, Professional Grade, Anti-Slip","Adidas Gym Bag made from PVC with eco-friendly, professional grade, anti-slip. Suitable for fitness training and daily workouts.","Fitness, Gym, Sports",https://example.com/images/sports/1000152.jpg,https://example.com/products/1000152
1000153,Adidas Gym Bag,Sports & Fitness,Gym Accessories,Adidas,1599,2299,30,4.8,10431,In Stock,ShopWise Sports,6 Months,Red,Cotton,0.5 kg,"Sweat Resistant, Portable, Premium Material","Adidas Gym Bag made from Polyester with sweat resistant, portable, premium material. Suitable for fitness training and daily workouts.","Fitness, Gym, Sports",https://example.com/images/sports/1000153.jpg,https://example.com/products/1000153
1000154,Puma Sports Bottle,Sports & Fitness,Accessories,Puma,199,849,77,4.6,14877,In Stock,ShopWise Sports,6 Months,Blue,Steel,10 kg,"Anti-Slip, Beginner Friendly, Professional Grade","Puma Sports Bottle made from Polyester with anti-slip, beginner friendly, professional grade. Suitable for fitness training and daily workouts.","Fitness, Gym, Sports",https://example.com/images/sports/1000154.jpg,https://example.com/products/1000154
1000155,Nike Training Gloves,Sports & Fitness,Gym Accessories,Nike,999,1899,47,4.3,19745,In Stock,ShopWise Sports,6 Months,Red,Polyester,2 kg,"Beginner Friendly, Premium Material, Eco-Friendly","Nike Training Gloves made from EVA Foam with beginner friendly, premium material, eco-friendly. Suitable for fitness training and daily workouts.","Fitness, Gym, Sports",https://example.com/images/sports/1000155.jpg,https://example.com/products/1000155
1000156,Puma Yoga Mat,Sports & Fitness,Yoga,Puma,1899,2549,26,4.0,9952,In Stock,ShopWise Sports,6 Months,Black,PVC,0.5 kg,"Professional Grade, Beginner Friendly, Eco-Friendly","Puma Yoga Mat made from PVC with professional grade, beginner friendly, eco-friendly. Suitable for fitness training and daily workouts.","Fitness, Gym, Sports",https://example.com/images/sports/1000156.jpg,https://example.com/products/1000156
1000157,USI Weight Plate,Sports & Fitness,Strength,USI,3699,3999,8,4.8,16135,In Stock,ShopWise Sports,6 Months,Green,PVC,10 kg,"Premium Material, Eco-Friendly, Lightweight","USI Weight Plate made from EVA Foam with premium material, eco-friendly, lightweight. Suitable for fitness training and daily workouts.","Fitness, Gym, Sports",https://example.com/images/sports/1000157.jpg,https://example.com/products/1000157
1000158,Nivia Shin Guard,Sports & Fitness,Sports,Nivia,3599,4099,12,4.5,11847,In Stock,ShopWise Sports,6 Months,Green,EVA Foam,1 kg,"High Durability, Lightweight, Professional Grade","Nivia Shin Guard made from Polyester with high durability, lightweight, professional grade. Suitable for fitness training and daily workouts.","Fitness, Gym, Sports",https://example.com/images/sports/1000158.jpg,https://example.com/products/1000158
1000159,Adidas Training Gloves,Sports & Fitness,Gym Accessories,Adidas,2499,3249,23,4.8,3271,In Stock,ShopWise Sports,6 Months,Blue,Polyester,5 kg,"Eco-Friendly, Sweat Resistant, High Durability","Adidas Training Gloves made from Cotton with eco-friendly, sweat resistant, high durability. Suitable for fitness training and daily workouts.","Fitness, Gym, Sports",https://example.com/images/sports/1000159.jpg,https://example.com/products/1000159
1000160,Nivia Shin Guard,Sports & Fitness,Sports,Nivia,4349,5299,18,4.6,18023,In Stock,ShopWise Sports,6 Months,Black,PVC,0.5 kg,"Anti-Slip, Portable, High Durability","Nivia Shin Guard made from EVA Foam with anti-slip, portable, high durability. Suitable for fitness training and daily workouts.","Fitness, Gym, Sports",https://example.com/images/sports/1000160.jpg,https://example.com/products/1000160
1000161,Nivia Shin Guard,Sports & Fitness,Sports,Nivia,5249,5549,5,4.1,14358,In Stock,ShopWise Sports,6 Months,Red,Rubber,2 kg,"Eco-Friendly, Professional Grade, Beginner Friendly","Nivia Shin Guard made from Polyester with eco-friendly, professional grade, beginner friendly. Suitable for fitness training and daily workouts.","Fitness, Gym, Sports",https://example.com/images/sports/1000161.jpg,https://example.com/products/1000161
1000162,Decathlon Yoga Mat,Sports & Fitness,Yoga,Decathlon,1849,2299,20,4.7,12801,In Stock,ShopWise Sports,6 Months,Blue,Polyester,0.5 kg,"Beginner Friendly, Eco-Friendly, Premium Material","Decathlon Yoga Mat made from Steel with beginner friendly, eco-friendly, premium material. Suitable for fitness training and daily workouts.","Fitness, Gym, Sports",https://example.com/images/sports/1000162.jpg,https://example.com/products/1000162
1000163,Decathlon Yoga Mat,Sports & Fitness,Yoga,Decathlon,949,1299,27,4.2,9871,In Stock,ShopWise Sports,6 Months,Blue,PVC,0.5 kg,"Portable, Premium Material, Sweat Resistant","Decathlon Yoga Mat made from PVC with portable, premium material, sweat resistant. Suitable for fitness training and daily workouts.","Fitness, Gym, Sports",https://example.com/images/sports/1000163.jpg,https://example.com/products/1000163
1000164,Puma Yoga Mat,Sports & Fitness,Yoga,Puma,1999,2899,31,4.2,19515,In Stock,ShopWise Sports,6 Months,Green,Polyester,2 kg,"Sweat Resistant, Professional Grade, Lightweight","Puma Yoga Mat made from EVA Foam with sweat resistant, professional grade, lightweight. Suitable for fitness training and daily workouts.","Fitness, Gym, Sports",https://example.com/images/sports/1000164.jpg,https://example.com/products/1000164
1000165,Nike Running Bottle,Sports & Fitness,Accessories,Nike,1249,1449,14,5.0,17461,In Stock,ShopWise Sports,6 Months,Black,PVC,1 kg,"Beginner Friendly, Sweat Resistant, Lightweight","Nike Running Bottle made from Rubber with beginner friendly, sweat resistant, lightweight. Suitable for fitness training and daily workouts.","Fitness, Gym, Sports",https://example.com/images/sports/1000165.jpg,https://example.com/products/1000165
1000166,Puma Training Bag,Sports & Fitness,Gym Accessories,Puma,549,849,35,4.3,3005,In Stock,ShopWise Sports,6 Months,Red,EVA Foam,10 kg,"Lightweight, Professional Grade, High Durability","Puma Training Bag made from Rubber with lightweight, professional grade, high durability. Suitable for fitness training and daily workouts.","Fitness, Gym, Sports",https://example.com/images/sports/1000166.jpg,https://example.com/products/1000166
1000167,Nivia Football,Sports & Fitness,Sports,Nivia,1049,1649,36,4.6,17953,In Stock,ShopWise Sports,6 Months,Blue,Cotton,5 kg,"Eco-Friendly, High Durability, Beginner Friendly","Nivia Football made from Rubber with eco-friendly, high durability, beginner friendly. Suitable for fitness training and daily workouts.","Fitness, Gym, Sports",https://example.com/images/sports/1000167.jpg,https://example.com/products/1000167
1000168,Adidas Resistance Band,Sports & Fitness,Resistance Bands,Adidas,749,949,21,4.0,2718,In Stock,ShopWise Sports,6 Months,Green,PVC,1 kg,"Beginner Friendly, Anti-Slip, Premium Material","Adidas Resistance Band made from Polyester with beginner friendly, anti-slip, premium material. Suitable for fitness training and daily workouts.","Fitness, Gym, Sports",https://example.com/images/sports/1000168.jpg,https://example.com/products/1000168
1000169,Boldfit Pull-up Band,Sports & Fitness,Resistance Bands,Boldfit,399,1099,64,4.6,14781,In Stock,ShopWise Sports,6 Months,Black,EVA Foam,2 kg,"Sweat Resistant, Anti-Slip, Lightweight","Boldfit Pull-up Band made from Rubber with sweat resistant, anti-slip, lightweight. Suitable for fitness training and daily workouts.","Fitness, Gym, Sports",https://example.com/images/sports/1000169.jpg,https://example.com/products/1000169
1000170,Nivia Volleyball,Sports & Fitness,Sports,Nivia,3899,4299,9,4.4,18273,In Stock,ShopWise Sports,6 Months,Blue,Rubber,1 kg,"Beginner Friendly, Anti-Slip, Portable","Nivia Volleyball made from EVA Foam with beginner friendly, anti-slip, portable. Suitable for fitness training and daily workouts.","Fitness, Gym, Sports",https://example.com/images/sports/1000170.jpg,https://example.com/products/1000170
1000171,Nike Training Gloves,Sports & Fitness,Gym Accessories,Nike,2449,2549,4,4.0,11060,In Stock,ShopWise Sports,6 Months,Blue,Rubber,2 kg,"Anti-Slip, Portable, Professional Grade","Nike Training Gloves made from Steel with anti-slip, portable, professional grade. Suitable for fitness training and daily workouts.","Fitness, Gym, Sports",https://example.com/images/sports/1000171.jpg,https://example.com/products/1000171
1000172,Nivia Volleyball,Sports & Fitness,Sports,Nivia,5899,6549,10,4.5,1314,In Stock,ShopWise Sports,6 Months,Black,Rubber,10 kg,"Professional Grade, Premium Material, Anti-Slip","Nivia Volleyball made from Polyester with professional grade, premium material, anti-slip. Suitable for fitness training and daily workouts.","Fitness, Gym, Sports",https://example.com/images/sports/1000172.jpg,https://example.com/products/1000172
1000173,Nike Training Gloves,Sports & Fitness,Gym Accessories,Nike,1249,1499,17,4.4,6483,In Stock,ShopWise Sports,6 Months,Black,Polyester,1 kg,"Eco-Friendly, Premium Material, Anti-Slip","Nike Training Gloves made from Polyester with eco-friendly, premium material, anti-slip. Suitable for fitness training and daily workouts.","Fitness, Gym, Sports",https://example.com/images/sports/1000173.jpg,https://example.com/products/1000173
1000174,Decathlon Resistance Band,Sports & Fitness,Resistance Bands,Decathlon,1499,2099,29,4.8,9144,In Stock,ShopWise Sports,6 Months,Red,Cotton,0.5 kg,"Anti-Slip, Portable, High Durability","Decathlon Resistance Band made from Steel with anti-slip, portable, high durability. Suitable for fitness training and daily workouts.","Fitness, Gym, Sports",https://example.com/images/sports/1000174.jpg,https://example.com/products/1000174
1000175,USI Weight Plate,Sports & Fitness,Strength,USI,6899,6999,1,4.6,13283,In Stock,ShopWise Sports,6 Months,Black,Cotton,1 kg,"Portable, Premium Material, Sweat Resistant","USI Weight Plate made from EVA Foam with portable, premium material, sweat resistant. Suitable for fitness training and daily workouts.","Fitness, Gym, Sports",https://example.com/images/sports/1000175.jpg,https://example.com/products/1000175
1000176,Puma Sports Bottle,Sports & Fitness,Accessories,Puma,1449,1699,15,4.2,17829,In Stock,ShopWise Sports,6 Months,Red,EVA Foam,2 kg,"Eco-Friendly, Professional Grade, Beginner Friendly","Puma Sports Bottle made from Cotton with eco-friendly, professional grade, beginner friendly. Suitable for fitness training and daily workouts.","Fitness, Gym, Sports",https://example.com/images/sports/1000176.jpg,https://example.com/products/1000176
1000177,Boldfit Yoga Mat,Sports & Fitness,Yoga,Boldfit,599,999,40,4.9,13101,In Stock,ShopWise Sports,6 Months,Green,Rubber,0.5 kg,"Beginner Friendly, Eco-Friendly, High Durability","Boldfit Yoga Mat made from Cotton with beginner friendly, eco-friendly, high durability. Suitable for fitness training and daily workouts.","Fitness, Gym, Sports",https://example.com/images/sports/1000177.jpg,https://example.com/products/1000177
1000178,Boldfit Shaker Bottle,Sports & Fitness,Accessories,Boldfit,399,1099,64,4.6,3233,In Stock,ShopWise Sports,6 Months,Grey,Rubber,10 kg,"High Durability, Premium Material, Professional Grade","Boldfit Shaker Bottle made from Steel with high durability, premium material, professional grade. Suitable for fitness training and daily workouts.","Fitness, Gym, Sports",https://example.com/images/sports/1000178.jpg,https://example.com/products/1000178
1000179,Adidas Training Gloves,Sports & Fitness,Gym Accessories,Adidas,2299,2849,19,4.6,11382,In Stock,ShopWise Sports,6 Months,Blue,EVA Foam,0.5 kg,"Sweat Resistant, Lightweight, Eco-Friendly","Adidas Training Gloves made from EVA Foam with sweat resistant, lightweight, eco-friendly. Suitable for fitness training and daily workouts.","Fitness, Gym, Sports",https://example.com/images/sports/1000179.jpg,https://example.com/products/1000179
1000180,Adidas Resistance Band,Sports & Fitness,Resistance Bands,Adidas,599,1549,61,4.9,50,In Stock,ShopWise Sports,6 Months,Green,PVC,5 kg,"Sweat Resistant, High Durability, Premium Material","Adidas Resistance Band made from Polyester with sweat resistant, high durability, premium material. Suitable for fitness training and daily workouts.","Fitness, Gym, Sports",https://example.com/images/sports/1000180.jpg,https://example.com/products/1000180
1000181,Puma Yoga Mat,Sports & Fitness,Yoga,Puma,1699,1949,13,4.7,9523,In Stock,ShopWise Sports,6 Months,Red,Polyester,2 kg,"Beginner Friendly, Sweat Resistant, Portable","Puma Yoga Mat made from EVA Foam with beginner friendly, sweat resistant, portable. Suitable for fitness training and daily workouts.","Fitness, Gym, Sports",https://example.com/images/sports/1000181.jpg,https://example.com/products/1000181
1000182,Nike Gym Bag,Sports & Fitness,Gym Accessories,Nike,2549,3199,20,4.2,12457,In Stock,ShopWise Sports,6 Months,Grey,Rubber,0.5 kg,"Premium Material, Professional Grade, Sweat Resistant","Nike Gym Bag made from Rubber with premium material, professional grade, sweat resistant. Suitable for fitness training and daily workouts.","Fitness, Gym, Sports",https://example.com/images/sports/1000182.jpg,https://example.com/products/1000182
1000183,Puma Yoga Mat,Sports & Fitness,Yoga,Puma,1549,1799,14,4.2,9612,In Stock,ShopWise Sports,6 Months,Red,PVC,5 kg,"Professional Grade, Anti-Slip, High Durability","Puma Yoga Mat made from Polyester with professional grade, anti-slip, high durability. Suitable for fitness training and daily workouts.","Fitness, Gym, Sports",https://example.com/images/sports/1000183.jpg,https://example.com/products/1000183
1000184,Boldfit Yoga Mat,Sports & Fitness,Yoga,Boldfit,2349,2499,6,4.8,10303,In Stock,ShopWise Sports,6 Months,Black,PVC,2 kg,"Sweat Resistant, Anti-Slip, Beginner Friendly","Boldfit Yoga Mat made from EVA Foam with sweat resistant, anti-slip, beginner friendly. Suitable for fitness training and daily workouts.","Fitness, Gym, Sports",https://example.com/images/sports/1000184.jpg,https://example.com/products/1000184
1000185,USI Weight Plate,Sports & Fitness,Strength,USI,3699,4649,20,4.4,7233,In Stock,ShopWise Sports,6 Months,Green,EVA Foam,10 kg,"Portable, Beginner Friendly, Eco-Friendly","USI Weight Plate made from PVC with portable, beginner friendly, eco-friendly. Suitable for fitness training and daily workouts.","Fitness, Gym, Sports",https://example.com/images/sports/1000185.jpg,https://example.com/products/1000185
1000186,Nivia Volleyball,Sports & Fitness,Sports,Nivia,1399,1849,24,4.2,1052,In Stock,ShopWise Sports,6 Months,Black,EVA Foam,2 kg,"Lightweight, Sweat Resistant, Eco-Friendly","Nivia Volleyball made from Steel with lightweight, sweat resistant, eco-friendly. Suitable for fitness training and daily workouts.","Fitness, Gym, Sports",https://example.com/images/sports/1000186.jpg,https://example.com/products/1000186
1000187,Cosco Badminton Racket,Sports & Fitness,Sports,Cosco,2899,3049,5,4.1,5446,In Stock,ShopWise Sports,6 Months,Grey,Polyester,5 kg,"Sweat Resistant, Beginner Friendly, Premium Material","Cosco Badminton Racket made from Steel with sweat resistant, beginner friendly, premium material. Suitable for fitness training and daily workouts.","Fitness, Gym, Sports",https://example.com/images/sports/1000187.jpg,https://example.com/products/1000187
1000188,Nike Running Bottle,Sports & Fitness,Accessories,Nike,1099,1999,45,4.3,893,In Stock,ShopWise Sports,6 Months,Blue,Rubber,5 kg,"Professional Grade, Eco-Friendly, Lightweight","Nike Running Bottle made from EVA Foam with professional grade, eco-friendly, lightweight. Suitable for fitness training and daily workouts.","Fitness, Gym, Sports",https://example.com/images/sports/1000188.jpg,https://example.com/products/1000188
1000189,Puma Sports Bottle,Sports & Fitness,Accessories,Puma,549,1199,54,4.4,380,In Stock,ShopWise Sports,6 Months,Red,PVC,1 kg,"Eco-Friendly, High Durability, Premium Material","Puma Sports Bottle made from Cotton with eco-friendly, high durability, premium material. Suitable for fitness training and daily workouts.","Fitness, Gym, Sports",https://example.com/images/sports/1000189.jpg,https://example.com/products/1000189
1000190,Boldfit Yoga Mat,Sports & Fitness,Yoga,Boldfit,1999,2949,32,4.8,14065,In Stock,ShopWise Sports,6 Months,Blue,EVA Foam,5 kg,"Lightweight, Sweat Resistant, Eco-Friendly","Boldfit Yoga Mat made from Cotton with lightweight, sweat resistant, eco-friendly. Suitable for fitness training and daily workouts.","Fitness, Gym, Sports",https://example.com/images/sports/1000190.jpg,https://example.com/products/1000190
1000191,USI Weight Plate,Sports & Fitness,Strength,USI,7499,7899,5,4.0,11075,In Stock,ShopWise Sports,6 Months,Red,Cotton,5 kg,"Beginner Friendly, Sweat Resistant, Lightweight","USI Weight Plate made from Steel with beginner friendly, sweat resistant, lightweight. Suitable for fitness training and daily workouts.","Fitness, Gym, Sports",https://example.com/images/sports/1000191.jpg,https://example.com/products/1000191
1000192,Cosco Cricket Bat,Sports & Fitness,Sports,Cosco,549,1049,48,4.1,6663,In Stock,ShopWise Sports,6 Months,Red,Polyester,0.5 kg,"High Durability, Eco-Friendly, Premium Material","Cosco Cricket Bat made from Steel with high durability, eco-friendly, premium material. Suitable for fitness training and daily workouts.","Fitness, Gym, Sports",https://example.com/images/sports/1000192.jpg,https://example.com/products/1000192
1000193,Decathlon Yoga Mat,Sports & Fitness,Yoga,Decathlon,1599,1999,20,4.2,486,In Stock,ShopWise Sports,6 Months,Black,Rubber,0.5 kg,"Premium Material, High Durability, Eco-Friendly","Decathlon Yoga Mat made from Cotton with premium material, high durability, eco-friendly. Suitable for fitness training and daily workouts.","Fitness, Gym, Sports",https://example.com/images/sports/1000193.jpg,https://example.com/products/1000193
1000194,Nike Running Bottle,Sports & Fitness,Accessories,Nike,899,1599,44,4.4,18207,In Stock,ShopWise Sports,6 Months,Red,Steel,2 kg,"Anti-Slip, Sweat Resistant, Professional Grade","Nike Running Bottle made from PVC with anti-slip, sweat resistant, professional grade. Suitable for fitness training and daily workouts.","Fitness, Gym, Sports",https://example.com/images/sports/1000194.jpg,https://example.com/products/1000194
1000195,Adidas Resistance Band,Sports & Fitness,Resistance Bands,Adidas,549,1299,58,4.2,15526,In Stock,ShopWise Sports,6 Months,Red,Polyester,1 kg,"Premium Material, Eco-Friendly, Lightweight","Adidas Resistance Band made from Cotton with premium material, eco-friendly, lightweight. Suitable for fitness training and daily workouts.","Fitness, Gym, Sports",https://example.com/images/sports/1000195.jpg,https://example.com/products/1000195
1000196,Boldfit Shaker Bottle,Sports & Fitness,Accessories,Boldfit,999,1949,49,4.4,3095,In Stock,ShopWise Sports,6 Months,Blue,Rubber,0.5 kg,"Professional Grade, Portable, Premium Material","Boldfit Shaker Bottle made from Cotton with professional grade, portable, premium material. Suitable for fitness training and daily workouts.","Fitness, Gym, Sports",https://example.com/images/sports/1000196.jpg,https://example.com/products/1000196
1000197,Decathlon Resistance Band,Sports & Fitness,Resistance Bands,Decathlon,549,1499,63,4.9,9608,In Stock,ShopWise Sports,6 Months,Red,Rubber,5 kg,"Portable, Professional Grade, Lightweight","Decathlon Resistance Band made from Cotton with portable, professional grade, lightweight. Suitable for fitness training and daily workouts.","Fitness, Gym, Sports",https://example.com/images/sports/1000197.jpg,https://example.com/products/1000197
1000198,Nivia Football,Sports & Fitness,Sports,Nivia,5099,5749,11,4.1,2102,In Stock,ShopWise Sports,6 Months,Grey,PVC,10 kg,"Anti-Slip, Lightweight, Beginner Friendly","Nivia Football made from EVA Foam with anti-slip, lightweight, beginner friendly. Suitable for fitness training and daily workouts.","Fitness, Gym, Sports",https://example.com/images/sports/1000198.jpg,https://example.com/products/1000198
1000199,Nike Training Gloves,Sports & Fitness,Gym Accessories,Nike,1699,2449,31,4.7,9958,In Stock,ShopWise Sports,6 Months,Green,PVC,2 kg,"Beginner Friendly, Professional Grade, Lightweight","Nike Training Gloves made from Polyester with beginner friendly, professional grade, lightweight. Suitable for fitness training and daily workouts.","Fitness, Gym, Sports",https://example.com/images/sports/1000199.jpg,https://example.com/products/1000199
1000200,Boldfit Foam Roller,Sports & Fitness,Recovery,Boldfit,2199,2549,14,4.4,5387,In Stock,ShopWise Sports,6 Months,Red,Polyester,10 kg,"Premium Material, Lightweight, Beginner Friendly","Boldfit Foam Roller made from Cotton with premium material, lightweight, beginner friendly. Suitable for fitness training and daily workouts.","Fitness, Gym, Sports",https://example.com/images/sports/1000200.jpg,https://example.com/products/1000200
